ISO-10303-21;
HEADER;
/* Generated by software containing ST-Developer
 * from STEP Tools, Inc. (www.steptools.com) 
 */

FILE_DESCRIPTION(
/* description */ (''),
/* implementation_level */ '2;1');

FILE_NAME(
/* name */ 'USB 6 Port Smart Hub Case Top.step',
/* time_stamp */ '2026-10-05T14:18:13+11:00',
/* author */ (''),
/* organization */ (''),
/* preprocessor_version */ 'ST-DEVELOPER v20.2',
/* originating_system */ 'Autodesk Translation Framework v15.15.0.0',
/* authorisation */ '');

FILE_SCHEMA (('AUTOMOTIVE_DESIGN { 1 0 10303 214 3 1 1 }'));
ENDSEC;

DATA;
#10=MECHANICAL_DESIGN_GEOMETRIC_PRESENTATION_REPRESENTATION('',(#13),#9021);
#11=SHAPE_REPRESENTATION_RELATIONSHIP('SRR','None',#9027,#12);
#12=ADVANCED_BREP_SHAPE_REPRESENTATION('',(#14),#9020);
#13=STYLED_ITEM('',(#9037),#14);
#14=MANIFOLD_SOLID_BREP('SmartHUB_6_Top_03',#5630);
#15=CONICAL_SURFACE('',#5792,1.7300000000834,0.785398163397447);
#16=CONICAL_SURFACE('',#5794,1.73000000008339,0.785398163397439);
#17=CONICAL_SURFACE('',#5796,1.73000000020411,0.785398163397439);
#18=CONICAL_SURFACE('',#5798,1.7300000002041,0.785398163397436);
#19=CONICAL_SURFACE('',#5800,1.73000000008339,0.785398163397447);
#20=CONICAL_SURFACE('',#5802,1.73000000020411,0.785398163397447);
#21=CONICAL_SURFACE('',#5804,1.7300000002041,0.785398163397445);
#22=CONICAL_SURFACE('',#5806,1.7300000000834,0.785398163397446);
#23=CONICAL_SURFACE('',#5808,1.73000000008339,0.785398163397447);
#24=CONICAL_SURFACE('',#5810,1.73000000020411,0.785398163397447);
#25=CONICAL_SURFACE('',#5812,1.7300000002041,0.785398163397445);
#26=CONICAL_SURFACE('',#5814,1.7300000000834,0.785398163397447);
#27=CONICAL_SURFACE('',#5816,1.7300000002041,0.785398163397436);
#28=CONICAL_SURFACE('',#5818,1.7300000000834,0.785398163397447);
#29=CONICAL_SURFACE('',#5820,1.73000000008339,0.785398163397439);
#30=CONICAL_SURFACE('',#5822,1.73000000020411,0.785398163397439);
#31=CONICAL_SURFACE('',#5824,1.73000000008339,0.785398163397444);
#32=CONICAL_SURFACE('',#5826,1.73000000020411,0.785398163397444);
#33=CONICAL_SURFACE('',#5828,1.7300000002041,0.785398163397445);
#34=CONICAL_SURFACE('',#5830,1.7300000000834,0.785398163397446);
#35=CONICAL_SURFACE('',#5832,1.73000000008339,0.785398163397439);
#36=CONICAL_SURFACE('',#5834,1.73000000020411,0.785398163397439);
#37=CONICAL_SURFACE('',#5836,1.7300000002041,0.785398163397436);
#38=CONICAL_SURFACE('',#5838,1.7300000000834,0.785398163397447);
#39=CYLINDRICAL_SURFACE('',#5681,1.75);
#40=CYLINDRICAL_SURFACE('',#5683,1.75);
#41=CYLINDRICAL_SURFACE('',#5685,1.75);
#42=CYLINDRICAL_SURFACE('',#5695,1.5800000000834);
#43=CYLINDRICAL_SURFACE('',#5699,1.5800000002041);
#44=CYLINDRICAL_SURFACE('',#5703,1.58000000020411);
#45=CYLINDRICAL_SURFACE('',#5707,1.58000000008339);
#46=CYLINDRICAL_SURFACE('',#5711,1.5800000000834);
#47=CYLINDRICAL_SURFACE('',#5715,1.5800000002041);
#48=CYLINDRICAL_SURFACE('',#5719,1.58000000020411);
#49=CYLINDRICAL_SURFACE('',#5723,1.58000000008339);
#50=CYLINDRICAL_SURFACE('',#5727,1.5800000000834);
#51=CYLINDRICAL_SURFACE('',#5731,1.5800000002041);
#52=CYLINDRICAL_SURFACE('',#5735,1.58000000020411);
#53=CYLINDRICAL_SURFACE('',#5739,1.58000000008339);
#54=CYLINDRICAL_SURFACE('',#5743,1.5800000000834);
#55=CYLINDRICAL_SURFACE('',#5747,1.5800000002041);
#56=CYLINDRICAL_SURFACE('',#5751,1.58000000020411);
#57=CYLINDRICAL_SURFACE('',#5755,1.58000000008339);
#58=CYLINDRICAL_SURFACE('',#5759,1.5800000000834);
#59=CYLINDRICAL_SURFACE('',#5763,1.5800000002041);
#60=CYLINDRICAL_SURFACE('',#5767,1.58000000020411);
#61=CYLINDRICAL_SURFACE('',#5771,1.58000000008339);
#62=CYLINDRICAL_SURFACE('',#5775,1.5800000000834);
#63=CYLINDRICAL_SURFACE('',#5779,1.5800000002041);
#64=CYLINDRICAL_SURFACE('',#5783,1.58000000020411);
#65=CYLINDRICAL_SURFACE('',#5787,1.58000000008339);
#66=CYLINDRICAL_SURFACE('',#5844,3.2);
#67=CYLINDRICAL_SURFACE('',#5850,3.2);
#68=CYLINDRICAL_SURFACE('',#5854,3.2);
#69=FACE_BOUND('',#447,.T.);
#70=FACE_BOUND('',#448,.T.);
#71=FACE_BOUND('',#449,.T.);
#72=FACE_BOUND('',#450,.T.);
#73=FACE_BOUND('',#451,.T.);
#74=FACE_BOUND('',#452,.T.);
#75=FACE_BOUND('',#464,.T.);
#76=FACE_BOUND('',#468,.T.);
#77=FACE_BOUND('',#569,.T.);
#78=FACE_BOUND('',#618,.T.);
#79=FACE_BOUND('',#619,.T.);
#80=FACE_BOUND('',#620,.T.);
#81=FACE_BOUND('',#621,.T.);
#82=FACE_BOUND('',#622,.T.);
#83=FACE_BOUND('',#623,.T.);
#84=CIRCLE('',#5647,1.8800000000834);
#85=CIRCLE('',#5648,1.8800000002041);
#86=CIRCLE('',#5649,1.8800000002041);
#87=CIRCLE('',#5650,1.88000000008338);
#88=CIRCLE('',#5651,1.8800000000834);
#89=CIRCLE('',#5652,1.8800000002041);
#90=CIRCLE('',#5653,1.88000000020411);
#91=CIRCLE('',#5654,1.88000000008339);
#92=CIRCLE('',#5655,1.8800000002041);
#93=CIRCLE('',#5656,1.88000000008338);
#94=CIRCLE('',#5657,1.8800000000834);
#95=CIRCLE('',#5658,1.8800000002041);
#96=CIRCLE('',#5659,1.8800000000834);
#97=CIRCLE('',#5660,1.8800000002041);
#98=CIRCLE('',#5661,1.88000000020411);
#99=CIRCLE('',#5662,1.88000000008339);
#100=CIRCLE('',#5663,1.8800000000834);
#101=CIRCLE('',#5664,1.8800000002041);
#102=CIRCLE('',#5665,1.88000000020411);
#103=CIRCLE('',#5666,1.88000000008339);
#104=CIRCLE('',#5667,1.8800000002041);
#105=CIRCLE('',#5668,1.8800000002041);
#106=CIRCLE('',#5669,1.88000000008338);
#107=CIRCLE('',#5670,1.8800000000834);
#108=CIRCLE('',#5676,1.75);
#109=CIRCLE('',#5678,1.75);
#110=CIRCLE('',#5680,1.75);
#111=CIRCLE('',#5682,1.75);
#112=CIRCLE('',#5684,1.75);
#113=CIRCLE('',#5686,1.75);
#114=CIRCLE('',#5688,3.2);
#115=CIRCLE('',#5692,3.2);
#116=CIRCLE('',#5696,1.5800000000834);
#117=CIRCLE('',#5697,1.5800000000834);
#118=CIRCLE('',#5700,1.5800000002041);
#119=CIRCLE('',#5701,1.5800000002041);
#120=CIRCLE('',#5704,1.58000000020411);
#121=CIRCLE('',#5705,1.58000000020411);
#122=CIRCLE('',#5708,1.58000000008339);
#123=CIRCLE('',#5709,1.58000000008339);
#124=CIRCLE('',#5712,1.5800000000834);
#125=CIRCLE('',#5713,1.5800000000834);
#126=CIRCLE('',#5716,1.5800000002041);
#127=CIRCLE('',#5717,1.5800000002041);
#128=CIRCLE('',#5720,1.58000000020411);
#129=CIRCLE('',#5721,1.58000000020411);
#130=CIRCLE('',#5724,1.58000000008339);
#131=CIRCLE('',#5725,1.58000000008339);
#132=CIRCLE('',#5728,1.5800000000834);
#133=CIRCLE('',#5729,1.5800000000834);
#134=CIRCLE('',#5732,1.5800000002041);
#135=CIRCLE('',#5733,1.5800000002041);
#136=CIRCLE('',#5736,1.58000000020411);
#137=CIRCLE('',#5737,1.58000000020411);
#138=CIRCLE('',#5740,1.58000000008339);
#139=CIRCLE('',#5741,1.58000000008339);
#140=CIRCLE('',#5744,1.5800000000834);
#141=CIRCLE('',#5745,1.5800000000834);
#142=CIRCLE('',#5748,1.5800000002041);
#143=CIRCLE('',#5749,1.5800000002041);
#144=CIRCLE('',#5752,1.58000000020411);
#145=CIRCLE('',#5753,1.58000000020411);
#146=CIRCLE('',#5756,1.58000000008339);
#147=CIRCLE('',#5757,1.58000000008339);
#148=CIRCLE('',#5760,1.5800000000834);
#149=CIRCLE('',#5761,1.5800000000834);
#150=CIRCLE('',#5764,1.5800000002041);
#151=CIRCLE('',#5765,1.5800000002041);
#152=CIRCLE('',#5768,1.58000000020411);
#153=CIRCLE('',#5769,1.58000000020411);
#154=CIRCLE('',#5772,1.58000000008339);
#155=CIRCLE('',#5773,1.58000000008339);
#156=CIRCLE('',#5776,1.5800000000834);
#157=CIRCLE('',#5777,1.5800000000834);
#158=CIRCLE('',#5780,1.5800000002041);
#159=CIRCLE('',#5781,1.5800000002041);
#160=CIRCLE('',#5784,1.58000000020411);
#161=CIRCLE('',#5785,1.58000000020411);
#162=CIRCLE('',#5788,1.58000000008339);
#163=CIRCLE('',#5789,1.58000000008339);
#164=CIRCLE('',#5841,3.2);
#165=CIRCLE('',#5845,3.2);
#166=CIRCLE('',#5851,3.2);
#167=CIRCLE('',#5855,3.2);
#168=FACE_OUTER_BOUND('',#432,.T.);
#169=FACE_OUTER_BOUND('',#433,.T.);
#170=FACE_OUTER_BOUND('',#434,.T.);
#171=FACE_OUTER_BOUND('',#435,.T.);
#172=FACE_OUTER_BOUND('',#436,.T.);
#173=FACE_OUTER_BOUND('',#437,.T.);
#174=FACE_OUTER_BOUND('',#438,.T.);
#175=FACE_OUTER_BOUND('',#439,.T.);
#176=FACE_OUTER_BOUND('',#440,.T.);
#177=FACE_OUTER_BOUND('',#441,.T.);
#178=FACE_OUTER_BOUND('',#442,.T.);
#179=FACE_OUTER_BOUND('',#443,.T.);
#180=FACE_OUTER_BOUND('',#444,.T.);
#181=FACE_OUTER_BOUND('',#445,.T.);
#182=FACE_OUTER_BOUND('',#446,.T.);
#183=FACE_OUTER_BOUND('',#453,.T.);
#184=FACE_OUTER_BOUND('',#454,.T.);
#185=FACE_OUTER_BOUND('',#455,.T.);
#186=FACE_OUTER_BOUND('',#456,.T.);
#187=FACE_OUTER_BOUND('',#457,.T.);
#188=FACE_OUTER_BOUND('',#458,.T.);
#189=FACE_OUTER_BOUND('',#459,.T.);
#190=FACE_OUTER_BOUND('',#460,.T.);
#191=FACE_OUTER_BOUND('',#461,.T.);
#192=FACE_OUTER_BOUND('',#462,.T.);
#193=FACE_OUTER_BOUND('',#463,.T.);
#194=FACE_OUTER_BOUND('',#465,.T.);
#195=FACE_OUTER_BOUND('',#466,.T.);
#196=FACE_OUTER_BOUND('',#467,.T.);
#197=FACE_OUTER_BOUND('',#469,.T.);
#198=FACE_OUTER_BOUND('',#470,.T.);
#199=FACE_OUTER_BOUND('',#471,.T.);
#200=FACE_OUTER_BOUND('',#472,.T.);
#201=FACE_OUTER_BOUND('',#473,.T.);
#202=FACE_OUTER_BOUND('',#474,.T.);
#203=FACE_OUTER_BOUND('',#475,.T.);
#204=FACE_OUTER_BOUND('',#476,.T.);
#205=FACE_OUTER_BOUND('',#477,.T.);
#206=FACE_OUTER_BOUND('',#478,.T.);
#207=FACE_OUTER_BOUND('',#479,.T.);
#208=FACE_OUTER_BOUND('',#480,.T.);
#209=FACE_OUTER_BOUND('',#481,.T.);
#210=FACE_OUTER_BOUND('',#482,.T.);
#211=FACE_OUTER_BOUND('',#483,.T.);
#212=FACE_OUTER_BOUND('',#484,.T.);
#213=FACE_OUTER_BOUND('',#485,.T.);
#214=FACE_OUTER_BOUND('',#486,.T.);
#215=FACE_OUTER_BOUND('',#487,.T.);
#216=FACE_OUTER_BOUND('',#488,.T.);
#217=FACE_OUTER_BOUND('',#489,.T.);
#218=FACE_OUTER_BOUND('',#490,.T.);
#219=FACE_OUTER_BOUND('',#491,.T.);
#220=FACE_OUTER_BOUND('',#492,.T.);
#221=FACE_OUTER_BOUND('',#493,.T.);
#222=FACE_OUTER_BOUND('',#494,.T.);
#223=FACE_OUTER_BOUND('',#495,.T.);
#224=FACE_OUTER_BOUND('',#496,.T.);
#225=FACE_OUTER_BOUND('',#497,.T.);
#226=FACE_OUTER_BOUND('',#498,.T.);
#227=FACE_OUTER_BOUND('',#499,.T.);
#228=FACE_OUTER_BOUND('',#500,.T.);
#229=FACE_OUTER_BOUND('',#501,.T.);
#230=FACE_OUTER_BOUND('',#502,.T.);
#231=FACE_OUTER_BOUND('',#503,.T.);
#232=FACE_OUTER_BOUND('',#504,.T.);
#233=FACE_OUTER_BOUND('',#505,.T.);
#234=FACE_OUTER_BOUND('',#506,.T.);
#235=FACE_OUTER_BOUND('',#507,.T.);
#236=FACE_OUTER_BOUND('',#508,.T.);
#237=FACE_OUTER_BOUND('',#509,.T.);
#238=FACE_OUTER_BOUND('',#510,.T.);
#239=FACE_OUTER_BOUND('',#511,.T.);
#240=FACE_OUTER_BOUND('',#512,.T.);
#241=FACE_OUTER_BOUND('',#513,.T.);
#242=FACE_OUTER_BOUND('',#514,.T.);
#243=FACE_OUTER_BOUND('',#515,.T.);
#244=FACE_OUTER_BOUND('',#516,.T.);
#245=FACE_OUTER_BOUND('',#517,.T.);
#246=FACE_OUTER_BOUND('',#518,.T.);
#247=FACE_OUTER_BOUND('',#519,.T.);
#248=FACE_OUTER_BOUND('',#520,.T.);
#249=FACE_OUTER_BOUND('',#521,.T.);
#250=FACE_OUTER_BOUND('',#522,.T.);
#251=FACE_OUTER_BOUND('',#523,.T.);
#252=FACE_OUTER_BOUND('',#524,.T.);
#253=FACE_OUTER_BOUND('',#525,.T.);
#254=FACE_OUTER_BOUND('',#526,.T.);
#255=FACE_OUTER_BOUND('',#527,.T.);
#256=FACE_OUTER_BOUND('',#528,.T.);
#257=FACE_OUTER_BOUND('',#529,.T.);
#258=FACE_OUTER_BOUND('',#530,.T.);
#259=FACE_OUTER_BOUND('',#531,.T.);
#260=FACE_OUTER_BOUND('',#532,.T.);
#261=FACE_OUTER_BOUND('',#533,.T.);
#262=FACE_OUTER_BOUND('',#534,.T.);
#263=FACE_OUTER_BOUND('',#535,.T.);
#264=FACE_OUTER_BOUND('',#536,.T.);
#265=FACE_OUTER_BOUND('',#537,.T.);
#266=FACE_OUTER_BOUND('',#538,.T.);
#267=FACE_OUTER_BOUND('',#539,.T.);
#268=FACE_OUTER_BOUND('',#540,.T.);
#269=FACE_OUTER_BOUND('',#541,.T.);
#270=FACE_OUTER_BOUND('',#542,.T.);
#271=FACE_OUTER_BOUND('',#543,.T.);
#272=FACE_OUTER_BOUND('',#544,.T.);
#273=FACE_OUTER_BOUND('',#545,.T.);
#274=FACE_OUTER_BOUND('',#546,.T.);
#275=FACE_OUTER_BOUND('',#547,.T.);
#276=FACE_OUTER_BOUND('',#548,.T.);
#277=FACE_OUTER_BOUND('',#549,.T.);
#278=FACE_OUTER_BOUND('',#550,.T.);
#279=FACE_OUTER_BOUND('',#551,.T.);
#280=FACE_OUTER_BOUND('',#552,.T.);
#281=FACE_OUTER_BOUND('',#553,.T.);
#282=FACE_OUTER_BOUND('',#554,.T.);
#283=FACE_OUTER_BOUND('',#555,.T.);
#284=FACE_OUTER_BOUND('',#556,.T.);
#285=FACE_OUTER_BOUND('',#557,.T.);
#286=FACE_OUTER_BOUND('',#558,.T.);
#287=FACE_OUTER_BOUND('',#559,.T.);
#288=FACE_OUTER_BOUND('',#560,.T.);
#289=FACE_OUTER_BOUND('',#561,.T.);
#290=FACE_OUTER_BOUND('',#562,.T.);
#291=FACE_OUTER_BOUND('',#563,.T.);
#292=FACE_OUTER_BOUND('',#564,.T.);
#293=FACE_OUTER_BOUND('',#565,.T.);
#294=FACE_OUTER_BOUND('',#566,.T.);
#295=FACE_OUTER_BOUND('',#567,.T.);
#296=FACE_OUTER_BOUND('',#568,.T.);
#297=FACE_OUTER_BOUND('',#570,.T.);
#298=FACE_OUTER_BOUND('',#571,.T.);
#299=FACE_OUTER_BOUND('',#572,.T.);
#300=FACE_OUTER_BOUND('',#573,.T.);
#301=FACE_OUTER_BOUND('',#574,.T.);
#302=FACE_OUTER_BOUND('',#575,.T.);
#303=FACE_OUTER_BOUND('',#576,.T.);
#304=FACE_OUTER_BOUND('',#577,.T.);
#305=FACE_OUTER_BOUND('',#578,.T.);
#306=FACE_OUTER_BOUND('',#579,.T.);
#307=FACE_OUTER_BOUND('',#580,.T.);
#308=FACE_OUTER_BOUND('',#581,.T.);
#309=FACE_OUTER_BOUND('',#582,.T.);
#310=FACE_OUTER_BOUND('',#583,.T.);
#311=FACE_OUTER_BOUND('',#584,.T.);
#312=FACE_OUTER_BOUND('',#585,.T.);
#313=FACE_OUTER_BOUND('',#586,.T.);
#314=FACE_OUTER_BOUND('',#587,.T.);
#315=FACE_OUTER_BOUND('',#588,.T.);
#316=FACE_OUTER_BOUND('',#589,.T.);
#317=FACE_OUTER_BOUND('',#590,.T.);
#318=FACE_OUTER_BOUND('',#591,.T.);
#319=FACE_OUTER_BOUND('',#592,.T.);
#320=FACE_OUTER_BOUND('',#593,.T.);
#321=FACE_OUTER_BOUND('',#594,.T.);
#322=FACE_OUTER_BOUND('',#595,.T.);
#323=FACE_OUTER_BOUND('',#596,.T.);
#324=FACE_OUTER_BOUND('',#597,.T.);
#325=FACE_OUTER_BOUND('',#598,.T.);
#326=FACE_OUTER_BOUND('',#599,.T.);
#327=FACE_OUTER_BOUND('',#600,.T.);
#328=FACE_OUTER_BOUND('',#601,.T.);
#329=FACE_OUTER_BOUND('',#602,.T.);
#330=FACE_OUTER_BOUND('',#603,.T.);
#331=FACE_OUTER_BOUND('',#604,.T.);
#332=FACE_OUTER_BOUND('',#605,.T.);
#333=FACE_OUTER_BOUND('',#606,.T.);
#334=FACE_OUTER_BOUND('',#607,.T.);
#335=FACE_OUTER_BOUND('',#608,.T.);
#336=FACE_OUTER_BOUND('',#609,.T.);
#337=FACE_OUTER_BOUND('',#610,.T.);
#338=FACE_OUTER_BOUND('',#611,.T.);
#339=FACE_OUTER_BOUND('',#612,.T.);
#340=FACE_OUTER_BOUND('',#613,.T.);
#341=FACE_OUTER_BOUND('',#614,.T.);
#342=FACE_OUTER_BOUND('',#615,.T.);
#343=FACE_OUTER_BOUND('',#616,.T.);
#344=FACE_OUTER_BOUND('',#617,.T.);
#345=FACE_OUTER_BOUND('',#624,.T.);
#346=FACE_OUTER_BOUND('',#625,.T.);
#347=FACE_OUTER_BOUND('',#626,.T.);
#348=FACE_OUTER_BOUND('',#627,.T.);
#349=FACE_OUTER_BOUND('',#628,.T.);
#350=FACE_OUTER_BOUND('',#629,.T.);
#351=FACE_OUTER_BOUND('',#630,.T.);
#352=FACE_OUTER_BOUND('',#631,.T.);
#353=FACE_OUTER_BOUND('',#632,.T.);
#354=FACE_OUTER_BOUND('',#633,.T.);
#355=FACE_OUTER_BOUND('',#634,.T.);
#356=FACE_OUTER_BOUND('',#635,.T.);
#357=FACE_OUTER_BOUND('',#636,.T.);
#358=FACE_OUTER_BOUND('',#637,.T.);
#359=FACE_OUTER_BOUND('',#638,.T.);
#360=FACE_OUTER_BOUND('',#639,.T.);
#361=FACE_OUTER_BOUND('',#640,.T.);
#362=FACE_OUTER_BOUND('',#641,.T.);
#363=FACE_OUTER_BOUND('',#642,.T.);
#364=FACE_OUTER_BOUND('',#643,.T.);
#365=FACE_OUTER_BOUND('',#644,.T.);
#366=FACE_OUTER_BOUND('',#645,.T.);
#367=FACE_OUTER_BOUND('',#646,.T.);
#368=FACE_OUTER_BOUND('',#647,.T.);
#369=FACE_OUTER_BOUND('',#648,.T.);
#370=FACE_OUTER_BOUND('',#649,.T.);
#371=FACE_OUTER_BOUND('',#650,.T.);
#372=FACE_OUTER_BOUND('',#651,.T.);
#373=FACE_OUTER_BOUND('',#652,.T.);
#374=FACE_OUTER_BOUND('',#653,.T.);
#375=FACE_OUTER_BOUND('',#654,.T.);
#376=FACE_OUTER_BOUND('',#655,.T.);
#377=FACE_OUTER_BOUND('',#656,.T.);
#378=FACE_OUTER_BOUND('',#657,.T.);
#379=FACE_OUTER_BOUND('',#658,.T.);
#380=FACE_OUTER_BOUND('',#659,.T.);
#381=FACE_OUTER_BOUND('',#660,.T.);
#382=FACE_OUTER_BOUND('',#661,.T.);
#383=FACE_OUTER_BOUND('',#662,.T.);
#384=FACE_OUTER_BOUND('',#663,.T.);
#385=FACE_OUTER_BOUND('',#664,.T.);
#386=FACE_OUTER_BOUND('',#665,.T.);
#387=FACE_OUTER_BOUND('',#666,.T.);
#388=FACE_OUTER_BOUND('',#667,.T.);
#389=FACE_OUTER_BOUND('',#668,.T.);
#390=FACE_OUTER_BOUND('',#669,.T.);
#391=FACE_OUTER_BOUND('',#670,.T.);
#392=FACE_OUTER_BOUND('',#671,.T.);
#393=FACE_OUTER_BOUND('',#672,.T.);
#394=FACE_OUTER_BOUND('',#673,.T.);
#395=FACE_OUTER_BOUND('',#674,.T.);
#396=FACE_OUTER_BOUND('',#675,.T.);
#397=FACE_OUTER_BOUND('',#676,.T.);
#398=FACE_OUTER_BOUND('',#677,.T.);
#399=FACE_OUTER_BOUND('',#678,.T.);
#400=FACE_OUTER_BOUND('',#679,.T.);
#401=FACE_OUTER_BOUND('',#680,.T.);
#402=FACE_OUTER_BOUND('',#681,.T.);
#403=FACE_OUTER_BOUND('',#682,.T.);
#404=FACE_OUTER_BOUND('',#683,.T.);
#405=FACE_OUTER_BOUND('',#684,.T.);
#406=FACE_OUTER_BOUND('',#685,.T.);
#407=FACE_OUTER_BOUND('',#686,.T.);
#408=FACE_OUTER_BOUND('',#687,.T.);
#409=FACE_OUTER_BOUND('',#688,.T.);
#410=FACE_OUTER_BOUND('',#689,.T.);
#411=FACE_OUTER_BOUND('',#690,.T.);
#412=FACE_OUTER_BOUND('',#691,.T.);
#413=FACE_OUTER_BOUND('',#692,.T.);
#414=FACE_OUTER_BOUND('',#693,.T.);
#415=FACE_OUTER_BOUND('',#694,.T.);
#416=FACE_OUTER_BOUND('',#695,.T.);
#417=FACE_OUTER_BOUND('',#696,.T.);
#418=FACE_OUTER_BOUND('',#697,.T.);
#419=FACE_OUTER_BOUND('',#698,.T.);
#420=FACE_OUTER_BOUND('',#699,.T.);
#421=FACE_OUTER_BOUND('',#700,.T.);
#422=FACE_OUTER_BOUND('',#701,.T.);
#423=FACE_OUTER_BOUND('',#702,.T.);
#424=FACE_OUTER_BOUND('',#703,.T.);
#425=FACE_OUTER_BOUND('',#704,.T.);
#426=FACE_OUTER_BOUND('',#705,.T.);
#427=FACE_OUTER_BOUND('',#706,.T.);
#428=FACE_OUTER_BOUND('',#707,.T.);
#429=FACE_OUTER_BOUND('',#708,.T.);
#430=FACE_OUTER_BOUND('',#709,.T.);
#431=FACE_OUTER_BOUND('',#710,.T.);
#432=EDGE_LOOP('',(#3520,#3521,#3522,#3523));
#433=EDGE_LOOP('',(#3524,#3525,#3526,#3527));
#434=EDGE_LOOP('',(#3528,#3529,#3530,#3531));
#435=EDGE_LOOP('',(#3532,#3533,#3534,#3535,#3536,#3537,#3538,#3539,#3540,
#3541,#3542,#3543,#3544,#3545,#3546,#3547,#3548,#3549,#3550,#3551,#3552,
#3553,#3554,#3555,#3556,#3557,#3558,#3559,#3560,#3561,#3562,#3563,#3564,
#3565,#3566,#3567,#3568,#3569,#3570,#3571,#3572,#3573,#3574,#3575,#3576,
#3577,#3578,#3579,#3580,#3581,#3582,#3583,#3584,#3585,#3586,#3587,#3588,
#3589,#3590,#3591,#3592,#3593,#3594,#3595,#3596,#3597,#3598,#3599,#3600,
#3601,#3602,#3603,#3604,#3605,#3606,#3607,#3608,#3609,#3610,#3611));
#436=EDGE_LOOP('',(#3612,#3613,#3614,#3615,#3616,#3617,#3618,#3619));
#437=EDGE_LOOP('',(#3620,#3621,#3622,#3623,#3624,#3625,#3626,#3627,#3628,
#3629,#3630,#3631,#3632,#3633,#3634,#3635,#3636,#3637,#3638,#3639,#3640,
#3641,#3642,#3643,#3644,#3645,#3646,#3647,#3648,#3649));
#438=EDGE_LOOP('',(#3650,#3651,#3652,#3653));
#439=EDGE_LOOP('',(#3654,#3655,#3656,#3657));
#440=EDGE_LOOP('',(#3658,#3659,#3660,#3661));
#441=EDGE_LOOP('',(#3662,#3663,#3664,#3665,#3666,#3667,#3668,#3669));
#442=EDGE_LOOP('',(#3670,#3671,#3672,#3673));
#443=EDGE_LOOP('',(#3674,#3675,#3676,#3677,#3678,#3679,#3680,#3681,#3682,
#3683,#3684,#3685));
#444=EDGE_LOOP('',(#3686,#3687,#3688,#3689));
#445=EDGE_LOOP('',(#3690,#3691,#3692,#3693,#3694,#3695,#3696,#3697,#3698,
#3699,#3700,#3701,#3702,#3703,#3704,#3705,#3706,#3707,#3708,#3709,#3710,
#3711,#3712,#3713,#3714,#3715,#3716,#3717,#3718,#3719));
#446=EDGE_LOOP('',(#3720,#3721,#3722,#3723,#3724,#3725,#3726,#3727,#3728,
#3729,#3730,#3731,#3732,#3733,#3734,#3735,#3736,#3737,#3738,#3739,#3740,
#3741,#3742,#3743,#3744,#3745,#3746,#3747));
#447=EDGE_LOOP('',(#3748,#3749,#3750,#3751,#3752,#3753,#3754,#3755));
#448=EDGE_LOOP('',(#3756,#3757,#3758,#3759,#3760,#3761,#3762,#3763));
#449=EDGE_LOOP('',(#3764,#3765,#3766,#3767,#3768,#3769,#3770,#3771));
#450=EDGE_LOOP('',(#3772,#3773,#3774,#3775,#3776,#3777,#3778,#3779));
#451=EDGE_LOOP('',(#3780,#3781,#3782,#3783,#3784,#3785,#3786,#3787));
#452=EDGE_LOOP('',(#3788,#3789,#3790,#3791,#3792,#3793,#3794,#3795));
#453=EDGE_LOOP('',(#3796,#3797,#3798,#3799,#3800,#3801,#3802,#3803));
#454=EDGE_LOOP('',(#3804,#3805,#3806,#3807));
#455=EDGE_LOOP('',(#3808,#3809,#3810,#3811));
#456=EDGE_LOOP('',(#3812,#3813,#3814,#3815,#3816,#3817,#3818));
#457=EDGE_LOOP('',(#3819));
#458=EDGE_LOOP('',(#3820));
#459=EDGE_LOOP('',(#3821));
#460=EDGE_LOOP('',(#3822,#3823,#3824,#3825));
#461=EDGE_LOOP('',(#3826,#3827,#3828,#3829));
#462=EDGE_LOOP('',(#3830,#3831,#3832,#3833));
#463=EDGE_LOOP('',(#3834,#3835,#3836,#3837));
#464=EDGE_LOOP('',(#3838));
#465=EDGE_LOOP('',(#3839,#3840,#3841,#3842));
#466=EDGE_LOOP('',(#3843,#3844,#3845,#3846));
#467=EDGE_LOOP('',(#3847,#3848,#3849,#3850,#3851,#3852));
#468=EDGE_LOOP('',(#3853));
#469=EDGE_LOOP('',(#3854,#3855,#3856,#3857));
#470=EDGE_LOOP('',(#3858,#3859,#3860,#3861));
#471=EDGE_LOOP('',(#3862,#3863,#3864,#3865));
#472=EDGE_LOOP('',(#3866,#3867,#3868,#3869));
#473=EDGE_LOOP('',(#3870,#3871,#3872,#3873));
#474=EDGE_LOOP('',(#3874,#3875,#3876,#3877));
#475=EDGE_LOOP('',(#3878,#3879,#3880,#3881));
#476=EDGE_LOOP('',(#3882,#3883,#3884,#3885));
#477=EDGE_LOOP('',(#3886,#3887,#3888,#3889));
#478=EDGE_LOOP('',(#3890,#3891,#3892,#3893));
#479=EDGE_LOOP('',(#3894,#3895,#3896,#3897));
#480=EDGE_LOOP('',(#3898,#3899,#3900,#3901));
#481=EDGE_LOOP('',(#3902,#3903,#3904,#3905));
#482=EDGE_LOOP('',(#3906,#3907,#3908,#3909));
#483=EDGE_LOOP('',(#3910,#3911,#3912,#3913));
#484=EDGE_LOOP('',(#3914,#3915,#3916,#3917));
#485=EDGE_LOOP('',(#3918,#3919,#3920,#3921));
#486=EDGE_LOOP('',(#3922,#3923,#3924,#3925));
#487=EDGE_LOOP('',(#3926,#3927,#3928,#3929));
#488=EDGE_LOOP('',(#3930,#3931,#3932,#3933));
#489=EDGE_LOOP('',(#3934,#3935,#3936,#3937));
#490=EDGE_LOOP('',(#3938,#3939,#3940,#3941));
#491=EDGE_LOOP('',(#3942,#3943,#3944,#3945));
#492=EDGE_LOOP('',(#3946,#3947,#3948,#3949));
#493=EDGE_LOOP('',(#3950,#3951,#3952,#3953));
#494=EDGE_LOOP('',(#3954,#3955,#3956,#3957));
#495=EDGE_LOOP('',(#3958,#3959,#3960,#3961));
#496=EDGE_LOOP('',(#3962,#3963,#3964,#3965));
#497=EDGE_LOOP('',(#3966,#3967,#3968,#3969));
#498=EDGE_LOOP('',(#3970,#3971,#3972,#3973));
#499=EDGE_LOOP('',(#3974,#3975,#3976,#3977));
#500=EDGE_LOOP('',(#3978,#3979,#3980,#3981));
#501=EDGE_LOOP('',(#3982,#3983,#3984,#3985));
#502=EDGE_LOOP('',(#3986,#3987,#3988,#3989));
#503=EDGE_LOOP('',(#3990,#3991,#3992,#3993));
#504=EDGE_LOOP('',(#3994,#3995,#3996,#3997));
#505=EDGE_LOOP('',(#3998,#3999,#4000,#4001));
#506=EDGE_LOOP('',(#4002,#4003,#4004,#4005));
#507=EDGE_LOOP('',(#4006,#4007,#4008,#4009));
#508=EDGE_LOOP('',(#4010,#4011,#4012,#4013));
#509=EDGE_LOOP('',(#4014,#4015,#4016,#4017));
#510=EDGE_LOOP('',(#4018,#4019,#4020,#4021));
#511=EDGE_LOOP('',(#4022,#4023,#4024,#4025));
#512=EDGE_LOOP('',(#4026,#4027,#4028,#4029));
#513=EDGE_LOOP('',(#4030,#4031,#4032,#4033));
#514=EDGE_LOOP('',(#4034,#4035,#4036,#4037));
#515=EDGE_LOOP('',(#4038,#4039,#4040,#4041));
#516=EDGE_LOOP('',(#4042,#4043,#4044,#4045));
#517=EDGE_LOOP('',(#4046,#4047,#4048,#4049));
#518=EDGE_LOOP('',(#4050,#4051,#4052,#4053));
#519=EDGE_LOOP('',(#4054,#4055,#4056,#4057));
#520=EDGE_LOOP('',(#4058,#4059,#4060,#4061));
#521=EDGE_LOOP('',(#4062,#4063,#4064,#4065));
#522=EDGE_LOOP('',(#4066,#4067,#4068,#4069));
#523=EDGE_LOOP('',(#4070,#4071,#4072,#4073));
#524=EDGE_LOOP('',(#4074,#4075,#4076,#4077));
#525=EDGE_LOOP('',(#4078,#4079,#4080,#4081));
#526=EDGE_LOOP('',(#4082,#4083,#4084,#4085));
#527=EDGE_LOOP('',(#4086,#4087,#4088,#4089));
#528=EDGE_LOOP('',(#4090,#4091,#4092,#4093));
#529=EDGE_LOOP('',(#4094,#4095,#4096,#4097));
#530=EDGE_LOOP('',(#4098,#4099,#4100,#4101));
#531=EDGE_LOOP('',(#4102,#4103,#4104,#4105));
#532=EDGE_LOOP('',(#4106,#4107,#4108,#4109));
#533=EDGE_LOOP('',(#4110,#4111,#4112,#4113));
#534=EDGE_LOOP('',(#4114,#4115,#4116,#4117));
#535=EDGE_LOOP('',(#4118,#4119,#4120,#4121));
#536=EDGE_LOOP('',(#4122,#4123,#4124,#4125));
#537=EDGE_LOOP('',(#4126,#4127,#4128,#4129));
#538=EDGE_LOOP('',(#4130,#4131,#4132,#4133));
#539=EDGE_LOOP('',(#4134,#4135,#4136,#4137));
#540=EDGE_LOOP('',(#4138,#4139,#4140,#4141));
#541=EDGE_LOOP('',(#4142,#4143,#4144,#4145));
#542=EDGE_LOOP('',(#4146,#4147,#4148,#4149));
#543=EDGE_LOOP('',(#4150,#4151,#4152,#4153));
#544=EDGE_LOOP('',(#4154,#4155,#4156,#4157));
#545=EDGE_LOOP('',(#4158,#4159,#4160,#4161));
#546=EDGE_LOOP('',(#4162,#4163,#4164,#4165));
#547=EDGE_LOOP('',(#4166,#4167,#4168,#4169));
#548=EDGE_LOOP('',(#4170,#4171,#4172,#4173));
#549=EDGE_LOOP('',(#4174,#4175,#4176,#4177));
#550=EDGE_LOOP('',(#4178,#4179,#4180,#4181));
#551=EDGE_LOOP('',(#4182,#4183,#4184,#4185));
#552=EDGE_LOOP('',(#4186,#4187,#4188,#4189));
#553=EDGE_LOOP('',(#4190,#4191,#4192,#4193));
#554=EDGE_LOOP('',(#4194,#4195,#4196,#4197));
#555=EDGE_LOOP('',(#4198,#4199,#4200,#4201));
#556=EDGE_LOOP('',(#4202,#4203,#4204,#4205));
#557=EDGE_LOOP('',(#4206,#4207,#4208,#4209));
#558=EDGE_LOOP('',(#4210,#4211,#4212,#4213));
#559=EDGE_LOOP('',(#4214,#4215,#4216,#4217));
#560=EDGE_LOOP('',(#4218,#4219,#4220,#4221));
#561=EDGE_LOOP('',(#4222,#4223,#4224,#4225));
#562=EDGE_LOOP('',(#4226,#4227,#4228,#4229));
#563=EDGE_LOOP('',(#4230,#4231,#4232,#4233));
#564=EDGE_LOOP('',(#4234,#4235,#4236,#4237));
#565=EDGE_LOOP('',(#4238,#4239,#4240,#4241));
#566=EDGE_LOOP('',(#4242,#4243,#4244,#4245));
#567=EDGE_LOOP('',(#4246,#4247,#4248,#4249));
#568=EDGE_LOOP('',(#4250,#4251,#4252,#4253,#4254,#4255));
#569=EDGE_LOOP('',(#4256));
#570=EDGE_LOOP('',(#4257,#4258,#4259,#4260));
#571=EDGE_LOOP('',(#4261,#4262,#4263,#4264));
#572=EDGE_LOOP('',(#4265,#4266,#4267,#4268));
#573=EDGE_LOOP('',(#4269,#4270,#4271,#4272));
#574=EDGE_LOOP('',(#4273,#4274,#4275,#4276));
#575=EDGE_LOOP('',(#4277,#4278,#4279,#4280));
#576=EDGE_LOOP('',(#4281,#4282,#4283,#4284));
#577=EDGE_LOOP('',(#4285,#4286,#4287,#4288));
#578=EDGE_LOOP('',(#4289,#4290,#4291,#4292));
#579=EDGE_LOOP('',(#4293,#4294,#4295,#4296,#4297,#4298));
#580=EDGE_LOOP('',(#4299,#4300,#4301,#4302));
#581=EDGE_LOOP('',(#4303,#4304,#4305,#4306,#4307,#4308));
#582=EDGE_LOOP('',(#4309,#4310,#4311,#4312));
#583=EDGE_LOOP('',(#4313,#4314,#4315,#4316));
#584=EDGE_LOOP('',(#4317,#4318,#4319,#4320));
#585=EDGE_LOOP('',(#4321,#4322,#4323,#4324,#4325,#4326,#4327,#4328));
#586=EDGE_LOOP('',(#4329,#4330,#4331,#4332));
#587=EDGE_LOOP('',(#4333,#4334,#4335,#4336));
#588=EDGE_LOOP('',(#4337,#4338,#4339,#4340));
#589=EDGE_LOOP('',(#4341,#4342,#4343,#4344));
#590=EDGE_LOOP('',(#4345,#4346,#4347,#4348));
#591=EDGE_LOOP('',(#4349,#4350,#4351,#4352));
#592=EDGE_LOOP('',(#4353,#4354,#4355,#4356));
#593=EDGE_LOOP('',(#4357,#4358,#4359,#4360));
#594=EDGE_LOOP('',(#4361,#4362,#4363,#4364));
#595=EDGE_LOOP('',(#4365,#4366,#4367,#4368));
#596=EDGE_LOOP('',(#4369,#4370,#4371,#4372));
#597=EDGE_LOOP('',(#4373,#4374,#4375,#4376));
#598=EDGE_LOOP('',(#4377,#4378,#4379,#4380));
#599=EDGE_LOOP('',(#4381,#4382,#4383,#4384));
#600=EDGE_LOOP('',(#4385,#4386,#4387,#4388));
#601=EDGE_LOOP('',(#4389,#4390,#4391,#4392));
#602=EDGE_LOOP('',(#4393,#4394,#4395,#4396));
#603=EDGE_LOOP('',(#4397,#4398,#4399,#4400,#4401,#4402,#4403,#4404,#4405,
#4406,#4407,#4408,#4409,#4410,#4411,#4412,#4413,#4414,#4415,#4416,#4417,
#4418,#4419,#4420,#4421,#4422,#4423,#4424,#4425,#4426,#4427,#4428));
#604=EDGE_LOOP('',(#4429,#4430,#4431,#4432));
#605=EDGE_LOOP('',(#4433,#4434,#4435,#4436));
#606=EDGE_LOOP('',(#4437,#4438,#4439,#4440));
#607=EDGE_LOOP('',(#4441,#4442,#4443,#4444));
#608=EDGE_LOOP('',(#4445,#4446,#4447,#4448));
#609=EDGE_LOOP('',(#4449,#4450,#4451,#4452));
#610=EDGE_LOOP('',(#4453,#4454,#4455,#4456));
#611=EDGE_LOOP('',(#4457,#4458,#4459,#4460));
#612=EDGE_LOOP('',(#4461,#4462,#4463,#4464));
#613=EDGE_LOOP('',(#4465,#4466,#4467,#4468));
#614=EDGE_LOOP('',(#4469,#4470,#4471,#4472));
#615=EDGE_LOOP('',(#4473,#4474,#4475,#4476));
#616=EDGE_LOOP('',(#4477,#4478,#4479,#4480));
#617=EDGE_LOOP('',(#4481,#4482,#4483,#4484,#4485,#4486,#4487,#4488,#4489,
#4490,#4491,#4492,#4493,#4494,#4495,#4496,#4497,#4498,#4499,#4500,#4501,
#4502,#4503,#4504,#4505,#4506,#4507,#4508));
#618=EDGE_LOOP('',(#4509,#4510,#4511,#4512,#4513,#4514,#4515,#4516));
#619=EDGE_LOOP('',(#4517,#4518,#4519,#4520,#4521,#4522,#4523,#4524));
#620=EDGE_LOOP('',(#4525,#4526,#4527,#4528,#4529,#4530,#4531,#4532));
#621=EDGE_LOOP('',(#4533,#4534,#4535,#4536,#4537,#4538,#4539,#4540));
#622=EDGE_LOOP('',(#4541,#4542,#4543,#4544,#4545,#4546,#4547,#4548));
#623=EDGE_LOOP('',(#4549,#4550,#4551,#4552,#4553,#4554,#4555,#4556));
#624=EDGE_LOOP('',(#4557,#4558,#4559,#4560));
#625=EDGE_LOOP('',(#4561,#4562,#4563,#4564));
#626=EDGE_LOOP('',(#4565,#4566,#4567,#4568));
#627=EDGE_LOOP('',(#4569,#4570,#4571,#4572));
#628=EDGE_LOOP('',(#4573,#4574,#4575,#4576));
#629=EDGE_LOOP('',(#4577,#4578,#4579,#4580));
#630=EDGE_LOOP('',(#4581,#4582,#4583,#4584));
#631=EDGE_LOOP('',(#4585,#4586,#4587,#4588,#4589,#4590,#4591,#4592,#4593,
#4594,#4595,#4596,#4597,#4598,#4599,#4600,#4601,#4602,#4603,#4604,#4605,
#4606,#4607,#4608,#4609,#4610,#4611,#4612,#4613,#4614,#4615,#4616,#4617));
#632=EDGE_LOOP('',(#4618,#4619,#4620,#4621));
#633=EDGE_LOOP('',(#4622,#4623,#4624,#4625,#4626,#4627,#4628,#4629,#4630,
#4631,#4632,#4633,#4634,#4635,#4636,#4637,#4638,#4639,#4640,#4641,#4642,
#4643,#4644,#4645,#4646,#4647,#4648,#4649,#4650,#4651,#4652,#4653,#4654,
#4655,#4656,#4657,#4658,#4659,#4660,#4661,#4662,#4663,#4664,#4665,#4666,
#4667,#4668,#4669,#4670,#4671,#4672,#4673,#4674,#4675,#4676,#4677,#4678,
#4679,#4680,#4681,#4682,#4683,#4684,#4685,#4686,#4687,#4688,#4689,#4690,
#4691,#4692,#4693,#4694,#4695,#4696,#4697,#4698,#4699,#4700,#4701,#4702,
#4703,#4704,#4705,#4706,#4707,#4708,#4709,#4710,#4711,#4712,#4713));
#634=EDGE_LOOP('',(#4714,#4715,#4716,#4717));
#635=EDGE_LOOP('',(#4718,#4719,#4720,#4721));
#636=EDGE_LOOP('',(#4722,#4723,#4724,#4725));
#637=EDGE_LOOP('',(#4726,#4727,#4728,#4729));
#638=EDGE_LOOP('',(#4730,#4731,#4732,#4733));
#639=EDGE_LOOP('',(#4734,#4735,#4736,#4737));
#640=EDGE_LOOP('',(#4738,#4739,#4740,#4741));
#641=EDGE_LOOP('',(#4742,#4743,#4744,#4745,#4746,#4747,#4748,#4749,#4750,
#4751));
#642=EDGE_LOOP('',(#4752,#4753,#4754,#4755));
#643=EDGE_LOOP('',(#4756,#4757,#4758,#4759));
#644=EDGE_LOOP('',(#4760,#4761,#4762,#4763));
#645=EDGE_LOOP('',(#4764,#4765,#4766,#4767));
#646=EDGE_LOOP('',(#4768,#4769,#4770,#4771,#4772,#4773,#4774,#4775));
#647=EDGE_LOOP('',(#4776,#4777,#4778,#4779));
#648=EDGE_LOOP('',(#4780,#4781,#4782,#4783,#4784,#4785,#4786,#4787));
#649=EDGE_LOOP('',(#4788,#4789,#4790,#4791));
#650=EDGE_LOOP('',(#4792,#4793,#4794,#4795,#4796,#4797,#4798,#4799));
#651=EDGE_LOOP('',(#4800,#4801,#4802,#4803));
#652=EDGE_LOOP('',(#4804,#4805,#4806,#4807,#4808,#4809,#4810,#4811));
#653=EDGE_LOOP('',(#4812,#4813,#4814,#4815));
#654=EDGE_LOOP('',(#4816,#4817,#4818,#4819,#4820,#4821,#4822,#4823));
#655=EDGE_LOOP('',(#4824,#4825,#4826,#4827));
#656=EDGE_LOOP('',(#4828,#4829,#4830,#4831,#4832,#4833,#4834,#4835));
#657=EDGE_LOOP('',(#4836,#4837,#4838,#4839));
#658=EDGE_LOOP('',(#4840,#4841,#4842,#4843,#4844,#4845,#4846,#4847));
#659=EDGE_LOOP('',(#4848,#4849,#4850,#4851));
#660=EDGE_LOOP('',(#4852,#4853,#4854,#4855,#4856,#4857,#4858,#4859));
#661=EDGE_LOOP('',(#4860,#4861,#4862,#4863));
#662=EDGE_LOOP('',(#4864,#4865,#4866,#4867,#4868,#4869,#4870,#4871));
#663=EDGE_LOOP('',(#4872,#4873,#4874,#4875));
#664=EDGE_LOOP('',(#4876,#4877,#4878,#4879,#4880,#4881,#4882,#4883));
#665=EDGE_LOOP('',(#4884,#4885,#4886,#4887));
#666=EDGE_LOOP('',(#4888,#4889,#4890,#4891,#4892,#4893,#4894,#4895));
#667=EDGE_LOOP('',(#4896,#4897,#4898,#4899));
#668=EDGE_LOOP('',(#4900,#4901,#4902,#4903));
#669=EDGE_LOOP('',(#4904,#4905,#4906,#4907,#4908,#4909,#4910,#4911));
#670=EDGE_LOOP('',(#4912,#4913,#4914,#4915));
#671=EDGE_LOOP('',(#4916,#4917,#4918,#4919,#4920,#4921,#4922,#4923));
#672=EDGE_LOOP('',(#4924,#4925,#4926,#4927));
#673=EDGE_LOOP('',(#4928,#4929,#4930,#4931,#4932,#4933,#4934,#4935));
#674=EDGE_LOOP('',(#4936,#4937,#4938,#4939));
#675=EDGE_LOOP('',(#4940,#4941,#4942,#4943,#4944,#4945,#4946,#4947));
#676=EDGE_LOOP('',(#4948,#4949,#4950,#4951));
#677=EDGE_LOOP('',(#4952,#4953,#4954,#4955,#4956,#4957,#4958,#4959));
#678=EDGE_LOOP('',(#4960,#4961,#4962,#4963));
#679=EDGE_LOOP('',(#4964,#4965,#4966,#4967,#4968,#4969,#4970,#4971));
#680=EDGE_LOOP('',(#4972,#4973,#4974,#4975));
#681=EDGE_LOOP('',(#4976,#4977,#4978,#4979,#4980,#4981,#4982,#4983));
#682=EDGE_LOOP('',(#4984,#4985,#4986,#4987));
#683=EDGE_LOOP('',(#4988,#4989,#4990,#4991,#4992,#4993,#4994,#4995));
#684=EDGE_LOOP('',(#4996,#4997,#4998,#4999));
#685=EDGE_LOOP('',(#5000,#5001,#5002,#5003,#5004,#5005,#5006,#5007));
#686=EDGE_LOOP('',(#5008,#5009,#5010,#5011));
#687=EDGE_LOOP('',(#5012,#5013,#5014,#5015,#5016,#5017,#5018,#5019));
#688=EDGE_LOOP('',(#5020,#5021,#5022,#5023));
#689=EDGE_LOOP('',(#5024,#5025,#5026,#5027,#5028,#5029,#5030,#5031));
#690=EDGE_LOOP('',(#5032,#5033,#5034,#5035));
#691=EDGE_LOOP('',(#5036,#5037,#5038,#5039,#5040,#5041,#5042,#5043));
#692=EDGE_LOOP('',(#5044,#5045,#5046,#5047));
#693=EDGE_LOOP('',(#5048,#5049,#5050,#5051,#5052,#5053,#5054,#5055));
#694=EDGE_LOOP('',(#5056,#5057,#5058,#5059));
#695=EDGE_LOOP('',(#5060,#5061,#5062,#5063,#5064,#5065,#5066,#5067));
#696=EDGE_LOOP('',(#5068,#5069,#5070,#5071));
#697=EDGE_LOOP('',(#5072,#5073,#5074,#5075,#5076,#5077,#5078,#5079));
#698=EDGE_LOOP('',(#5080,#5081,#5082,#5083));
#699=EDGE_LOOP('',(#5084,#5085,#5086,#5087,#5088,#5089,#5090,#5091));
#700=EDGE_LOOP('',(#5092,#5093,#5094,#5095));
#701=EDGE_LOOP('',(#5096,#5097,#5098,#5099,#5100,#5101,#5102,#5103));
#702=EDGE_LOOP('',(#5104,#5105,#5106,#5107));
#703=EDGE_LOOP('',(#5108,#5109,#5110,#5111,#5112,#5113,#5114,#5115));
#704=EDGE_LOOP('',(#5116,#5117,#5118,#5119));
#705=EDGE_LOOP('',(#5120,#5121,#5122,#5123,#5124,#5125,#5126,#5127));
#706=EDGE_LOOP('',(#5128,#5129,#5130,#5131));
#707=EDGE_LOOP('',(#5132,#5133,#5134,#5135,#5136,#5137,#5138,#5139));
#708=EDGE_LOOP('',(#5140,#5141,#5142,#5143));
#709=EDGE_LOOP('',(#5144,#5145,#5146,#5147,#5148,#5149,#5150,#5151));
#710=EDGE_LOOP('',(#5152,#5153,#5154,#5155));
#711=LINE('',#7416,#1445);
#712=LINE('',#7418,#1446);
#713=LINE('',#7420,#1447);
#714=LINE('',#7421,#1448);
#715=LINE('',#7424,#1449);
#716=LINE('',#7426,#1450);
#717=LINE('',#7427,#1451);
#718=LINE('',#7430,#1452);
#719=LINE('',#7432,#1453);
#720=LINE('',#7433,#1454);
#721=LINE('',#7436,#1455);
#722=LINE('',#7438,#1456);
#723=LINE('',#7440,#1457);
#724=LINE('',#7442,#1458);
#725=LINE('',#7444,#1459);
#726=LINE('',#7446,#1460);
#727=LINE('',#7448,#1461);
#728=LINE('',#7450,#1462);
#729=LINE('',#7452,#1463);
#730=LINE('',#7454,#1464);
#731=LINE('',#7456,#1465);
#732=LINE('',#7458,#1466);
#733=LINE('',#7460,#1467);
#734=LINE('',#7462,#1468);
#735=LINE('',#7464,#1469);
#736=LINE('',#7466,#1470);
#737=LINE('',#7468,#1471);
#738=LINE('',#7470,#1472);
#739=LINE('',#7472,#1473);
#740=LINE('',#7474,#1474);
#741=LINE('',#7476,#1475);
#742=LINE('',#7478,#1476);
#743=LINE('',#7480,#1477);
#744=LINE('',#7482,#1478);
#745=LINE('',#7484,#1479);
#746=LINE('',#7486,#1480);
#747=LINE('',#7488,#1481);
#748=LINE('',#7490,#1482);
#749=LINE('',#7492,#1483);
#750=LINE('',#7494,#1484);
#751=LINE('',#7496,#1485);
#752=LINE('',#7498,#1486);
#753=LINE('',#7500,#1487);
#754=LINE('',#7502,#1488);
#755=LINE('',#7504,#1489);
#756=LINE('',#7506,#1490);
#757=LINE('',#7508,#1491);
#758=LINE('',#7510,#1492);
#759=LINE('',#7512,#1493);
#760=LINE('',#7514,#1494);
#761=LINE('',#7516,#1495);
#762=LINE('',#7518,#1496);
#763=LINE('',#7520,#1497);
#764=LINE('',#7522,#1498);
#765=LINE('',#7524,#1499);
#766=LINE('',#7526,#1500);
#767=LINE('',#7528,#1501);
#768=LINE('',#7530,#1502);
#769=LINE('',#7532,#1503);
#770=LINE('',#7534,#1504);
#771=LINE('',#7536,#1505);
#772=LINE('',#7538,#1506);
#773=LINE('',#7540,#1507);
#774=LINE('',#7542,#1508);
#775=LINE('',#7544,#1509);
#776=LINE('',#7546,#1510);
#777=LINE('',#7548,#1511);
#778=LINE('',#7550,#1512);
#779=LINE('',#7552,#1513);
#780=LINE('',#7554,#1514);
#781=LINE('',#7556,#1515);
#782=LINE('',#7558,#1516);
#783=LINE('',#7560,#1517);
#784=LINE('',#7562,#1518);
#785=LINE('',#7564,#1519);
#786=LINE('',#7566,#1520);
#787=LINE('',#7568,#1521);
#788=LINE('',#7570,#1522);
#789=LINE('',#7572,#1523);
#790=LINE('',#7574,#1524);
#791=LINE('',#7576,#1525);
#792=LINE('',#7578,#1526);
#793=LINE('',#7580,#1527);
#794=LINE('',#7582,#1528);
#795=LINE('',#7584,#1529);
#796=LINE('',#7586,#1530);
#797=LINE('',#7587,#1531);
#798=LINE('',#7590,#1532);
#799=LINE('',#7592,#1533);
#800=LINE('',#7594,#1534);
#801=LINE('',#7596,#1535);
#802=LINE('',#7598,#1536);
#803=LINE('',#7599,#1537);
#804=LINE('',#7602,#1538);
#805=LINE('',#7604,#1539);
#806=LINE('',#7606,#1540);
#807=LINE('',#7608,#1541);
#808=LINE('',#7610,#1542);
#809=LINE('',#7612,#1543);
#810=LINE('',#7614,#1544);
#811=LINE('',#7616,#1545);
#812=LINE('',#7618,#1546);
#813=LINE('',#7620,#1547);
#814=LINE('',#7622,#1548);
#815=LINE('',#7624,#1549);
#816=LINE('',#7626,#1550);
#817=LINE('',#7628,#1551);
#818=LINE('',#7630,#1552);
#819=LINE('',#7632,#1553);
#820=LINE('',#7634,#1554);
#821=LINE('',#7636,#1555);
#822=LINE('',#7638,#1556);
#823=LINE('',#7640,#1557);
#824=LINE('',#7642,#1558);
#825=LINE('',#7644,#1559);
#826=LINE('',#7646,#1560);
#827=LINE('',#7648,#1561);
#828=LINE('',#7650,#1562);
#829=LINE('',#7652,#1563);
#830=LINE('',#7654,#1564);
#831=LINE('',#7655,#1565);
#832=LINE('',#7658,#1566);
#833=LINE('',#7660,#1567);
#834=LINE('',#7661,#1568);
#835=LINE('',#7664,#1569);
#836=LINE('',#7665,#1570);
#837=LINE('',#7668,#1571);
#838=LINE('',#7669,#1572);
#839=LINE('',#7672,#1573);
#840=LINE('',#7674,#1574);
#841=LINE('',#7676,#1575);
#842=LINE('',#7678,#1576);
#843=LINE('',#7680,#1577);
#844=LINE('',#7681,#1578);
#845=LINE('',#7684,#1579);
#846=LINE('',#7685,#1580);
#847=LINE('',#7688,#1581);
#848=LINE('',#7690,#1582);
#849=LINE('',#7692,#1583);
#850=LINE('',#7694,#1584);
#851=LINE('',#7696,#1585);
#852=LINE('',#7698,#1586);
#853=LINE('',#7700,#1587);
#854=LINE('',#7702,#1588);
#855=LINE('',#7704,#1589);
#856=LINE('',#7705,#1590);
#857=LINE('',#7707,#1591);
#858=LINE('',#7708,#1592);
#859=LINE('',#7711,#1593);
#860=LINE('',#7713,#1594);
#861=LINE('',#7715,#1595);
#862=LINE('',#7717,#1596);
#863=LINE('',#7719,#1597);
#864=LINE('',#7721,#1598);
#865=LINE('',#7723,#1599);
#866=LINE('',#7725,#1600);
#867=LINE('',#7727,#1601);
#868=LINE('',#7729,#1602);
#869=LINE('',#7731,#1603);
#870=LINE('',#7733,#1604);
#871=LINE('',#7735,#1605);
#872=LINE('',#7737,#1606);
#873=LINE('',#7739,#1607);
#874=LINE('',#7741,#1608);
#875=LINE('',#7743,#1609);
#876=LINE('',#7745,#1610);
#877=LINE('',#7747,#1611);
#878=LINE('',#7749,#1612);
#879=LINE('',#7751,#1613);
#880=LINE('',#7753,#1614);
#881=LINE('',#7755,#1615);
#882=LINE('',#7757,#1616);
#883=LINE('',#7759,#1617);
#884=LINE('',#7761,#1618);
#885=LINE('',#7762,#1619);
#886=LINE('',#7765,#1620);
#887=LINE('',#7767,#1621);
#888=LINE('',#7769,#1622);
#889=LINE('',#7771,#1623);
#890=LINE('',#7773,#1624);
#891=LINE('',#7775,#1625);
#892=LINE('',#7777,#1626);
#893=LINE('',#7779,#1627);
#894=LINE('',#7781,#1628);
#895=LINE('',#7783,#1629);
#896=LINE('',#7785,#1630);
#897=LINE('',#7787,#1631);
#898=LINE('',#7789,#1632);
#899=LINE('',#7791,#1633);
#900=LINE('',#7793,#1634);
#901=LINE('',#7795,#1635);
#902=LINE('',#7797,#1636);
#903=LINE('',#7799,#1637);
#904=LINE('',#7801,#1638);
#905=LINE('',#7803,#1639);
#906=LINE('',#7805,#1640);
#907=LINE('',#7806,#1641);
#908=LINE('',#7811,#1642);
#909=LINE('',#7815,#1643);
#910=LINE('',#7819,#1644);
#911=LINE('',#7822,#1645);
#912=LINE('',#7827,#1646);
#913=LINE('',#7831,#1647);
#914=LINE('',#7835,#1648);
#915=LINE('',#7838,#1649);
#916=LINE('',#7843,#1650);
#917=LINE('',#7847,#1651);
#918=LINE('',#7851,#1652);
#919=LINE('',#7854,#1653);
#920=LINE('',#7859,#1654);
#921=LINE('',#7863,#1655);
#922=LINE('',#7867,#1656);
#923=LINE('',#7870,#1657);
#924=LINE('',#7875,#1658);
#925=LINE('',#7879,#1659);
#926=LINE('',#7883,#1660);
#927=LINE('',#7886,#1661);
#928=LINE('',#7891,#1662);
#929=LINE('',#7895,#1663);
#930=LINE('',#7899,#1664);
#931=LINE('',#7902,#1665);
#932=LINE('',#7905,#1666);
#933=LINE('',#7907,#1667);
#934=LINE('',#7909,#1668);
#935=LINE('',#7911,#1669);
#936=LINE('',#7912,#1670);
#937=LINE('',#7914,#1671);
#938=LINE('',#7915,#1672);
#939=LINE('',#7918,#1673);
#940=LINE('',#7919,#1674);
#941=LINE('',#7922,#1675);
#942=LINE('',#7924,#1676);
#943=LINE('',#7926,#1677);
#944=LINE('',#7927,#1678);
#945=LINE('',#7939,#1679);
#946=LINE('',#7943,#1680);
#947=LINE('',#7947,#1681);
#948=LINE('',#7952,#1682);
#949=LINE('',#7956,#1683);
#950=LINE('',#7957,#1684);
#951=LINE('',#7960,#1685);
#952=LINE('',#7962,#1686);
#953=LINE('',#7963,#1687);
#954=LINE('',#7966,#1688);
#955=LINE('',#7968,#1689);
#956=LINE('',#7969,#1690);
#957=LINE('',#7973,#1691);
#958=LINE('',#7977,#1692);
#959=LINE('',#7979,#1693);
#960=LINE('',#7981,#1694);
#961=LINE('',#7982,#1695);
#962=LINE('',#7986,#1696);
#963=LINE('',#7987,#1697);
#964=LINE('',#7988,#1698);
#965=LINE('',#7992,#1699);
#966=LINE('',#7993,#1700);
#967=LINE('',#7994,#1701);
#968=LINE('',#8000,#1702);
#969=LINE('',#8003,#1703);
#970=LINE('',#8006,#1704);
#971=LINE('',#8008,#1705);
#972=LINE('',#8009,#1706);
#973=LINE('',#8015,#1707);
#974=LINE('',#8018,#1708);
#975=LINE('',#8020,#1709);
#976=LINE('',#8021,#1710);
#977=LINE('',#8027,#1711);
#978=LINE('',#8030,#1712);
#979=LINE('',#8032,#1713);
#980=LINE('',#8033,#1714);
#981=LINE('',#8039,#1715);
#982=LINE('',#8041,#1716);
#983=LINE('',#8042,#1717);
#984=LINE('',#8048,#1718);
#985=LINE('',#8051,#1719);
#986=LINE('',#8054,#1720);
#987=LINE('',#8056,#1721);
#988=LINE('',#8057,#1722);
#989=LINE('',#8063,#1723);
#990=LINE('',#8066,#1724);
#991=LINE('',#8068,#1725);
#992=LINE('',#8069,#1726);
#993=LINE('',#8075,#1727);
#994=LINE('',#8078,#1728);
#995=LINE('',#8080,#1729);
#996=LINE('',#8081,#1730);
#997=LINE('',#8087,#1731);
#998=LINE('',#8089,#1732);
#999=LINE('',#8090,#1733);
#1000=LINE('',#8096,#1734);
#1001=LINE('',#8099,#1735);
#1002=LINE('',#8102,#1736);
#1003=LINE('',#8104,#1737);
#1004=LINE('',#8105,#1738);
#1005=LINE('',#8111,#1739);
#1006=LINE('',#8114,#1740);
#1007=LINE('',#8116,#1741);
#1008=LINE('',#8117,#1742);
#1009=LINE('',#8123,#1743);
#1010=LINE('',#8126,#1744);
#1011=LINE('',#8128,#1745);
#1012=LINE('',#8129,#1746);
#1013=LINE('',#8135,#1747);
#1014=LINE('',#8137,#1748);
#1015=LINE('',#8138,#1749);
#1016=LINE('',#8144,#1750);
#1017=LINE('',#8147,#1751);
#1018=LINE('',#8150,#1752);
#1019=LINE('',#8152,#1753);
#1020=LINE('',#8153,#1754);
#1021=LINE('',#8159,#1755);
#1022=LINE('',#8162,#1756);
#1023=LINE('',#8164,#1757);
#1024=LINE('',#8165,#1758);
#1025=LINE('',#8171,#1759);
#1026=LINE('',#8174,#1760);
#1027=LINE('',#8176,#1761);
#1028=LINE('',#8177,#1762);
#1029=LINE('',#8183,#1763);
#1030=LINE('',#8185,#1764);
#1031=LINE('',#8186,#1765);
#1032=LINE('',#8192,#1766);
#1033=LINE('',#8195,#1767);
#1034=LINE('',#8198,#1768);
#1035=LINE('',#8200,#1769);
#1036=LINE('',#8201,#1770);
#1037=LINE('',#8207,#1771);
#1038=LINE('',#8210,#1772);
#1039=LINE('',#8212,#1773);
#1040=LINE('',#8213,#1774);
#1041=LINE('',#8219,#1775);
#1042=LINE('',#8222,#1776);
#1043=LINE('',#8224,#1777);
#1044=LINE('',#8225,#1778);
#1045=LINE('',#8231,#1779);
#1046=LINE('',#8233,#1780);
#1047=LINE('',#8234,#1781);
#1048=LINE('',#8240,#1782);
#1049=LINE('',#8243,#1783);
#1050=LINE('',#8246,#1784);
#1051=LINE('',#8248,#1785);
#1052=LINE('',#8249,#1786);
#1053=LINE('',#8255,#1787);
#1054=LINE('',#8258,#1788);
#1055=LINE('',#8260,#1789);
#1056=LINE('',#8261,#1790);
#1057=LINE('',#8267,#1791);
#1058=LINE('',#8270,#1792);
#1059=LINE('',#8272,#1793);
#1060=LINE('',#8273,#1794);
#1061=LINE('',#8279,#1795);
#1062=LINE('',#8281,#1796);
#1063=LINE('',#8282,#1797);
#1064=LINE('',#8284,#1798);
#1065=LINE('',#8285,#1799);
#1066=LINE('',#8287,#1800);
#1067=LINE('',#8289,#1801);
#1068=LINE('',#8291,#1802);
#1069=LINE('',#8293,#1803);
#1070=LINE('',#8295,#1804);
#1071=LINE('',#8297,#1805);
#1072=LINE('',#8300,#1806);
#1073=LINE('',#8301,#1807);
#1074=LINE('',#8303,#1808);
#1075=LINE('',#8305,#1809);
#1076=LINE('',#8307,#1810);
#1077=LINE('',#8309,#1811);
#1078=LINE('',#8311,#1812);
#1079=LINE('',#8313,#1813);
#1080=LINE('',#8316,#1814);
#1081=LINE('',#8317,#1815);
#1082=LINE('',#8319,#1816);
#1083=LINE('',#8321,#1817);
#1084=LINE('',#8323,#1818);
#1085=LINE('',#8325,#1819);
#1086=LINE('',#8327,#1820);
#1087=LINE('',#8329,#1821);
#1088=LINE('',#8332,#1822);
#1089=LINE('',#8333,#1823);
#1090=LINE('',#8335,#1824);
#1091=LINE('',#8337,#1825);
#1092=LINE('',#8339,#1826);
#1093=LINE('',#8341,#1827);
#1094=LINE('',#8343,#1828);
#1095=LINE('',#8345,#1829);
#1096=LINE('',#8348,#1830);
#1097=LINE('',#8349,#1831);
#1098=LINE('',#8351,#1832);
#1099=LINE('',#8353,#1833);
#1100=LINE('',#8355,#1834);
#1101=LINE('',#8357,#1835);
#1102=LINE('',#8359,#1836);
#1103=LINE('',#8361,#1837);
#1104=LINE('',#8364,#1838);
#1105=LINE('',#8365,#1839);
#1106=LINE('',#8367,#1840);
#1107=LINE('',#8369,#1841);
#1108=LINE('',#8371,#1842);
#1109=LINE('',#8373,#1843);
#1110=LINE('',#8375,#1844);
#1111=LINE('',#8377,#1845);
#1112=LINE('',#8382,#1846);
#1113=LINE('',#8384,#1847);
#1114=LINE('',#8386,#1848);
#1115=LINE('',#8387,#1849);
#1116=LINE('',#8390,#1850);
#1117=LINE('',#8392,#1851);
#1118=LINE('',#8394,#1852);
#1119=LINE('',#8396,#1853);
#1120=LINE('',#8401,#1854);
#1121=LINE('',#8402,#1855);
#1122=LINE('',#8403,#1856);
#1123=LINE('',#8406,#1857);
#1124=LINE('',#8407,#1858);
#1125=LINE('',#8411,#1859);
#1126=LINE('',#8413,#1860);
#1127=LINE('',#8417,#1861);
#1128=LINE('',#8419,#1862);
#1129=LINE('',#8421,#1863);
#1130=LINE('',#8422,#1864);
#1131=LINE('',#8426,#1865);
#1132=LINE('',#8428,#1866);
#1133=LINE('',#8430,#1867);
#1134=LINE('',#8431,#1868);
#1135=LINE('',#8434,#1869);
#1136=LINE('',#8435,#1870);
#1137=LINE('',#8439,#1871);
#1138=LINE('',#8441,#1872);
#1139=LINE('',#8444,#1873);
#1140=LINE('',#8446,#1874);
#1141=LINE('',#8447,#1875);
#1142=LINE('',#8451,#1876);
#1143=LINE('',#8454,#1877);
#1144=LINE('',#8455,#1878);
#1145=LINE('',#8457,#1879);
#1146=LINE('',#8458,#1880);
#1147=LINE('',#8460,#1881);
#1148=LINE('',#8461,#1882);
#1149=LINE('',#8465,#1883);
#1150=LINE('',#8467,#1884);
#1151=LINE('',#8469,#1885);
#1152=LINE('',#8470,#1886);
#1153=LINE('',#8473,#1887);
#1154=LINE('',#8475,#1888);
#1155=LINE('',#8476,#1889);
#1156=LINE('',#8477,#1890);
#1157=LINE('',#8480,#1891);
#1158=LINE('',#8482,#1892);
#1159=LINE('',#8483,#1893);
#1160=LINE('',#8485,#1894);
#1161=LINE('',#8486,#1895);
#1162=LINE('',#8490,#1896);
#1163=LINE('',#8491,#1897);
#1164=LINE('',#8493,#1898);
#1165=LINE('',#8494,#1899);
#1166=LINE('',#8496,#1900);
#1167=LINE('',#8497,#1901);
#1168=LINE('',#8501,#1902);
#1169=LINE('',#8502,#1903);
#1170=LINE('',#8503,#1904);
#1171=LINE('',#8506,#1905);
#1172=LINE('',#8508,#1906);
#1173=LINE('',#8509,#1907);
#1174=LINE('',#8513,#1908);
#1175=LINE('',#8515,#1909);
#1176=LINE('',#8517,#1910);
#1177=LINE('',#8518,#1911);
#1178=LINE('',#8521,#1912);
#1179=LINE('',#8523,#1913);
#1180=LINE('',#8524,#1914);
#1181=LINE('',#8528,#1915);
#1182=LINE('',#8530,#1916);
#1183=LINE('',#8532,#1917);
#1184=LINE('',#8533,#1918);
#1185=LINE('',#8536,#1919);
#1186=LINE('',#8538,#1920);
#1187=LINE('',#8539,#1921);
#1188=LINE('',#8542,#1922);
#1189=LINE('',#8544,#1923);
#1190=LINE('',#8545,#1924);
#1191=LINE('',#8548,#1925);
#1192=LINE('',#8550,#1926);
#1193=LINE('',#8551,#1927);
#1194=LINE('',#8554,#1928);
#1195=LINE('',#8556,#1929);
#1196=LINE('',#8557,#1930);
#1197=LINE('',#8561,#1931);
#1198=LINE('',#8563,#1932);
#1199=LINE('',#8565,#1933);
#1200=LINE('',#8566,#1934);
#1201=LINE('',#8569,#1935);
#1202=LINE('',#8571,#1936);
#1203=LINE('',#8572,#1937);
#1204=LINE('',#8576,#1938);
#1205=LINE('',#8578,#1939);
#1206=LINE('',#8580,#1940);
#1207=LINE('',#8581,#1941);
#1208=LINE('',#8583,#1942);
#1209=LINE('',#8584,#1943);
#1210=LINE('',#8586,#1944);
#1211=LINE('',#8587,#1945);
#1212=LINE('',#8588,#1946);
#1213=LINE('',#8589,#1947);
#1214=LINE('',#8590,#1948);
#1215=LINE('',#8591,#1949);
#1216=LINE('',#8593,#1950);
#1217=LINE('',#8594,#1951);
#1218=LINE('',#8595,#1952);
#1219=LINE('',#8596,#1953);
#1220=LINE('',#8597,#1954);
#1221=LINE('',#8598,#1955);
#1222=LINE('',#8600,#1956);
#1223=LINE('',#8602,#1957);
#1224=LINE('',#8603,#1958);
#1225=LINE('',#8606,#1959);
#1226=LINE('',#8607,#1960);
#1227=LINE('',#8611,#1961);
#1228=LINE('',#8613,#1962);
#1229=LINE('',#8615,#1963);
#1230=LINE('',#8616,#1964);
#1231=LINE('',#8620,#1965);
#1232=LINE('',#8621,#1966);
#1233=LINE('',#8622,#1967);
#1234=LINE('',#8626,#1968);
#1235=LINE('',#8628,#1969);
#1236=LINE('',#8630,#1970);
#1237=LINE('',#8631,#1971);
#1238=LINE('',#8635,#1972);
#1239=LINE('',#8636,#1973);
#1240=LINE('',#8637,#1974);
#1241=LINE('',#8641,#1975);
#1242=LINE('',#8643,#1976);
#1243=LINE('',#8645,#1977);
#1244=LINE('',#8646,#1978);
#1245=LINE('',#8650,#1979);
#1246=LINE('',#8651,#1980);
#1247=LINE('',#8652,#1981);
#1248=LINE('',#8656,#1982);
#1249=LINE('',#8658,#1983);
#1250=LINE('',#8660,#1984);
#1251=LINE('',#8661,#1985);
#1252=LINE('',#8665,#1986);
#1253=LINE('',#8666,#1987);
#1254=LINE('',#8667,#1988);
#1255=LINE('',#8671,#1989);
#1256=LINE('',#8673,#1990);
#1257=LINE('',#8675,#1991);
#1258=LINE('',#8676,#1992);
#1259=LINE('',#8678,#1993);
#1260=LINE('',#8679,#1994);
#1261=LINE('',#8681,#1995);
#1262=LINE('',#8683,#1996);
#1263=LINE('',#8684,#1997);
#1264=LINE('',#8685,#1998);
#1265=LINE('',#8686,#1999);
#1266=LINE('',#8687,#2000);
#1267=LINE('',#8688,#2001);
#1268=LINE('',#8689,#2002);
#1269=LINE('',#8690,#2003);
#1270=LINE('',#8691,#2004);
#1271=LINE('',#8692,#2005);
#1272=LINE('',#8694,#2006);
#1273=LINE('',#8698,#2007);
#1274=LINE('',#8699,#2008);
#1275=LINE('',#8700,#2009);
#1276=LINE('',#8704,#2010);
#1277=LINE('',#8706,#2011);
#1278=LINE('',#8708,#2012);
#1279=LINE('',#8709,#2013);
#1280=LINE('',#8713,#2014);
#1281=LINE('',#8715,#2015);
#1282=LINE('',#8717,#2016);
#1283=LINE('',#8718,#2017);
#1284=LINE('',#8721,#2018);
#1285=LINE('',#8723,#2019);
#1286=LINE('',#8724,#2020);
#1287=LINE('',#8727,#2021);
#1288=LINE('',#8729,#2022);
#1289=LINE('',#8730,#2023);
#1290=LINE('',#8734,#2024);
#1291=LINE('',#8736,#2025);
#1292=LINE('',#8738,#2026);
#1293=LINE('',#8739,#2027);
#1294=LINE('',#8741,#2028);
#1295=LINE('',#8743,#2029);
#1296=LINE('',#8745,#2030);
#1297=LINE('',#8747,#2031);
#1298=LINE('',#8749,#2032);
#1299=LINE('',#8751,#2033);
#1300=LINE('',#8752,#2034);
#1301=LINE('',#8754,#2035);
#1302=LINE('',#8756,#2036);
#1303=LINE('',#8757,#2037);
#1304=LINE('',#8759,#2038);
#1305=LINE('',#8761,#2039);
#1306=LINE('',#8762,#2040);
#1307=LINE('',#8764,#2041);
#1308=LINE('',#8766,#2042);
#1309=LINE('',#8767,#2043);
#1310=LINE('',#8769,#2044);
#1311=LINE('',#8771,#2045);
#1312=LINE('',#8772,#2046);
#1313=LINE('',#8773,#2047);
#1314=LINE('',#8776,#2048);
#1315=LINE('',#8778,#2049);
#1316=LINE('',#8779,#2050);
#1317=LINE('',#8782,#2051);
#1318=LINE('',#8784,#2052);
#1319=LINE('',#8785,#2053);
#1320=LINE('',#8787,#2054);
#1321=LINE('',#8789,#2055);
#1322=LINE('',#8790,#2056);
#1323=LINE('',#8792,#2057);
#1324=LINE('',#8794,#2058);
#1325=LINE('',#8795,#2059);
#1326=LINE('',#8797,#2060);
#1327=LINE('',#8799,#2061);
#1328=LINE('',#8800,#2062);
#1329=LINE('',#8802,#2063);
#1330=LINE('',#8804,#2064);
#1331=LINE('',#8805,#2065);
#1332=LINE('',#8807,#2066);
#1333=LINE('',#8808,#2067);
#1334=LINE('',#8810,#2068);
#1335=LINE('',#8811,#2069);
#1336=LINE('',#8813,#2070);
#1337=LINE('',#8815,#2071);
#1338=LINE('',#8816,#2072);
#1339=LINE('',#8818,#2073);
#1340=LINE('',#8820,#2074);
#1341=LINE('',#8821,#2075);
#1342=LINE('',#8823,#2076);
#1343=LINE('',#8825,#2077);
#1344=LINE('',#8826,#2078);
#1345=LINE('',#8828,#2079);
#1346=LINE('',#8830,#2080);
#1347=LINE('',#8831,#2081);
#1348=LINE('',#8833,#2082);
#1349=LINE('',#8834,#2083);
#1350=LINE('',#8836,#2084);
#1351=LINE('',#8838,#2085);
#1352=LINE('',#8839,#2086);
#1353=LINE('',#8841,#2087);
#1354=LINE('',#8843,#2088);
#1355=LINE('',#8844,#2089);
#1356=LINE('',#8846,#2090);
#1357=LINE('',#8848,#2091);
#1358=LINE('',#8849,#2092);
#1359=LINE('',#8851,#2093);
#1360=LINE('',#8853,#2094);
#1361=LINE('',#8854,#2095);
#1362=LINE('',#8856,#2096);
#1363=LINE('',#8858,#2097);
#1364=LINE('',#8859,#2098);
#1365=LINE('',#8861,#2099);
#1366=LINE('',#8862,#2100);
#1367=LINE('',#8864,#2101);
#1368=LINE('',#8866,#2102);
#1369=LINE('',#8867,#2103);
#1370=LINE('',#8869,#2104);
#1371=LINE('',#8870,#2105);
#1372=LINE('',#8872,#2106);
#1373=LINE('',#8873,#2107);
#1374=LINE('',#8875,#2108);
#1375=LINE('',#8876,#2109);
#1376=LINE('',#8878,#2110);
#1377=LINE('',#8879,#2111);
#1378=LINE('',#8881,#2112);
#1379=LINE('',#8883,#2113);
#1380=LINE('',#8886,#2114);
#1381=LINE('',#8888,#2115);
#1382=LINE('',#8890,#2116);
#1383=LINE('',#8892,#2117);
#1384=LINE('',#8894,#2118);
#1385=LINE('',#8896,#2119);
#1386=LINE('',#8898,#2120);
#1387=LINE('',#8900,#2121);
#1388=LINE('',#8902,#2122);
#1389=LINE('',#8904,#2123);
#1390=LINE('',#8906,#2124);
#1391=LINE('',#8908,#2125);
#1392=LINE('',#8910,#2126);
#1393=LINE('',#8912,#2127);
#1394=LINE('',#8914,#2128);
#1395=LINE('',#8916,#2129);
#1396=LINE('',#8918,#2130);
#1397=LINE('',#8920,#2131);
#1398=LINE('',#8922,#2132);
#1399=LINE('',#8924,#2133);
#1400=LINE('',#8926,#2134);
#1401=LINE('',#8928,#2135);
#1402=LINE('',#8930,#2136);
#1403=LINE('',#8932,#2137);
#1404=LINE('',#8935,#2138);
#1405=LINE('',#8937,#2139);
#1406=LINE('',#8939,#2140);
#1407=LINE('',#8941,#2141);
#1408=LINE('',#8943,#2142);
#1409=LINE('',#8945,#2143);
#1410=LINE('',#8947,#2144);
#1411=LINE('',#8949,#2145);
#1412=LINE('',#8951,#2146);
#1413=LINE('',#8953,#2147);
#1414=LINE('',#8955,#2148);
#1415=LINE('',#8957,#2149);
#1416=LINE('',#8959,#2150);
#1417=LINE('',#8961,#2151);
#1418=LINE('',#8963,#2152);
#1419=LINE('',#8965,#2153);
#1420=LINE('',#8967,#2154);
#1421=LINE('',#8969,#2155);
#1422=LINE('',#8971,#2156);
#1423=LINE('',#8973,#2157);
#1424=LINE('',#8976,#2158);
#1425=LINE('',#8978,#2159);
#1426=LINE('',#8980,#2160);
#1427=LINE('',#8982,#2161);
#1428=LINE('',#8984,#2162);
#1429=LINE('',#8986,#2163);
#1430=LINE('',#8988,#2164);
#1431=LINE('',#8990,#2165);
#1432=LINE('',#8992,#2166);
#1433=LINE('',#8994,#2167);
#1434=LINE('',#8996,#2168);
#1435=LINE('',#8998,#2169);
#1436=LINE('',#9000,#2170);
#1437=LINE('',#9002,#2171);
#1438=LINE('',#9004,#2172);
#1439=LINE('',#9006,#2173);
#1440=LINE('',#9008,#2174);
#1441=LINE('',#9010,#2175);
#1442=LINE('',#9012,#2176);
#1443=LINE('',#9014,#2177);
#1444=LINE('',#9016,#2178);
#1445=VECTOR('',#5984,10.);
#1446=VECTOR('',#5985,10.);
#1447=VECTOR('',#5986,10.);
#1448=VECTOR('',#5987,10.);
#1449=VECTOR('',#5990,10.);
#1450=VECTOR('',#5991,10.);
#1451=VECTOR('',#5992,10.);
#1452=VECTOR('',#5995,10.);
#1453=VECTOR('',#5996,10.);
#1454=VECTOR('',#5997,10.);
#1455=VECTOR('',#6000,10.);
#1456=VECTOR('',#6001,10.);
#1457=VECTOR('',#6002,10.);
#1458=VECTOR('',#6003,10.);
#1459=VECTOR('',#6004,10.);
#1460=VECTOR('',#6005,10.);
#1461=VECTOR('',#6006,10.);
#1462=VECTOR('',#6007,10.);
#1463=VECTOR('',#6008,10.);
#1464=VECTOR('',#6009,10.);
#1465=VECTOR('',#6010,10.);
#1466=VECTOR('',#6011,10.);
#1467=VECTOR('',#6012,10.);
#1468=VECTOR('',#6013,10.);
#1469=VECTOR('',#6014,10.);
#1470=VECTOR('',#6015,10.);
#1471=VECTOR('',#6016,10.);
#1472=VECTOR('',#6017,10.);
#1473=VECTOR('',#6018,10.);
#1474=VECTOR('',#6019,10.);
#1475=VECTOR('',#6020,10.);
#1476=VECTOR('',#6021,10.);
#1477=VECTOR('',#6022,10.);
#1478=VECTOR('',#6023,10.);
#1479=VECTOR('',#6024,10.);
#1480=VECTOR('',#6025,10.);
#1481=VECTOR('',#6026,10.);
#1482=VECTOR('',#6027,10.);
#1483=VECTOR('',#6028,10.);
#1484=VECTOR('',#6029,10.);
#1485=VECTOR('',#6030,10.);
#1486=VECTOR('',#6031,10.);
#1487=VECTOR('',#6032,10.);
#1488=VECTOR('',#6033,10.);
#1489=VECTOR('',#6034,10.);
#1490=VECTOR('',#6035,10.);
#1491=VECTOR('',#6036,10.);
#1492=VECTOR('',#6037,10.);
#1493=VECTOR('',#6038,10.);
#1494=VECTOR('',#6039,10.);
#1495=VECTOR('',#6040,10.);
#1496=VECTOR('',#6041,10.);
#1497=VECTOR('',#6042,10.);
#1498=VECTOR('',#6043,10.);
#1499=VECTOR('',#6044,10.);
#1500=VECTOR('',#6045,10.);
#1501=VECTOR('',#6046,10.);
#1502=VECTOR('',#6047,10.);
#1503=VECTOR('',#6048,10.);
#1504=VECTOR('',#6049,10.);
#1505=VECTOR('',#6050,10.);
#1506=VECTOR('',#6051,10.);
#1507=VECTOR('',#6052,10.);
#1508=VECTOR('',#6053,10.);
#1509=VECTOR('',#6054,10.);
#1510=VECTOR('',#6055,10.);
#1511=VECTOR('',#6056,10.);
#1512=VECTOR('',#6057,10.);
#1513=VECTOR('',#6058,10.);
#1514=VECTOR('',#6059,10.);
#1515=VECTOR('',#6060,10.);
#1516=VECTOR('',#6061,10.);
#1517=VECTOR('',#6062,10.);
#1518=VECTOR('',#6063,10.);
#1519=VECTOR('',#6064,10.);
#1520=VECTOR('',#6065,10.);
#1521=VECTOR('',#6066,10.);
#1522=VECTOR('',#6067,10.);
#1523=VECTOR('',#6068,10.);
#1524=VECTOR('',#6069,10.);
#1525=VECTOR('',#6070,10.);
#1526=VECTOR('',#6071,10.);
#1527=VECTOR('',#6072,10.);
#1528=VECTOR('',#6073,10.);
#1529=VECTOR('',#6074,10.);
#1530=VECTOR('',#6075,10.);
#1531=VECTOR('',#6076,10.);
#1532=VECTOR('',#6079,10.);
#1533=VECTOR('',#6080,10.);
#1534=VECTOR('',#6081,10.);
#1535=VECTOR('',#6082,10.);
#1536=VECTOR('',#6083,10.);
#1537=VECTOR('',#6084,10.);
#1538=VECTOR('',#6087,10.);
#1539=VECTOR('',#6088,10.);
#1540=VECTOR('',#6089,10.);
#1541=VECTOR('',#6090,10.);
#1542=VECTOR('',#6091,10.);
#1543=VECTOR('',#6092,10.);
#1544=VECTOR('',#6093,10.);
#1545=VECTOR('',#6094,10.);
#1546=VECTOR('',#6095,10.);
#1547=VECTOR('',#6096,10.);
#1548=VECTOR('',#6097,10.);
#1549=VECTOR('',#6098,10.);
#1550=VECTOR('',#6099,10.);
#1551=VECTOR('',#6100,10.);
#1552=VECTOR('',#6101,10.);
#1553=VECTOR('',#6102,10.);
#1554=VECTOR('',#6103,10.);
#1555=VECTOR('',#6104,10.);
#1556=VECTOR('',#6105,10.);
#1557=VECTOR('',#6106,10.);
#1558=VECTOR('',#6107,10.);
#1559=VECTOR('',#6108,10.);
#1560=VECTOR('',#6109,10.);
#1561=VECTOR('',#6110,10.);
#1562=VECTOR('',#6111,10.);
#1563=VECTOR('',#6112,10.);
#1564=VECTOR('',#6113,10.);
#1565=VECTOR('',#6114,10.);
#1566=VECTOR('',#6117,10.);
#1567=VECTOR('',#6118,10.);
#1568=VECTOR('',#6119,10.);
#1569=VECTOR('',#6122,10.);
#1570=VECTOR('',#6123,10.);
#1571=VECTOR('',#6126,10.);
#1572=VECTOR('',#6127,10.);
#1573=VECTOR('',#6130,10.);
#1574=VECTOR('',#6131,10.);
#1575=VECTOR('',#6132,10.);
#1576=VECTOR('',#6133,10.);
#1577=VECTOR('',#6134,10.);
#1578=VECTOR('',#6135,10.);
#1579=VECTOR('',#6138,10.);
#1580=VECTOR('',#6139,10.);
#1581=VECTOR('',#6142,10.);
#1582=VECTOR('',#6143,10.);
#1583=VECTOR('',#6144,10.);
#1584=VECTOR('',#6145,10.);
#1585=VECTOR('',#6146,10.);
#1586=VECTOR('',#6147,10.);
#1587=VECTOR('',#6148,10.);
#1588=VECTOR('',#6149,10.);
#1589=VECTOR('',#6150,10.);
#1590=VECTOR('',#6151,10.);
#1591=VECTOR('',#6154,10.);
#1592=VECTOR('',#6155,10.);
#1593=VECTOR('',#6158,10.);
#1594=VECTOR('',#6159,10.);
#1595=VECTOR('',#6160,10.);
#1596=VECTOR('',#6161,10.);
#1597=VECTOR('',#6162,10.);
#1598=VECTOR('',#6163,10.);
#1599=VECTOR('',#6164,10.);
#1600=VECTOR('',#6165,10.);
#1601=VECTOR('',#6166,10.);
#1602=VECTOR('',#6167,10.);
#1603=VECTOR('',#6168,10.);
#1604=VECTOR('',#6169,10.);
#1605=VECTOR('',#6170,10.);
#1606=VECTOR('',#6171,10.);
#1607=VECTOR('',#6172,10.);
#1608=VECTOR('',#6173,10.);
#1609=VECTOR('',#6174,10.);
#1610=VECTOR('',#6175,10.);
#1611=VECTOR('',#6176,10.);
#1612=VECTOR('',#6177,10.);
#1613=VECTOR('',#6178,10.);
#1614=VECTOR('',#6179,10.);
#1615=VECTOR('',#6180,10.);
#1616=VECTOR('',#6181,10.);
#1617=VECTOR('',#6182,10.);
#1618=VECTOR('',#6183,10.);
#1619=VECTOR('',#6184,10.);
#1620=VECTOR('',#6187,10.);
#1621=VECTOR('',#6188,10.);
#1622=VECTOR('',#6189,10.);
#1623=VECTOR('',#6190,10.);
#1624=VECTOR('',#6191,10.);
#1625=VECTOR('',#6192,10.);
#1626=VECTOR('',#6193,10.);
#1627=VECTOR('',#6194,10.);
#1628=VECTOR('',#6195,10.);
#1629=VECTOR('',#6196,10.);
#1630=VECTOR('',#6197,10.);
#1631=VECTOR('',#6198,10.);
#1632=VECTOR('',#6199,10.);
#1633=VECTOR('',#6200,10.);
#1634=VECTOR('',#6201,10.);
#1635=VECTOR('',#6202,10.);
#1636=VECTOR('',#6203,10.);
#1637=VECTOR('',#6204,10.);
#1638=VECTOR('',#6205,10.);
#1639=VECTOR('',#6206,10.);
#1640=VECTOR('',#6207,10.);
#1641=VECTOR('',#6208,10.);
#1642=VECTOR('',#6211,10.);
#1643=VECTOR('',#6214,10.);
#1644=VECTOR('',#6217,10.);
#1645=VECTOR('',#6220,10.);
#1646=VECTOR('',#6223,10.);
#1647=VECTOR('',#6226,10.);
#1648=VECTOR('',#6229,10.);
#1649=VECTOR('',#6232,10.);
#1650=VECTOR('',#6235,10.);
#1651=VECTOR('',#6238,10.);
#1652=VECTOR('',#6241,10.);
#1653=VECTOR('',#6244,10.);
#1654=VECTOR('',#6247,10.);
#1655=VECTOR('',#6250,10.);
#1656=VECTOR('',#6253,10.);
#1657=VECTOR('',#6256,10.);
#1658=VECTOR('',#6259,10.);
#1659=VECTOR('',#6262,10.);
#1660=VECTOR('',#6265,10.);
#1661=VECTOR('',#6268,10.);
#1662=VECTOR('',#6271,10.);
#1663=VECTOR('',#6274,10.);
#1664=VECTOR('',#6277,10.);
#1665=VECTOR('',#6280,10.);
#1666=VECTOR('',#6283,10.);
#1667=VECTOR('',#6284,10.);
#1668=VECTOR('',#6285,10.);
#1669=VECTOR('',#6286,10.);
#1670=VECTOR('',#6287,10.);
#1671=VECTOR('',#6290,10.);
#1672=VECTOR('',#6291,10.);
#1673=VECTOR('',#6294,10.);
#1674=VECTOR('',#6295,10.);
#1675=VECTOR('',#6298,10.);
#1676=VECTOR('',#6299,10.);
#1677=VECTOR('',#6300,10.);
#1678=VECTOR('',#6301,10.);
#1679=VECTOR('',#6316,1.25);
#1680=VECTOR('',#6321,1.25);
#1681=VECTOR('',#6326,1.25);
#1682=VECTOR('',#6331,10.);
#1683=VECTOR('',#6334,10.);
#1684=VECTOR('',#6335,10.);
#1685=VECTOR('',#6338,10.);
#1686=VECTOR('',#6339,10.);
#1687=VECTOR('',#6340,10.);
#1688=VECTOR('',#6343,10.);
#1689=VECTOR('',#6344,10.);
#1690=VECTOR('',#6345,10.);
#1691=VECTOR('',#6348,10.);
#1692=VECTOR('',#6351,10.);
#1693=VECTOR('',#6352,10.);
#1694=VECTOR('',#6353,10.);
#1695=VECTOR('',#6354,10.);
#1696=VECTOR('',#6357,10.);
#1697=VECTOR('',#6358,10.);
#1698=VECTOR('',#6359,10.);
#1699=VECTOR('',#6362,10.);
#1700=VECTOR('',#6363,10.);
#1701=VECTOR('',#6364,10.);
#1702=VECTOR('',#6369,10.);
#1703=VECTOR('',#6372,10.);
#1704=VECTOR('',#6375,10.);
#1705=VECTOR('',#6376,10.);
#1706=VECTOR('',#6377,10.);
#1707=VECTOR('',#6384,10.);
#1708=VECTOR('',#6387,10.);
#1709=VECTOR('',#6388,10.);
#1710=VECTOR('',#6389,10.);
#1711=VECTOR('',#6396,10.);
#1712=VECTOR('',#6399,10.);
#1713=VECTOR('',#6400,10.);
#1714=VECTOR('',#6401,10.);
#1715=VECTOR('',#6408,10.);
#1716=VECTOR('',#6411,10.);
#1717=VECTOR('',#6412,10.);
#1718=VECTOR('',#6417,10.);
#1719=VECTOR('',#6420,10.);
#1720=VECTOR('',#6423,10.);
#1721=VECTOR('',#6424,10.);
#1722=VECTOR('',#6425,10.);
#1723=VECTOR('',#6432,10.);
#1724=VECTOR('',#6435,10.);
#1725=VECTOR('',#6436,10.);
#1726=VECTOR('',#6437,10.);
#1727=VECTOR('',#6444,10.);
#1728=VECTOR('',#6447,10.);
#1729=VECTOR('',#6448,10.);
#1730=VECTOR('',#6449,10.);
#1731=VECTOR('',#6456,10.);
#1732=VECTOR('',#6459,10.);
#1733=VECTOR('',#6460,10.);
#1734=VECTOR('',#6465,10.);
#1735=VECTOR('',#6468,10.);
#1736=VECTOR('',#6471,10.);
#1737=VECTOR('',#6472,10.);
#1738=VECTOR('',#6473,10.);
#1739=VECTOR('',#6480,10.);
#1740=VECTOR('',#6483,10.);
#1741=VECTOR('',#6484,10.);
#1742=VECTOR('',#6485,10.);
#1743=VECTOR('',#6492,10.);
#1744=VECTOR('',#6495,10.);
#1745=VECTOR('',#6496,10.);
#1746=VECTOR('',#6497,10.);
#1747=VECTOR('',#6504,10.);
#1748=VECTOR('',#6507,10.);
#1749=VECTOR('',#6508,10.);
#1750=VECTOR('',#6513,10.);
#1751=VECTOR('',#6516,10.);
#1752=VECTOR('',#6519,10.);
#1753=VECTOR('',#6520,10.);
#1754=VECTOR('',#6521,10.);
#1755=VECTOR('',#6528,10.);
#1756=VECTOR('',#6531,10.);
#1757=VECTOR('',#6532,10.);
#1758=VECTOR('',#6533,10.);
#1759=VECTOR('',#6540,10.);
#1760=VECTOR('',#6543,10.);
#1761=VECTOR('',#6544,10.);
#1762=VECTOR('',#6545,10.);
#1763=VECTOR('',#6552,10.);
#1764=VECTOR('',#6555,10.);
#1765=VECTOR('',#6556,10.);
#1766=VECTOR('',#6561,10.);
#1767=VECTOR('',#6564,10.);
#1768=VECTOR('',#6567,10.);
#1769=VECTOR('',#6568,10.);
#1770=VECTOR('',#6569,10.);
#1771=VECTOR('',#6576,10.);
#1772=VECTOR('',#6579,10.);
#1773=VECTOR('',#6580,10.);
#1774=VECTOR('',#6581,10.);
#1775=VECTOR('',#6588,10.);
#1776=VECTOR('',#6591,10.);
#1777=VECTOR('',#6592,10.);
#1778=VECTOR('',#6593,10.);
#1779=VECTOR('',#6600,10.);
#1780=VECTOR('',#6603,10.);
#1781=VECTOR('',#6604,10.);
#1782=VECTOR('',#6609,10.);
#1783=VECTOR('',#6612,10.);
#1784=VECTOR('',#6615,10.);
#1785=VECTOR('',#6616,10.);
#1786=VECTOR('',#6617,10.);
#1787=VECTOR('',#6624,10.);
#1788=VECTOR('',#6627,10.);
#1789=VECTOR('',#6628,10.);
#1790=VECTOR('',#6629,10.);
#1791=VECTOR('',#6636,10.);
#1792=VECTOR('',#6639,10.);
#1793=VECTOR('',#6640,10.);
#1794=VECTOR('',#6641,10.);
#1795=VECTOR('',#6648,10.);
#1796=VECTOR('',#6651,10.);
#1797=VECTOR('',#6652,10.);
#1798=VECTOR('',#6655,10.);
#1799=VECTOR('',#6656,10.);
#1800=VECTOR('',#6659,10.);
#1801=VECTOR('',#6662,10.);
#1802=VECTOR('',#6665,10.);
#1803=VECTOR('',#6668,10.);
#1804=VECTOR('',#6671,10.);
#1805=VECTOR('',#6674,10.);
#1806=VECTOR('',#6679,10.);
#1807=VECTOR('',#6680,10.);
#1808=VECTOR('',#6683,10.);
#1809=VECTOR('',#6686,10.);
#1810=VECTOR('',#6689,10.);
#1811=VECTOR('',#6692,10.);
#1812=VECTOR('',#6695,10.);
#1813=VECTOR('',#6698,10.);
#1814=VECTOR('',#6703,10.);
#1815=VECTOR('',#6704,10.);
#1816=VECTOR('',#6707,10.);
#1817=VECTOR('',#6710,10.);
#1818=VECTOR('',#6713,10.);
#1819=VECTOR('',#6716,10.);
#1820=VECTOR('',#6719,10.);
#1821=VECTOR('',#6722,10.);
#1822=VECTOR('',#6727,10.);
#1823=VECTOR('',#6728,10.);
#1824=VECTOR('',#6731,10.);
#1825=VECTOR('',#6734,10.);
#1826=VECTOR('',#6737,10.);
#1827=VECTOR('',#6740,10.);
#1828=VECTOR('',#6743,10.);
#1829=VECTOR('',#6746,10.);
#1830=VECTOR('',#6751,10.);
#1831=VECTOR('',#6752,10.);
#1832=VECTOR('',#6755,10.);
#1833=VECTOR('',#6758,10.);
#1834=VECTOR('',#6761,10.);
#1835=VECTOR('',#6764,10.);
#1836=VECTOR('',#6767,10.);
#1837=VECTOR('',#6770,10.);
#1838=VECTOR('',#6775,10.);
#1839=VECTOR('',#6776,10.);
#1840=VECTOR('',#6779,10.);
#1841=VECTOR('',#6782,10.);
#1842=VECTOR('',#6785,10.);
#1843=VECTOR('',#6788,10.);
#1844=VECTOR('',#6791,10.);
#1845=VECTOR('',#6794,10.);
#1846=VECTOR('',#6799,10.);
#1847=VECTOR('',#6800,10.);
#1848=VECTOR('',#6801,10.);
#1849=VECTOR('',#6802,10.);
#1850=VECTOR('',#6805,10.);
#1851=VECTOR('',#6806,10.);
#1852=VECTOR('',#6807,10.);
#1853=VECTOR('',#6808,10.);
#1854=VECTOR('',#6813,10.);
#1855=VECTOR('',#6814,10.);
#1856=VECTOR('',#6815,10.);
#1857=VECTOR('',#6818,10.);
#1858=VECTOR('',#6819,10.);
#1859=VECTOR('',#6824,10.);
#1860=VECTOR('',#6827,10.);
#1861=VECTOR('',#6830,10.);
#1862=VECTOR('',#6831,10.);
#1863=VECTOR('',#6832,10.);
#1864=VECTOR('',#6833,10.);
#1865=VECTOR('',#6836,10.);
#1866=VECTOR('',#6837,10.);
#1867=VECTOR('',#6838,10.);
#1868=VECTOR('',#6839,10.);
#1869=VECTOR('',#6842,10.);
#1870=VECTOR('',#6843,10.);
#1871=VECTOR('',#6848,10.);
#1872=VECTOR('',#6851,10.);
#1873=VECTOR('',#6854,10.);
#1874=VECTOR('',#6855,10.);
#1875=VECTOR('',#6856,10.);
#1876=VECTOR('',#6861,10.);
#1877=VECTOR('',#6864,10.);
#1878=VECTOR('',#6865,10.);
#1879=VECTOR('',#6868,10.);
#1880=VECTOR('',#6869,10.);
#1881=VECTOR('',#6872,10.);
#1882=VECTOR('',#6873,10.);
#1883=VECTOR('',#6876,10.);
#1884=VECTOR('',#6877,10.);
#1885=VECTOR('',#6878,10.);
#1886=VECTOR('',#6879,10.);
#1887=VECTOR('',#6882,10.);
#1888=VECTOR('',#6883,10.);
#1889=VECTOR('',#6884,10.);
#1890=VECTOR('',#6885,10.);
#1891=VECTOR('',#6888,10.);
#1892=VECTOR('',#6889,10.);
#1893=VECTOR('',#6890,10.);
#1894=VECTOR('',#6893,10.);
#1895=VECTOR('',#6894,10.);
#1896=VECTOR('',#6897,10.);
#1897=VECTOR('',#6898,10.);
#1898=VECTOR('',#6899,10.);
#1899=VECTOR('',#6900,10.);
#1900=VECTOR('',#6903,10.);
#1901=VECTOR('',#6904,10.);
#1902=VECTOR('',#6907,10.);
#1903=VECTOR('',#6908,10.);
#1904=VECTOR('',#6909,10.);
#1905=VECTOR('',#6912,10.);
#1906=VECTOR('',#6913,10.);
#1907=VECTOR('',#6914,10.);
#1908=VECTOR('',#6917,10.);
#1909=VECTOR('',#6918,10.);
#1910=VECTOR('',#6919,10.);
#1911=VECTOR('',#6920,10.);
#1912=VECTOR('',#6923,10.);
#1913=VECTOR('',#6924,10.);
#1914=VECTOR('',#6925,10.);
#1915=VECTOR('',#6928,10.);
#1916=VECTOR('',#6929,10.);
#1917=VECTOR('',#6930,10.);
#1918=VECTOR('',#6931,10.);
#1919=VECTOR('',#6934,10.);
#1920=VECTOR('',#6935,10.);
#1921=VECTOR('',#6936,10.);
#1922=VECTOR('',#6939,10.);
#1923=VECTOR('',#6940,10.);
#1924=VECTOR('',#6941,10.);
#1925=VECTOR('',#6944,10.);
#1926=VECTOR('',#6945,10.);
#1927=VECTOR('',#6946,10.);
#1928=VECTOR('',#6949,10.);
#1929=VECTOR('',#6950,10.);
#1930=VECTOR('',#6951,10.);
#1931=VECTOR('',#6954,10.);
#1932=VECTOR('',#6955,10.);
#1933=VECTOR('',#6956,10.);
#1934=VECTOR('',#6957,10.);
#1935=VECTOR('',#6960,10.);
#1936=VECTOR('',#6961,10.);
#1937=VECTOR('',#6962,10.);
#1938=VECTOR('',#6965,10.);
#1939=VECTOR('',#6966,10.);
#1940=VECTOR('',#6967,10.);
#1941=VECTOR('',#6968,10.);
#1942=VECTOR('',#6971,10.);
#1943=VECTOR('',#6972,10.);
#1944=VECTOR('',#6975,10.);
#1945=VECTOR('',#6976,10.);
#1946=VECTOR('',#6977,10.);
#1947=VECTOR('',#6978,10.);
#1948=VECTOR('',#6979,10.);
#1949=VECTOR('',#6980,10.);
#1950=VECTOR('',#6981,10.);
#1951=VECTOR('',#6982,10.);
#1952=VECTOR('',#6983,10.);
#1953=VECTOR('',#6984,10.);
#1954=VECTOR('',#6985,10.);
#1955=VECTOR('',#6986,10.);
#1956=VECTOR('',#6989,10.);
#1957=VECTOR('',#6992,10.);
#1958=VECTOR('',#6993,10.);
#1959=VECTOR('',#6996,10.);
#1960=VECTOR('',#6997,10.);
#1961=VECTOR('',#7000,10.);
#1962=VECTOR('',#7001,10.);
#1963=VECTOR('',#7002,10.);
#1964=VECTOR('',#7003,10.);
#1965=VECTOR('',#7006,10.);
#1966=VECTOR('',#7007,10.);
#1967=VECTOR('',#7008,10.);
#1968=VECTOR('',#7011,10.);
#1969=VECTOR('',#7012,10.);
#1970=VECTOR('',#7013,10.);
#1971=VECTOR('',#7014,10.);
#1972=VECTOR('',#7017,10.);
#1973=VECTOR('',#7018,10.);
#1974=VECTOR('',#7019,10.);
#1975=VECTOR('',#7022,10.);
#1976=VECTOR('',#7023,10.);
#1977=VECTOR('',#7024,10.);
#1978=VECTOR('',#7025,10.);
#1979=VECTOR('',#7028,10.);
#1980=VECTOR('',#7029,10.);
#1981=VECTOR('',#7030,10.);
#1982=VECTOR('',#7033,10.);
#1983=VECTOR('',#7034,10.);
#1984=VECTOR('',#7035,10.);
#1985=VECTOR('',#7036,10.);
#1986=VECTOR('',#7039,10.);
#1987=VECTOR('',#7040,10.);
#1988=VECTOR('',#7041,10.);
#1989=VECTOR('',#7044,10.);
#1990=VECTOR('',#7045,10.);
#1991=VECTOR('',#7046,10.);
#1992=VECTOR('',#7047,10.);
#1993=VECTOR('',#7050,10.);
#1994=VECTOR('',#7051,10.);
#1995=VECTOR('',#7054,10.);
#1996=VECTOR('',#7055,10.);
#1997=VECTOR('',#7056,10.);
#1998=VECTOR('',#7057,10.);
#1999=VECTOR('',#7058,10.);
#2000=VECTOR('',#7059,10.);
#2001=VECTOR('',#7060,10.);
#2002=VECTOR('',#7061,10.);
#2003=VECTOR('',#7062,10.);
#2004=VECTOR('',#7063,10.);
#2005=VECTOR('',#7064,10.);
#2006=VECTOR('',#7067,10.);
#2007=VECTOR('',#7070,10.);
#2008=VECTOR('',#7071,10.);
#2009=VECTOR('',#7072,10.);
#2010=VECTOR('',#7075,10.);
#2011=VECTOR('',#7076,10.);
#2012=VECTOR('',#7077,10.);
#2013=VECTOR('',#7078,10.);
#2014=VECTOR('',#7081,10.);
#2015=VECTOR('',#7082,10.);
#2016=VECTOR('',#7083,10.);
#2017=VECTOR('',#7084,10.);
#2018=VECTOR('',#7087,10.);
#2019=VECTOR('',#7088,10.);
#2020=VECTOR('',#7089,10.);
#2021=VECTOR('',#7092,10.);
#2022=VECTOR('',#7093,10.);
#2023=VECTOR('',#7094,10.);
#2024=VECTOR('',#7097,10.);
#2025=VECTOR('',#7098,10.);
#2026=VECTOR('',#7099,10.);
#2027=VECTOR('',#7100,10.);
#2028=VECTOR('',#7103,10.);
#2029=VECTOR('',#7104,10.);
#2030=VECTOR('',#7105,10.);
#2031=VECTOR('',#7106,10.);
#2032=VECTOR('',#7107,10.);
#2033=VECTOR('',#7108,10.);
#2034=VECTOR('',#7109,10.);
#2035=VECTOR('',#7110,10.);
#2036=VECTOR('',#7111,10.);
#2037=VECTOR('',#7112,10.);
#2038=VECTOR('',#7113,10.);
#2039=VECTOR('',#7114,10.);
#2040=VECTOR('',#7115,10.);
#2041=VECTOR('',#7116,10.);
#2042=VECTOR('',#7117,10.);
#2043=VECTOR('',#7118,10.);
#2044=VECTOR('',#7119,10.);
#2045=VECTOR('',#7120,10.);
#2046=VECTOR('',#7121,10.);
#2047=VECTOR('',#7122,10.);
#2048=VECTOR('',#7125,10.);
#2049=VECTOR('',#7126,10.);
#2050=VECTOR('',#7127,10.);
#2051=VECTOR('',#7130,10.);
#2052=VECTOR('',#7131,10.);
#2053=VECTOR('',#7132,10.);
#2054=VECTOR('',#7133,10.);
#2055=VECTOR('',#7134,10.);
#2056=VECTOR('',#7135,10.);
#2057=VECTOR('',#7136,10.);
#2058=VECTOR('',#7137,10.);
#2059=VECTOR('',#7138,10.);
#2060=VECTOR('',#7139,10.);
#2061=VECTOR('',#7140,10.);
#2062=VECTOR('',#7141,10.);
#2063=VECTOR('',#7142,10.);
#2064=VECTOR('',#7143,10.);
#2065=VECTOR('',#7144,10.);
#2066=VECTOR('',#7145,10.);
#2067=VECTOR('',#7146,10.);
#2068=VECTOR('',#7147,10.);
#2069=VECTOR('',#7148,10.);
#2070=VECTOR('',#7149,10.);
#2071=VECTOR('',#7150,10.);
#2072=VECTOR('',#7151,10.);
#2073=VECTOR('',#7152,10.);
#2074=VECTOR('',#7153,10.);
#2075=VECTOR('',#7154,10.);
#2076=VECTOR('',#7155,10.);
#2077=VECTOR('',#7156,10.);
#2078=VECTOR('',#7157,10.);
#2079=VECTOR('',#7158,10.);
#2080=VECTOR('',#7159,10.);
#2081=VECTOR('',#7160,10.);
#2082=VECTOR('',#7161,10.);
#2083=VECTOR('',#7162,10.);
#2084=VECTOR('',#7163,10.);
#2085=VECTOR('',#7164,10.);
#2086=VECTOR('',#7165,10.);
#2087=VECTOR('',#7166,10.);
#2088=VECTOR('',#7167,10.);
#2089=VECTOR('',#7168,10.);
#2090=VECTOR('',#7169,10.);
#2091=VECTOR('',#7170,10.);
#2092=VECTOR('',#7171,10.);
#2093=VECTOR('',#7172,10.);
#2094=VECTOR('',#7173,10.);
#2095=VECTOR('',#7174,10.);
#2096=VECTOR('',#7175,10.);
#2097=VECTOR('',#7176,10.);
#2098=VECTOR('',#7177,10.);
#2099=VECTOR('',#7178,10.);
#2100=VECTOR('',#7179,10.);
#2101=VECTOR('',#7182,10.);
#2102=VECTOR('',#7185,10.);
#2103=VECTOR('',#7186,10.);
#2104=VECTOR('',#7189,10.);
#2105=VECTOR('',#7190,10.);
#2106=VECTOR('',#7193,10.);
#2107=VECTOR('',#7194,10.);
#2108=VECTOR('',#7197,10.);
#2109=VECTOR('',#7198,10.);
#2110=VECTOR('',#7201,10.);
#2111=VECTOR('',#7202,10.);
#2112=VECTOR('',#7205,10.);
#2113=VECTOR('',#7208,10.);
#2114=VECTOR('',#7213,10.);
#2115=VECTOR('',#7216,10.);
#2116=VECTOR('',#7219,10.);
#2117=VECTOR('',#7222,10.);
#2118=VECTOR('',#7225,10.);
#2119=VECTOR('',#7228,10.);
#2120=VECTOR('',#7231,10.);
#2121=VECTOR('',#7234,10.);
#2122=VECTOR('',#7237,10.);
#2123=VECTOR('',#7240,10.);
#2124=VECTOR('',#7243,10.);
#2125=VECTOR('',#7246,10.);
#2126=VECTOR('',#7249,10.);
#2127=VECTOR('',#7252,10.);
#2128=VECTOR('',#7255,10.);
#2129=VECTOR('',#7258,10.);
#2130=VECTOR('',#7261,10.);
#2131=VECTOR('',#7264,10.);
#2132=VECTOR('',#7267,10.);
#2133=VECTOR('',#7270,10.);
#2134=VECTOR('',#7273,10.);
#2135=VECTOR('',#7276,10.);
#2136=VECTOR('',#7279,10.);
#2137=VECTOR('',#7282,10.);
#2138=VECTOR('',#7287,10.);
#2139=VECTOR('',#7290,10.);
#2140=VECTOR('',#7293,10.);
#2141=VECTOR('',#7296,10.);
#2142=VECTOR('',#7299,10.);
#2143=VECTOR('',#7302,10.);
#2144=VECTOR('',#7305,10.);
#2145=VECTOR('',#7308,10.);
#2146=VECTOR('',#7311,10.);
#2147=VECTOR('',#7314,10.);
#2148=VECTOR('',#7317,10.);
#2149=VECTOR('',#7320,10.);
#2150=VECTOR('',#7323,10.);
#2151=VECTOR('',#7326,10.);
#2152=VECTOR('',#7329,10.);
#2153=VECTOR('',#7332,10.);
#2154=VECTOR('',#7335,10.);
#2155=VECTOR('',#7338,10.);
#2156=VECTOR('',#7341,10.);
#2157=VECTOR('',#7344,10.);
#2158=VECTOR('',#7349,10.);
#2159=VECTOR('',#7352,10.);
#2160=VECTOR('',#7355,10.);
#2161=VECTOR('',#7358,10.);
#2162=VECTOR('',#7361,10.);
#2163=VECTOR('',#7364,10.);
#2164=VECTOR('',#7367,10.);
#2165=VECTOR('',#7370,10.);
#2166=VECTOR('',#7373,10.);
#2167=VECTOR('',#7376,10.);
#2168=VECTOR('',#7379,10.);
#2169=VECTOR('',#7382,10.);
#2170=VECTOR('',#7385,10.);
#2171=VECTOR('',#7388,10.);
#2172=VECTOR('',#7391,10.);
#2173=VECTOR('',#7394,10.);
#2174=VECTOR('',#7397,10.);
#2175=VECTOR('',#7400,10.);
#2176=VECTOR('',#7403,10.);
#2177=VECTOR('',#7406,10.);
#2178=VECTOR('',#7409,10.);
#2179=VERTEX_POINT('',#7414);
#2180=VERTEX_POINT('',#7415);
#2181=VERTEX_POINT('',#7417);
#2182=VERTEX_POINT('',#7419);
#2183=VERTEX_POINT('',#7423);
#2184=VERTEX_POINT('',#7425);
#2185=VERTEX_POINT('',#7429);
#2186=VERTEX_POINT('',#7431);
#2187=VERTEX_POINT('',#7435);
#2188=VERTEX_POINT('',#7437);
#2189=VERTEX_POINT('',#7439);
#2190=VERTEX_POINT('',#7441);
#2191=VERTEX_POINT('',#7443);
#2192=VERTEX_POINT('',#7445);
#2193=VERTEX_POINT('',#7447);
#2194=VERTEX_POINT('',#7449);
#2195=VERTEX_POINT('',#7451);
#2196=VERTEX_POINT('',#7453);
#2197=VERTEX_POINT('',#7455);
#2198=VERTEX_POINT('',#7457);
#2199=VERTEX_POINT('',#7459);
#2200=VERTEX_POINT('',#7461);
#2201=VERTEX_POINT('',#7463);
#2202=VERTEX_POINT('',#7465);
#2203=VERTEX_POINT('',#7467);
#2204=VERTEX_POINT('',#7469);
#2205=VERTEX_POINT('',#7471);
#2206=VERTEX_POINT('',#7473);
#2207=VERTEX_POINT('',#7475);
#2208=VERTEX_POINT('',#7477);
#2209=VERTEX_POINT('',#7479);
#2210=VERTEX_POINT('',#7481);
#2211=VERTEX_POINT('',#7483);
#2212=VERTEX_POINT('',#7485);
#2213=VERTEX_POINT('',#7487);
#2214=VERTEX_POINT('',#7489);
#2215=VERTEX_POINT('',#7491);
#2216=VERTEX_POINT('',#7493);
#2217=VERTEX_POINT('',#7495);
#2218=VERTEX_POINT('',#7497);
#2219=VERTEX_POINT('',#7499);
#2220=VERTEX_POINT('',#7501);
#2221=VERTEX_POINT('',#7503);
#2222=VERTEX_POINT('',#7505);
#2223=VERTEX_POINT('',#7507);
#2224=VERTEX_POINT('',#7509);
#2225=VERTEX_POINT('',#7511);
#2226=VERTEX_POINT('',#7513);
#2227=VERTEX_POINT('',#7515);
#2228=VERTEX_POINT('',#7517);
#2229=VERTEX_POINT('',#7519);
#2230=VERTEX_POINT('',#7521);
#2231=VERTEX_POINT('',#7523);
#2232=VERTEX_POINT('',#7525);
#2233=VERTEX_POINT('',#7527);
#2234=VERTEX_POINT('',#7529);
#2235=VERTEX_POINT('',#7531);
#2236=VERTEX_POINT('',#7533);
#2237=VERTEX_POINT('',#7535);
#2238=VERTEX_POINT('',#7537);
#2239=VERTEX_POINT('',#7539);
#2240=VERTEX_POINT('',#7541);
#2241=VERTEX_POINT('',#7543);
#2242=VERTEX_POINT('',#7545);
#2243=VERTEX_POINT('',#7547);
#2244=VERTEX_POINT('',#7549);
#2245=VERTEX_POINT('',#7551);
#2246=VERTEX_POINT('',#7553);
#2247=VERTEX_POINT('',#7555);
#2248=VERTEX_POINT('',#7557);
#2249=VERTEX_POINT('',#7559);
#2250=VERTEX_POINT('',#7561);
#2251=VERTEX_POINT('',#7563);
#2252=VERTEX_POINT('',#7565);
#2253=VERTEX_POINT('',#7567);
#2254=VERTEX_POINT('',#7569);
#2255=VERTEX_POINT('',#7571);
#2256=VERTEX_POINT('',#7573);
#2257=VERTEX_POINT('',#7575);
#2258=VERTEX_POINT('',#7577);
#2259=VERTEX_POINT('',#7579);
#2260=VERTEX_POINT('',#7581);
#2261=VERTEX_POINT('',#7583);
#2262=VERTEX_POINT('',#7585);
#2263=VERTEX_POINT('',#7589);
#2264=VERTEX_POINT('',#7591);
#2265=VERTEX_POINT('',#7593);
#2266=VERTEX_POINT('',#7595);
#2267=VERTEX_POINT('',#7597);
#2268=VERTEX_POINT('',#7601);
#2269=VERTEX_POINT('',#7603);
#2270=VERTEX_POINT('',#7605);
#2271=VERTEX_POINT('',#7607);
#2272=VERTEX_POINT('',#7609);
#2273=VERTEX_POINT('',#7611);
#2274=VERTEX_POINT('',#7613);
#2275=VERTEX_POINT('',#7615);
#2276=VERTEX_POINT('',#7617);
#2277=VERTEX_POINT('',#7619);
#2278=VERTEX_POINT('',#7621);
#2279=VERTEX_POINT('',#7623);
#2280=VERTEX_POINT('',#7625);
#2281=VERTEX_POINT('',#7627);
#2282=VERTEX_POINT('',#7629);
#2283=VERTEX_POINT('',#7631);
#2284=VERTEX_POINT('',#7633);
#2285=VERTEX_POINT('',#7635);
#2286=VERTEX_POINT('',#7637);
#2287=VERTEX_POINT('',#7639);
#2288=VERTEX_POINT('',#7641);
#2289=VERTEX_POINT('',#7643);
#2290=VERTEX_POINT('',#7645);
#2291=VERTEX_POINT('',#7647);
#2292=VERTEX_POINT('',#7649);
#2293=VERTEX_POINT('',#7651);
#2294=VERTEX_POINT('',#7653);
#2295=VERTEX_POINT('',#7657);
#2296=VERTEX_POINT('',#7659);
#2297=VERTEX_POINT('',#7663);
#2298=VERTEX_POINT('',#7667);
#2299=VERTEX_POINT('',#7671);
#2300=VERTEX_POINT('',#7673);
#2301=VERTEX_POINT('',#7675);
#2302=VERTEX_POINT('',#7677);
#2303=VERTEX_POINT('',#7679);
#2304=VERTEX_POINT('',#7683);
#2305=VERTEX_POINT('',#7687);
#2306=VERTEX_POINT('',#7689);
#2307=VERTEX_POINT('',#7691);
#2308=VERTEX_POINT('',#7693);
#2309=VERTEX_POINT('',#7695);
#2310=VERTEX_POINT('',#7697);
#2311=VERTEX_POINT('',#7699);
#2312=VERTEX_POINT('',#7701);
#2313=VERTEX_POINT('',#7703);
#2314=VERTEX_POINT('',#7710);
#2315=VERTEX_POINT('',#7712);
#2316=VERTEX_POINT('',#7714);
#2317=VERTEX_POINT('',#7716);
#2318=VERTEX_POINT('',#7718);
#2319=VERTEX_POINT('',#7720);
#2320=VERTEX_POINT('',#7722);
#2321=VERTEX_POINT('',#7724);
#2322=VERTEX_POINT('',#7726);
#2323=VERTEX_POINT('',#7728);
#2324=VERTEX_POINT('',#7730);
#2325=VERTEX_POINT('',#7732);
#2326=VERTEX_POINT('',#7734);
#2327=VERTEX_POINT('',#7736);
#2328=VERTEX_POINT('',#7738);
#2329=VERTEX_POINT('',#7740);
#2330=VERTEX_POINT('',#7742);
#2331=VERTEX_POINT('',#7744);
#2332=VERTEX_POINT('',#7746);
#2333=VERTEX_POINT('',#7748);
#2334=VERTEX_POINT('',#7750);
#2335=VERTEX_POINT('',#7752);
#2336=VERTEX_POINT('',#7754);
#2337=VERTEX_POINT('',#7756);
#2338=VERTEX_POINT('',#7758);
#2339=VERTEX_POINT('',#7760);
#2340=VERTEX_POINT('',#7764);
#2341=VERTEX_POINT('',#7766);
#2342=VERTEX_POINT('',#7768);
#2343=VERTEX_POINT('',#7770);
#2344=VERTEX_POINT('',#7772);
#2345=VERTEX_POINT('',#7774);
#2346=VERTEX_POINT('',#7776);
#2347=VERTEX_POINT('',#7778);
#2348=VERTEX_POINT('',#7780);
#2349=VERTEX_POINT('',#7782);
#2350=VERTEX_POINT('',#7784);
#2351=VERTEX_POINT('',#7786);
#2352=VERTEX_POINT('',#7788);
#2353=VERTEX_POINT('',#7790);
#2354=VERTEX_POINT('',#7792);
#2355=VERTEX_POINT('',#7794);
#2356=VERTEX_POINT('',#7796);
#2357=VERTEX_POINT('',#7798);
#2358=VERTEX_POINT('',#7800);
#2359=VERTEX_POINT('',#7802);
#2360=VERTEX_POINT('',#7804);
#2361=VERTEX_POINT('',#7807);
#2362=VERTEX_POINT('',#7808);
#2363=VERTEX_POINT('',#7810);
#2364=VERTEX_POINT('',#7812);
#2365=VERTEX_POINT('',#7814);
#2366=VERTEX_POINT('',#7816);
#2367=VERTEX_POINT('',#7818);
#2368=VERTEX_POINT('',#7820);
#2369=VERTEX_POINT('',#7823);
#2370=VERTEX_POINT('',#7824);
#2371=VERTEX_POINT('',#7826);
#2372=VERTEX_POINT('',#7828);
#2373=VERTEX_POINT('',#7830);
#2374=VERTEX_POINT('',#7832);
#2375=VERTEX_POINT('',#7834);
#2376=VERTEX_POINT('',#7836);
#2377=VERTEX_POINT('',#7839);
#2378=VERTEX_POINT('',#7840);
#2379=VERTEX_POINT('',#7842);
#2380=VERTEX_POINT('',#7844);
#2381=VERTEX_POINT('',#7846);
#2382=VERTEX_POINT('',#7848);
#2383=VERTEX_POINT('',#7850);
#2384=VERTEX_POINT('',#7852);
#2385=VERTEX_POINT('',#7855);
#2386=VERTEX_POINT('',#7856);
#2387=VERTEX_POINT('',#7858);
#2388=VERTEX_POINT('',#7860);
#2389=VERTEX_POINT('',#7862);
#2390=VERTEX_POINT('',#7864);
#2391=VERTEX_POINT('',#7866);
#2392=VERTEX_POINT('',#7868);
#2393=VERTEX_POINT('',#7871);
#2394=VERTEX_POINT('',#7872);
#2395=VERTEX_POINT('',#7874);
#2396=VERTEX_POINT('',#7876);
#2397=VERTEX_POINT('',#7878);
#2398=VERTEX_POINT('',#7880);
#2399=VERTEX_POINT('',#7882);
#2400=VERTEX_POINT('',#7884);
#2401=VERTEX_POINT('',#7887);
#2402=VERTEX_POINT('',#7888);
#2403=VERTEX_POINT('',#7890);
#2404=VERTEX_POINT('',#7892);
#2405=VERTEX_POINT('',#7894);
#2406=VERTEX_POINT('',#7896);
#2407=VERTEX_POINT('',#7898);
#2408=VERTEX_POINT('',#7900);
#2409=VERTEX_POINT('',#7904);
#2410=VERTEX_POINT('',#7906);
#2411=VERTEX_POINT('',#7908);
#2412=VERTEX_POINT('',#7910);
#2413=VERTEX_POINT('',#7917);
#2414=VERTEX_POINT('',#7921);
#2415=VERTEX_POINT('',#7923);
#2416=VERTEX_POINT('',#7925);
#2417=VERTEX_POINT('',#7929);
#2418=VERTEX_POINT('',#7932);
#2419=VERTEX_POINT('',#7935);
#2420=VERTEX_POINT('',#7938);
#2421=VERTEX_POINT('',#7942);
#2422=VERTEX_POINT('',#7946);
#2423=VERTEX_POINT('',#7950);
#2424=VERTEX_POINT('',#7951);
#2425=VERTEX_POINT('',#7953);
#2426=VERTEX_POINT('',#7955);
#2427=VERTEX_POINT('',#7959);
#2428=VERTEX_POINT('',#7961);
#2429=VERTEX_POINT('',#7965);
#2430=VERTEX_POINT('',#7967);
#2431=VERTEX_POINT('',#7971);
#2432=VERTEX_POINT('',#7972);
#2433=VERTEX_POINT('',#7974);
#2434=VERTEX_POINT('',#7976);
#2435=VERTEX_POINT('',#7978);
#2436=VERTEX_POINT('',#7980);
#2437=VERTEX_POINT('',#7984);
#2438=VERTEX_POINT('',#7985);
#2439=VERTEX_POINT('',#7990);
#2440=VERTEX_POINT('',#7991);
#2441=VERTEX_POINT('',#7996);
#2442=VERTEX_POINT('',#7997);
#2443=VERTEX_POINT('',#7999);
#2444=VERTEX_POINT('',#8001);
#2445=VERTEX_POINT('',#8005);
#2446=VERTEX_POINT('',#8007);
#2447=VERTEX_POINT('',#8011);
#2448=VERTEX_POINT('',#8013);
#2449=VERTEX_POINT('',#8017);
#2450=VERTEX_POINT('',#8019);
#2451=VERTEX_POINT('',#8023);
#2452=VERTEX_POINT('',#8025);
#2453=VERTEX_POINT('',#8029);
#2454=VERTEX_POINT('',#8031);
#2455=VERTEX_POINT('',#8035);
#2456=VERTEX_POINT('',#8037);
#2457=VERTEX_POINT('',#8044);
#2458=VERTEX_POINT('',#8045);
#2459=VERTEX_POINT('',#8047);
#2460=VERTEX_POINT('',#8049);
#2461=VERTEX_POINT('',#8053);
#2462=VERTEX_POINT('',#8055);
#2463=VERTEX_POINT('',#8059);
#2464=VERTEX_POINT('',#8061);
#2465=VERTEX_POINT('',#8065);
#2466=VERTEX_POINT('',#8067);
#2467=VERTEX_POINT('',#8071);
#2468=VERTEX_POINT('',#8073);
#2469=VERTEX_POINT('',#8077);
#2470=VERTEX_POINT('',#8079);
#2471=VERTEX_POINT('',#8083);
#2472=VERTEX_POINT('',#8085);
#2473=VERTEX_POINT('',#8092);
#2474=VERTEX_POINT('',#8093);
#2475=VERTEX_POINT('',#8095);
#2476=VERTEX_POINT('',#8097);
#2477=VERTEX_POINT('',#8101);
#2478=VERTEX_POINT('',#8103);
#2479=VERTEX_POINT('',#8107);
#2480=VERTEX_POINT('',#8109);
#2481=VERTEX_POINT('',#8113);
#2482=VERTEX_POINT('',#8115);
#2483=VERTEX_POINT('',#8119);
#2484=VERTEX_POINT('',#8121);
#2485=VERTEX_POINT('',#8125);
#2486=VERTEX_POINT('',#8127);
#2487=VERTEX_POINT('',#8131);
#2488=VERTEX_POINT('',#8133);
#2489=VERTEX_POINT('',#8140);
#2490=VERTEX_POINT('',#8141);
#2491=VERTEX_POINT('',#8143);
#2492=VERTEX_POINT('',#8145);
#2493=VERTEX_POINT('',#8149);
#2494=VERTEX_POINT('',#8151);
#2495=VERTEX_POINT('',#8155);
#2496=VERTEX_POINT('',#8157);
#2497=VERTEX_POINT('',#8161);
#2498=VERTEX_POINT('',#8163);
#2499=VERTEX_POINT('',#8167);
#2500=VERTEX_POINT('',#8169);
#2501=VERTEX_POINT('',#8173);
#2502=VERTEX_POINT('',#8175);
#2503=VERTEX_POINT('',#8179);
#2504=VERTEX_POINT('',#8181);
#2505=VERTEX_POINT('',#8188);
#2506=VERTEX_POINT('',#8189);
#2507=VERTEX_POINT('',#8191);
#2508=VERTEX_POINT('',#8193);
#2509=VERTEX_POINT('',#8197);
#2510=VERTEX_POINT('',#8199);
#2511=VERTEX_POINT('',#8203);
#2512=VERTEX_POINT('',#8205);
#2513=VERTEX_POINT('',#8209);
#2514=VERTEX_POINT('',#8211);
#2515=VERTEX_POINT('',#8215);
#2516=VERTEX_POINT('',#8217);
#2517=VERTEX_POINT('',#8221);
#2518=VERTEX_POINT('',#8223);
#2519=VERTEX_POINT('',#8227);
#2520=VERTEX_POINT('',#8229);
#2521=VERTEX_POINT('',#8236);
#2522=VERTEX_POINT('',#8237);
#2523=VERTEX_POINT('',#8239);
#2524=VERTEX_POINT('',#8241);
#2525=VERTEX_POINT('',#8245);
#2526=VERTEX_POINT('',#8247);
#2527=VERTEX_POINT('',#8251);
#2528=VERTEX_POINT('',#8253);
#2529=VERTEX_POINT('',#8257);
#2530=VERTEX_POINT('',#8259);
#2531=VERTEX_POINT('',#8263);
#2532=VERTEX_POINT('',#8265);
#2533=VERTEX_POINT('',#8269);
#2534=VERTEX_POINT('',#8271);
#2535=VERTEX_POINT('',#8275);
#2536=VERTEX_POINT('',#8277);
#2537=VERTEX_POINT('',#8380);
#2538=VERTEX_POINT('',#8381);
#2539=VERTEX_POINT('',#8383);
#2540=VERTEX_POINT('',#8385);
#2541=VERTEX_POINT('',#8389);
#2542=VERTEX_POINT('',#8391);
#2543=VERTEX_POINT('',#8393);
#2544=VERTEX_POINT('',#8395);
#2545=VERTEX_POINT('',#8399);
#2546=VERTEX_POINT('',#8400);
#2547=VERTEX_POINT('',#8405);
#2548=VERTEX_POINT('',#8409);
#2549=VERTEX_POINT('',#8415);
#2550=VERTEX_POINT('',#8416);
#2551=VERTEX_POINT('',#8418);
#2552=VERTEX_POINT('',#8420);
#2553=VERTEX_POINT('',#8424);
#2554=VERTEX_POINT('',#8425);
#2555=VERTEX_POINT('',#8427);
#2556=VERTEX_POINT('',#8429);
#2557=VERTEX_POINT('',#8433);
#2558=VERTEX_POINT('',#8437);
#2559=VERTEX_POINT('',#8443);
#2560=VERTEX_POINT('',#8445);
#2561=VERTEX_POINT('',#8449);
#2562=VERTEX_POINT('',#8453);
#2563=VERTEX_POINT('',#8463);
#2564=VERTEX_POINT('',#8464);
#2565=VERTEX_POINT('',#8466);
#2566=VERTEX_POINT('',#8468);
#2567=VERTEX_POINT('',#8472);
#2568=VERTEX_POINT('',#8474);
#2569=VERTEX_POINT('',#8479);
#2570=VERTEX_POINT('',#8481);
#2571=VERTEX_POINT('',#8488);
#2572=VERTEX_POINT('',#8489);
#2573=VERTEX_POINT('',#8492);
#2574=VERTEX_POINT('',#8499);
#2575=VERTEX_POINT('',#8500);
#2576=VERTEX_POINT('',#8505);
#2577=VERTEX_POINT('',#8507);
#2578=VERTEX_POINT('',#8511);
#2579=VERTEX_POINT('',#8512);
#2580=VERTEX_POINT('',#8514);
#2581=VERTEX_POINT('',#8516);
#2582=VERTEX_POINT('',#8520);
#2583=VERTEX_POINT('',#8522);
#2584=VERTEX_POINT('',#8526);
#2585=VERTEX_POINT('',#8527);
#2586=VERTEX_POINT('',#8529);
#2587=VERTEX_POINT('',#8531);
#2588=VERTEX_POINT('',#8535);
#2589=VERTEX_POINT('',#8537);
#2590=VERTEX_POINT('',#8541);
#2591=VERTEX_POINT('',#8543);
#2592=VERTEX_POINT('',#8547);
#2593=VERTEX_POINT('',#8549);
#2594=VERTEX_POINT('',#8553);
#2595=VERTEX_POINT('',#8555);
#2596=VERTEX_POINT('',#8559);
#2597=VERTEX_POINT('',#8560);
#2598=VERTEX_POINT('',#8562);
#2599=VERTEX_POINT('',#8564);
#2600=VERTEX_POINT('',#8568);
#2601=VERTEX_POINT('',#8570);
#2602=VERTEX_POINT('',#8574);
#2603=VERTEX_POINT('',#8575);
#2604=VERTEX_POINT('',#8577);
#2605=VERTEX_POINT('',#8579);
#2606=VERTEX_POINT('',#8592);
#2607=VERTEX_POINT('',#8605);
#2608=VERTEX_POINT('',#8609);
#2609=VERTEX_POINT('',#8610);
#2610=VERTEX_POINT('',#8612);
#2611=VERTEX_POINT('',#8614);
#2612=VERTEX_POINT('',#8618);
#2613=VERTEX_POINT('',#8619);
#2614=VERTEX_POINT('',#8624);
#2615=VERTEX_POINT('',#8625);
#2616=VERTEX_POINT('',#8627);
#2617=VERTEX_POINT('',#8629);
#2618=VERTEX_POINT('',#8633);
#2619=VERTEX_POINT('',#8634);
#2620=VERTEX_POINT('',#8639);
#2621=VERTEX_POINT('',#8640);
#2622=VERTEX_POINT('',#8642);
#2623=VERTEX_POINT('',#8644);
#2624=VERTEX_POINT('',#8648);
#2625=VERTEX_POINT('',#8649);
#2626=VERTEX_POINT('',#8654);
#2627=VERTEX_POINT('',#8655);
#2628=VERTEX_POINT('',#8657);
#2629=VERTEX_POINT('',#8659);
#2630=VERTEX_POINT('',#8663);
#2631=VERTEX_POINT('',#8664);
#2632=VERTEX_POINT('',#8669);
#2633=VERTEX_POINT('',#8670);
#2634=VERTEX_POINT('',#8672);
#2635=VERTEX_POINT('',#8674);
#2636=VERTEX_POINT('',#8682);
#2637=VERTEX_POINT('',#8696);
#2638=VERTEX_POINT('',#8697);
#2639=VERTEX_POINT('',#8702);
#2640=VERTEX_POINT('',#8703);
#2641=VERTEX_POINT('',#8705);
#2642=VERTEX_POINT('',#8707);
#2643=VERTEX_POINT('',#8711);
#2644=VERTEX_POINT('',#8712);
#2645=VERTEX_POINT('',#8714);
#2646=VERTEX_POINT('',#8716);
#2647=VERTEX_POINT('',#8720);
#2648=VERTEX_POINT('',#8722);
#2649=VERTEX_POINT('',#8726);
#2650=VERTEX_POINT('',#8728);
#2651=VERTEX_POINT('',#8732);
#2652=VERTEX_POINT('',#8733);
#2653=VERTEX_POINT('',#8735);
#2654=VERTEX_POINT('',#8737);
#2655=VERTEX_POINT('',#8742);
#2656=VERTEX_POINT('',#8744);
#2657=VERTEX_POINT('',#8746);
#2658=VERTEX_POINT('',#8748);
#2659=VERTEX_POINT('',#8750);
#2660=VERTEX_POINT('',#8753);
#2661=VERTEX_POINT('',#8755);
#2662=VERTEX_POINT('',#8758);
#2663=VERTEX_POINT('',#8760);
#2664=VERTEX_POINT('',#8763);
#2665=VERTEX_POINT('',#8765);
#2666=VERTEX_POINT('',#8768);
#2667=VERTEX_POINT('',#8770);
#2668=VERTEX_POINT('',#8775);
#2669=VERTEX_POINT('',#8777);
#2670=VERTEX_POINT('',#8781);
#2671=VERTEX_POINT('',#8783);
#2672=VERTEX_POINT('',#8786);
#2673=VERTEX_POINT('',#8788);
#2674=VERTEX_POINT('',#8791);
#2675=VERTEX_POINT('',#8793);
#2676=VERTEX_POINT('',#8796);
#2677=VERTEX_POINT('',#8798);
#2678=VERTEX_POINT('',#8801);
#2679=VERTEX_POINT('',#8803);
#2680=VERTEX_POINT('',#8806);
#2681=VERTEX_POINT('',#8809);
#2682=VERTEX_POINT('',#8812);
#2683=VERTEX_POINT('',#8814);
#2684=VERTEX_POINT('',#8817);
#2685=VERTEX_POINT('',#8819);
#2686=VERTEX_POINT('',#8822);
#2687=VERTEX_POINT('',#8824);
#2688=VERTEX_POINT('',#8827);
#2689=VERTEX_POINT('',#8829);
#2690=VERTEX_POINT('',#8832);
#2691=VERTEX_POINT('',#8835);
#2692=VERTEX_POINT('',#8837);
#2693=VERTEX_POINT('',#8840);
#2694=VERTEX_POINT('',#8842);
#2695=VERTEX_POINT('',#8845);
#2696=VERTEX_POINT('',#8847);
#2697=VERTEX_POINT('',#8850);
#2698=VERTEX_POINT('',#8852);
#2699=VERTEX_POINT('',#8855);
#2700=VERTEX_POINT('',#8857);
#2701=VERTEX_POINT('',#8860);
#2702=EDGE_CURVE('',#2179,#2180,#711,.T.);
#2703=EDGE_CURVE('',#2180,#2181,#712,.T.);
#2704=EDGE_CURVE('',#2181,#2182,#713,.T.);
#2705=EDGE_CURVE('',#2182,#2179,#714,.T.);
#2706=EDGE_CURVE('',#2183,#2179,#715,.T.);
#2707=EDGE_CURVE('',#2182,#2184,#716,.T.);
#2708=EDGE_CURVE('',#2184,#2183,#717,.T.);
#2709=EDGE_CURVE('',#2184,#2185,#718,.T.);
#2710=EDGE_CURVE('',#2185,#2186,#719,.T.);
#2711=EDGE_CURVE('',#2186,#2183,#720,.T.);
#2712=EDGE_CURVE('',#2181,#2187,#721,.T.);
#2713=EDGE_CURVE('',#2187,#2188,#722,.T.);
#2714=EDGE_CURVE('',#2188,#2189,#723,.T.);
#2715=EDGE_CURVE('',#2190,#2189,#724,.T.);
#2716=EDGE_CURVE('',#2190,#2191,#725,.T.);
#2717=EDGE_CURVE('',#2191,#2192,#726,.T.);
#2718=EDGE_CURVE('',#2192,#2193,#727,.T.);
#2719=EDGE_CURVE('',#2194,#2193,#728,.T.);
#2720=EDGE_CURVE('',#2194,#2195,#729,.T.);
#2721=EDGE_CURVE('',#2195,#2196,#730,.T.);
#2722=EDGE_CURVE('',#2196,#2197,#731,.T.);
#2723=EDGE_CURVE('',#2198,#2197,#732,.T.);
#2724=EDGE_CURVE('',#2198,#2199,#733,.T.);
#2725=EDGE_CURVE('',#2199,#2200,#734,.T.);
#2726=EDGE_CURVE('',#2200,#2201,#735,.T.);
#2727=EDGE_CURVE('',#2202,#2201,#736,.T.);
#2728=EDGE_CURVE('',#2202,#2203,#737,.T.);
#2729=EDGE_CURVE('',#2203,#2204,#738,.T.);
#2730=EDGE_CURVE('',#2204,#2205,#739,.T.);
#2731=EDGE_CURVE('',#2206,#2205,#740,.T.);
#2732=EDGE_CURVE('',#2206,#2207,#741,.T.);
#2733=EDGE_CURVE('',#2207,#2208,#742,.T.);
#2734=EDGE_CURVE('',#2208,#2209,#743,.T.);
#2735=EDGE_CURVE('',#2210,#2209,#744,.T.);
#2736=EDGE_CURVE('',#2211,#2210,#745,.T.);
#2737=EDGE_CURVE('',#2212,#2211,#746,.T.);
#2738=EDGE_CURVE('',#2213,#2212,#747,.T.);
#2739=EDGE_CURVE('',#2214,#2213,#748,.T.);
#2740=EDGE_CURVE('',#2214,#2215,#749,.T.);
#2741=EDGE_CURVE('',#2215,#2216,#750,.T.);
#2742=EDGE_CURVE('',#2216,#2217,#751,.T.);
#2743=EDGE_CURVE('',#2218,#2217,#752,.T.);
#2744=EDGE_CURVE('',#2218,#2219,#753,.T.);
#2745=EDGE_CURVE('',#2219,#2220,#754,.T.);
#2746=EDGE_CURVE('',#2220,#2221,#755,.T.);
#2747=EDGE_CURVE('',#2222,#2221,#756,.T.);
#2748=EDGE_CURVE('',#2222,#2223,#757,.T.);
#2749=EDGE_CURVE('',#2223,#2224,#758,.T.);
#2750=EDGE_CURVE('',#2224,#2225,#759,.T.);
#2751=EDGE_CURVE('',#2226,#2225,#760,.T.);
#2752=EDGE_CURVE('',#2226,#2227,#761,.T.);
#2753=EDGE_CURVE('',#2227,#2228,#762,.T.);
#2754=EDGE_CURVE('',#2228,#2229,#763,.T.);
#2755=EDGE_CURVE('',#2230,#2229,#764,.T.);
#2756=EDGE_CURVE('',#2230,#2231,#765,.T.);
#2757=EDGE_CURVE('',#2231,#2232,#766,.T.);
#2758=EDGE_CURVE('',#2232,#2233,#767,.T.);
#2759=EDGE_CURVE('',#2234,#2233,#768,.T.);
#2760=EDGE_CURVE('',#2234,#2235,#769,.T.);
#2761=EDGE_CURVE('',#2235,#2236,#770,.T.);
#2762=EDGE_CURVE('',#2236,#2237,#771,.T.);
#2763=EDGE_CURVE('',#2238,#2237,#772,.T.);
#2764=EDGE_CURVE('',#2239,#2238,#773,.T.);
#2765=EDGE_CURVE('',#2240,#2239,#774,.T.);
#2766=EDGE_CURVE('',#2240,#2241,#775,.T.);
#2767=EDGE_CURVE('',#2241,#2242,#776,.T.);
#2768=EDGE_CURVE('',#2242,#2243,#777,.T.);
#2769=EDGE_CURVE('',#2244,#2243,#778,.T.);
#2770=EDGE_CURVE('',#2244,#2245,#779,.T.);
#2771=EDGE_CURVE('',#2245,#2246,#780,.T.);
#2772=EDGE_CURVE('',#2246,#2247,#781,.T.);
#2773=EDGE_CURVE('',#2248,#2247,#782,.T.);
#2774=EDGE_CURVE('',#2248,#2249,#783,.T.);
#2775=EDGE_CURVE('',#2249,#2250,#784,.T.);
#2776=EDGE_CURVE('',#2250,#2251,#785,.T.);
#2777=EDGE_CURVE('',#2252,#2251,#786,.T.);
#2778=EDGE_CURVE('',#2252,#2253,#787,.T.);
#2779=EDGE_CURVE('',#2253,#2254,#788,.T.);
#2780=EDGE_CURVE('',#2254,#2255,#789,.T.);
#2781=EDGE_CURVE('',#2256,#2255,#790,.T.);
#2782=EDGE_CURVE('',#2256,#2257,#791,.T.);
#2783=EDGE_CURVE('',#2257,#2258,#792,.T.);
#2784=EDGE_CURVE('',#2258,#2259,#793,.T.);
#2785=EDGE_CURVE('',#2260,#2259,#794,.T.);
#2786=EDGE_CURVE('',#2260,#2261,#795,.T.);
#2787=EDGE_CURVE('',#2261,#2262,#796,.T.);
#2788=EDGE_CURVE('',#2262,#2185,#797,.T.);
#2789=EDGE_CURVE('',#2263,#2180,#798,.T.);
#2790=EDGE_CURVE('',#2263,#2264,#799,.T.);
#2791=EDGE_CURVE('',#2265,#2264,#800,.T.);
#2792=EDGE_CURVE('',#2266,#2265,#801,.T.);
#2793=EDGE_CURVE('',#2267,#2266,#802,.T.);
#2794=EDGE_CURVE('',#2187,#2267,#803,.T.);
#2795=EDGE_CURVE('',#2268,#2179,#804,.T.);
#2796=EDGE_CURVE('',#2268,#2269,#805,.T.);
#2797=EDGE_CURVE('',#2269,#2270,#806,.T.);
#2798=EDGE_CURVE('',#2270,#2271,#807,.T.);
#2799=EDGE_CURVE('',#2271,#2272,#808,.T.);
#2800=EDGE_CURVE('',#2273,#2272,#809,.T.);
#2801=EDGE_CURVE('',#2273,#2274,#810,.T.);
#2802=EDGE_CURVE('',#2274,#2275,#811,.T.);
#2803=EDGE_CURVE('',#2275,#2276,#812,.T.);
#2804=EDGE_CURVE('',#2277,#2276,#813,.T.);
#2805=EDGE_CURVE('',#2277,#2278,#814,.T.);
#2806=EDGE_CURVE('',#2278,#2279,#815,.T.);
#2807=EDGE_CURVE('',#2279,#2280,#816,.T.);
#2808=EDGE_CURVE('',#2281,#2280,#817,.T.);
#2809=EDGE_CURVE('',#2281,#2282,#818,.T.);
#2810=EDGE_CURVE('',#2282,#2283,#819,.T.);
#2811=EDGE_CURVE('',#2283,#2284,#820,.T.);
#2812=EDGE_CURVE('',#2285,#2284,#821,.T.);
#2813=EDGE_CURVE('',#2285,#2286,#822,.T.);
#2814=EDGE_CURVE('',#2286,#2287,#823,.T.);
#2815=EDGE_CURVE('',#2287,#2288,#824,.T.);
#2816=EDGE_CURVE('',#2289,#2288,#825,.T.);
#2817=EDGE_CURVE('',#2289,#2290,#826,.T.);
#2818=EDGE_CURVE('',#2290,#2291,#827,.T.);
#2819=EDGE_CURVE('',#2291,#2292,#828,.T.);
#2820=EDGE_CURVE('',#2293,#2292,#829,.T.);
#2821=EDGE_CURVE('',#2293,#2294,#830,.T.);
#2822=EDGE_CURVE('',#2294,#2263,#831,.T.);
#2823=EDGE_CURVE('',#2238,#2295,#832,.T.);
#2824=EDGE_CURVE('',#2295,#2296,#833,.T.);
#2825=EDGE_CURVE('',#2296,#2239,#834,.T.);
#2826=EDGE_CURVE('',#2237,#2297,#835,.T.);
#2827=EDGE_CURVE('',#2297,#2295,#836,.T.);
#2828=EDGE_CURVE('',#2296,#2298,#837,.T.);
#2829=EDGE_CURVE('',#2298,#2240,#838,.T.);
#2830=EDGE_CURVE('',#2299,#2298,#839,.T.);
#2831=EDGE_CURVE('',#2299,#2300,#840,.T.);
#2832=EDGE_CURVE('',#2300,#2301,#841,.T.);
#2833=EDGE_CURVE('',#2302,#2301,#842,.T.);
#2834=EDGE_CURVE('',#2303,#2302,#843,.T.);
#2835=EDGE_CURVE('',#2303,#2241,#844,.T.);
#2836=EDGE_CURVE('',#2183,#2304,#845,.T.);
#2837=EDGE_CURVE('',#2304,#2268,#846,.T.);
#2838=EDGE_CURVE('',#2305,#2304,#847,.T.);
#2839=EDGE_CURVE('',#2306,#2305,#848,.T.);
#2840=EDGE_CURVE('',#2307,#2306,#849,.T.);
#2841=EDGE_CURVE('',#2307,#2308,#850,.T.);
#2842=EDGE_CURVE('',#2308,#2309,#851,.T.);
#2843=EDGE_CURVE('',#2309,#2310,#852,.T.);
#2844=EDGE_CURVE('',#2310,#2311,#853,.T.);
#2845=EDGE_CURVE('',#2311,#2312,#854,.T.);
#2846=EDGE_CURVE('',#2312,#2313,#855,.T.);
#2847=EDGE_CURVE('',#2313,#2269,#856,.T.);
#2848=EDGE_CURVE('',#2295,#2306,#857,.T.);
#2849=EDGE_CURVE('',#2305,#2296,#858,.T.);
#2850=EDGE_CURVE('',#2297,#2314,#859,.T.);
#2851=EDGE_CURVE('',#2314,#2315,#860,.T.);
#2852=EDGE_CURVE('',#2315,#2316,#861,.T.);
#2853=EDGE_CURVE('',#2317,#2316,#862,.T.);
#2854=EDGE_CURVE('',#2317,#2318,#863,.T.);
#2855=EDGE_CURVE('',#2318,#2319,#864,.T.);
#2856=EDGE_CURVE('',#2319,#2320,#865,.T.);
#2857=EDGE_CURVE('',#2321,#2320,#866,.T.);
#2858=EDGE_CURVE('',#2321,#2322,#867,.T.);
#2859=EDGE_CURVE('',#2322,#2323,#868,.T.);
#2860=EDGE_CURVE('',#2323,#2324,#869,.T.);
#2861=EDGE_CURVE('',#2325,#2324,#870,.T.);
#2862=EDGE_CURVE('',#2325,#2326,#871,.T.);
#2863=EDGE_CURVE('',#2326,#2327,#872,.T.);
#2864=EDGE_CURVE('',#2327,#2328,#873,.T.);
#2865=EDGE_CURVE('',#2329,#2328,#874,.T.);
#2866=EDGE_CURVE('',#2329,#2330,#875,.T.);
#2867=EDGE_CURVE('',#2330,#2331,#876,.T.);
#2868=EDGE_CURVE('',#2331,#2332,#877,.T.);
#2869=EDGE_CURVE('',#2333,#2332,#878,.T.);
#2870=EDGE_CURVE('',#2333,#2334,#879,.T.);
#2871=EDGE_CURVE('',#2334,#2335,#880,.T.);
#2872=EDGE_CURVE('',#2335,#2336,#881,.T.);
#2873=EDGE_CURVE('',#2337,#2336,#882,.T.);
#2874=EDGE_CURVE('',#2338,#2337,#883,.T.);
#2875=EDGE_CURVE('',#2338,#2339,#884,.T.);
#2876=EDGE_CURVE('',#2339,#2307,#885,.T.);
#2877=EDGE_CURVE('',#2186,#2340,#886,.T.);
#2878=EDGE_CURVE('',#2340,#2341,#887,.T.);
#2879=EDGE_CURVE('',#2341,#2342,#888,.T.);
#2880=EDGE_CURVE('',#2343,#2342,#889,.T.);
#2881=EDGE_CURVE('',#2343,#2344,#890,.T.);
#2882=EDGE_CURVE('',#2344,#2345,#891,.T.);
#2883=EDGE_CURVE('',#2345,#2346,#892,.T.);
#2884=EDGE_CURVE('',#2347,#2346,#893,.T.);
#2885=EDGE_CURVE('',#2347,#2348,#894,.T.);
#2886=EDGE_CURVE('',#2348,#2349,#895,.T.);
#2887=EDGE_CURVE('',#2349,#2350,#896,.T.);
#2888=EDGE_CURVE('',#2351,#2350,#897,.T.);
#2889=EDGE_CURVE('',#2351,#2352,#898,.T.);
#2890=EDGE_CURVE('',#2352,#2353,#899,.T.);
#2891=EDGE_CURVE('',#2353,#2354,#900,.T.);
#2892=EDGE_CURVE('',#2355,#2354,#901,.T.);
#2893=EDGE_CURVE('',#2355,#2356,#902,.T.);
#2894=EDGE_CURVE('',#2356,#2357,#903,.T.);
#2895=EDGE_CURVE('',#2357,#2358,#904,.T.);
#2896=EDGE_CURVE('',#2359,#2358,#905,.T.);
#2897=EDGE_CURVE('',#2359,#2360,#906,.T.);
#2898=EDGE_CURVE('',#2360,#2299,#907,.T.);
#2899=EDGE_CURVE('',#2361,#2362,#84,.T.);
#2900=EDGE_CURVE('',#2363,#2361,#908,.T.);
#2901=EDGE_CURVE('',#2364,#2363,#85,.T.);
#2902=EDGE_CURVE('',#2365,#2364,#909,.T.);
#2903=EDGE_CURVE('',#2366,#2365,#86,.T.);
#2904=EDGE_CURVE('',#2367,#2366,#910,.T.);
#2905=EDGE_CURVE('',#2368,#2367,#87,.T.);
#2906=EDGE_CURVE('',#2362,#2368,#911,.T.);
#2907=EDGE_CURVE('',#2369,#2370,#88,.T.);
#2908=EDGE_CURVE('',#2371,#2369,#912,.T.);
#2909=EDGE_CURVE('',#2372,#2371,#89,.T.);
#2910=EDGE_CURVE('',#2373,#2372,#913,.T.);
#2911=EDGE_CURVE('',#2374,#2373,#90,.T.);
#2912=EDGE_CURVE('',#2375,#2374,#914,.T.);
#2913=EDGE_CURVE('',#2376,#2375,#91,.T.);
#2914=EDGE_CURVE('',#2370,#2376,#915,.T.);
#2915=EDGE_CURVE('',#2377,#2378,#92,.T.);
#2916=EDGE_CURVE('',#2379,#2377,#916,.T.);
#2917=EDGE_CURVE('',#2380,#2379,#93,.T.);
#2918=EDGE_CURVE('',#2381,#2380,#917,.T.);
#2919=EDGE_CURVE('',#2382,#2381,#94,.T.);
#2920=EDGE_CURVE('',#2383,#2382,#918,.T.);
#2921=EDGE_CURVE('',#2384,#2383,#95,.T.);
#2922=EDGE_CURVE('',#2378,#2384,#919,.T.);
#2923=EDGE_CURVE('',#2385,#2386,#96,.T.);
#2924=EDGE_CURVE('',#2387,#2385,#920,.T.);
#2925=EDGE_CURVE('',#2388,#2387,#97,.T.);
#2926=EDGE_CURVE('',#2389,#2388,#921,.T.);
#2927=EDGE_CURVE('',#2390,#2389,#98,.T.);
#2928=EDGE_CURVE('',#2391,#2390,#922,.T.);
#2929=EDGE_CURVE('',#2392,#2391,#99,.T.);
#2930=EDGE_CURVE('',#2386,#2392,#923,.T.);
#2931=EDGE_CURVE('',#2393,#2394,#100,.T.);
#2932=EDGE_CURVE('',#2395,#2393,#924,.T.);
#2933=EDGE_CURVE('',#2396,#2395,#101,.T.);
#2934=EDGE_CURVE('',#2397,#2396,#925,.T.);
#2935=EDGE_CURVE('',#2398,#2397,#102,.T.);
#2936=EDGE_CURVE('',#2399,#2398,#926,.T.);
#2937=EDGE_CURVE('',#2400,#2399,#103,.T.);
#2938=EDGE_CURVE('',#2394,#2400,#927,.T.);
#2939=EDGE_CURVE('',#2401,#2402,#104,.T.);
#2940=EDGE_CURVE('',#2403,#2401,#928,.T.);
#2941=EDGE_CURVE('',#2404,#2403,#105,.T.);
#2942=EDGE_CURVE('',#2405,#2404,#929,.T.);
#2943=EDGE_CURVE('',#2406,#2405,#106,.T.);
#2944=EDGE_CURVE('',#2407,#2406,#930,.T.);
#2945=EDGE_CURVE('',#2408,#2407,#107,.T.);
#2946=EDGE_CURVE('',#2402,#2408,#931,.T.);
#2947=EDGE_CURVE('',#2409,#2262,#932,.T.);
#2948=EDGE_CURVE('',#2409,#2410,#933,.T.);
#2949=EDGE_CURVE('',#2410,#2411,#934,.T.);
#2950=EDGE_CURVE('',#2412,#2411,#935,.T.);
#2951=EDGE_CURVE('',#2340,#2412,#936,.T.);
#2952=EDGE_CURVE('',#2213,#2337,#937,.T.);
#2953=EDGE_CURVE('',#2336,#2214,#938,.T.);
#2954=EDGE_CURVE('',#2212,#2413,#939,.T.);
#2955=EDGE_CURVE('',#2413,#2337,#940,.T.);
#2956=EDGE_CURVE('',#2335,#2414,#941,.T.);
#2957=EDGE_CURVE('',#2415,#2414,#942,.T.);
#2958=EDGE_CURVE('',#2416,#2415,#943,.T.);
#2959=EDGE_CURVE('',#2215,#2416,#944,.T.);
#2960=EDGE_CURVE('',#2417,#2417,#108,.F.);
#2961=EDGE_CURVE('',#2418,#2418,#109,.F.);
#2962=EDGE_CURVE('',#2419,#2419,#110,.F.);
#2963=EDGE_CURVE('',#2417,#2420,#945,.T.);
#2964=EDGE_CURVE('',#2420,#2420,#111,.T.);
#2965=EDGE_CURVE('',#2418,#2421,#946,.T.);
#2966=EDGE_CURVE('',#2421,#2421,#112,.T.);
#2967=EDGE_CURVE('',#2419,#2422,#947,.T.);
#2968=EDGE_CURVE('',#2422,#2422,#113,.T.);
#2969=EDGE_CURVE('',#2423,#2424,#948,.T.);
#2970=EDGE_CURVE('',#2424,#2425,#114,.T.);
#2971=EDGE_CURVE('',#2425,#2426,#949,.T.);
#2972=EDGE_CURVE('',#2426,#2423,#950,.T.);
#2973=EDGE_CURVE('',#2427,#2423,#951,.T.);
#2974=EDGE_CURVE('',#2426,#2428,#952,.T.);
#2975=EDGE_CURVE('',#2428,#2427,#953,.T.);
#2976=EDGE_CURVE('',#2428,#2429,#954,.T.);
#2977=EDGE_CURVE('',#2429,#2430,#955,.T.);
#2978=EDGE_CURVE('',#2430,#2427,#956,.T.);
#2979=EDGE_CURVE('',#2431,#2432,#957,.T.);
#2980=EDGE_CURVE('',#2432,#2433,#115,.T.);
#2981=EDGE_CURVE('',#2433,#2434,#958,.T.);
#2982=EDGE_CURVE('',#2435,#2434,#959,.T.);
#2983=EDGE_CURVE('',#2436,#2435,#960,.T.);
#2984=EDGE_CURVE('',#2431,#2436,#961,.T.);
#2985=EDGE_CURVE('',#2437,#2438,#962,.T.);
#2986=EDGE_CURVE('',#2437,#2431,#963,.T.);
#2987=EDGE_CURVE('',#2436,#2438,#964,.T.);
#2988=EDGE_CURVE('',#2439,#2440,#965,.T.);
#2989=EDGE_CURVE('',#2439,#2435,#966,.T.);
#2990=EDGE_CURVE('',#2434,#2440,#967,.T.);
#2991=EDGE_CURVE('',#2441,#2442,#116,.T.);
#2992=EDGE_CURVE('',#2441,#2443,#968,.T.);
#2993=EDGE_CURVE('',#2444,#2443,#117,.F.);
#2994=EDGE_CURVE('',#2442,#2444,#969,.T.);
#2995=EDGE_CURVE('',#2442,#2445,#970,.T.);
#2996=EDGE_CURVE('',#2446,#2444,#971,.F.);
#2997=EDGE_CURVE('',#2445,#2446,#972,.T.);
#2998=EDGE_CURVE('',#2445,#2447,#118,.T.);
#2999=EDGE_CURVE('',#2448,#2446,#119,.F.);
#3000=EDGE_CURVE('',#2447,#2448,#973,.T.);
#3001=EDGE_CURVE('',#2447,#2449,#974,.T.);
#3002=EDGE_CURVE('',#2450,#2448,#975,.F.);
#3003=EDGE_CURVE('',#2449,#2450,#976,.T.);
#3004=EDGE_CURVE('',#2449,#2451,#120,.T.);
#3005=EDGE_CURVE('',#2452,#2450,#121,.F.);
#3006=EDGE_CURVE('',#2451,#2452,#977,.T.);
#3007=EDGE_CURVE('',#2451,#2453,#978,.T.);
#3008=EDGE_CURVE('',#2454,#2452,#979,.F.);
#3009=EDGE_CURVE('',#2453,#2454,#980,.T.);
#3010=EDGE_CURVE('',#2453,#2455,#122,.T.);
#3011=EDGE_CURVE('',#2456,#2454,#123,.F.);
#3012=EDGE_CURVE('',#2455,#2456,#981,.T.);
#3013=EDGE_CURVE('',#2455,#2441,#982,.T.);
#3014=EDGE_CURVE('',#2443,#2456,#983,.F.);
#3015=EDGE_CURVE('',#2457,#2458,#124,.T.);
#3016=EDGE_CURVE('',#2457,#2459,#984,.T.);
#3017=EDGE_CURVE('',#2460,#2459,#125,.F.);
#3018=EDGE_CURVE('',#2458,#2460,#985,.T.);
#3019=EDGE_CURVE('',#2458,#2461,#986,.T.);
#3020=EDGE_CURVE('',#2462,#2460,#987,.F.);
#3021=EDGE_CURVE('',#2461,#2462,#988,.T.);
#3022=EDGE_CURVE('',#2461,#2463,#126,.T.);
#3023=EDGE_CURVE('',#2464,#2462,#127,.F.);
#3024=EDGE_CURVE('',#2463,#2464,#989,.T.);
#3025=EDGE_CURVE('',#2463,#2465,#990,.T.);
#3026=EDGE_CURVE('',#2466,#2464,#991,.F.);
#3027=EDGE_CURVE('',#2465,#2466,#992,.T.);
#3028=EDGE_CURVE('',#2465,#2467,#128,.T.);
#3029=EDGE_CURVE('',#2468,#2466,#129,.F.);
#3030=EDGE_CURVE('',#2467,#2468,#993,.T.);
#3031=EDGE_CURVE('',#2467,#2469,#994,.T.);
#3032=EDGE_CURVE('',#2470,#2468,#995,.F.);
#3033=EDGE_CURVE('',#2469,#2470,#996,.T.);
#3034=EDGE_CURVE('',#2469,#2471,#130,.T.);
#3035=EDGE_CURVE('',#2472,#2470,#131,.F.);
#3036=EDGE_CURVE('',#2471,#2472,#997,.T.);
#3037=EDGE_CURVE('',#2471,#2457,#998,.T.);
#3038=EDGE_CURVE('',#2459,#2472,#999,.F.);
#3039=EDGE_CURVE('',#2473,#2474,#132,.T.);
#3040=EDGE_CURVE('',#2473,#2475,#1000,.T.);
#3041=EDGE_CURVE('',#2476,#2475,#133,.F.);
#3042=EDGE_CURVE('',#2474,#2476,#1001,.T.);
#3043=EDGE_CURVE('',#2474,#2477,#1002,.T.);
#3044=EDGE_CURVE('',#2478,#2476,#1003,.F.);
#3045=EDGE_CURVE('',#2477,#2478,#1004,.T.);
#3046=EDGE_CURVE('',#2477,#2479,#134,.T.);
#3047=EDGE_CURVE('',#2480,#2478,#135,.F.);
#3048=EDGE_CURVE('',#2479,#2480,#1005,.T.);
#3049=EDGE_CURVE('',#2479,#2481,#1006,.T.);
#3050=EDGE_CURVE('',#2482,#2480,#1007,.F.);
#3051=EDGE_CURVE('',#2481,#2482,#1008,.T.);
#3052=EDGE_CURVE('',#2481,#2483,#136,.T.);
#3053=EDGE_CURVE('',#2484,#2482,#137,.F.);
#3054=EDGE_CURVE('',#2483,#2484,#1009,.T.);
#3055=EDGE_CURVE('',#2483,#2485,#1010,.T.);
#3056=EDGE_CURVE('',#2486,#2484,#1011,.F.);
#3057=EDGE_CURVE('',#2485,#2486,#1012,.T.);
#3058=EDGE_CURVE('',#2485,#2487,#138,.T.);
#3059=EDGE_CURVE('',#2488,#2486,#139,.F.);
#3060=EDGE_CURVE('',#2487,#2488,#1013,.T.);
#3061=EDGE_CURVE('',#2487,#2473,#1014,.T.);
#3062=EDGE_CURVE('',#2475,#2488,#1015,.F.);
#3063=EDGE_CURVE('',#2489,#2490,#140,.T.);
#3064=EDGE_CURVE('',#2489,#2491,#1016,.T.);
#3065=EDGE_CURVE('',#2492,#2491,#141,.F.);
#3066=EDGE_CURVE('',#2490,#2492,#1017,.T.);
#3067=EDGE_CURVE('',#2490,#2493,#1018,.T.);
#3068=EDGE_CURVE('',#2494,#2492,#1019,.F.);
#3069=EDGE_CURVE('',#2493,#2494,#1020,.T.);
#3070=EDGE_CURVE('',#2493,#2495,#142,.T.);
#3071=EDGE_CURVE('',#2496,#2494,#143,.F.);
#3072=EDGE_CURVE('',#2495,#2496,#1021,.T.);
#3073=EDGE_CURVE('',#2495,#2497,#1022,.T.);
#3074=EDGE_CURVE('',#2498,#2496,#1023,.F.);
#3075=EDGE_CURVE('',#2497,#2498,#1024,.T.);
#3076=EDGE_CURVE('',#2497,#2499,#144,.T.);
#3077=EDGE_CURVE('',#2500,#2498,#145,.F.);
#3078=EDGE_CURVE('',#2499,#2500,#1025,.T.);
#3079=EDGE_CURVE('',#2499,#2501,#1026,.T.);
#3080=EDGE_CURVE('',#2502,#2500,#1027,.F.);
#3081=EDGE_CURVE('',#2501,#2502,#1028,.T.);
#3082=EDGE_CURVE('',#2501,#2503,#146,.T.);
#3083=EDGE_CURVE('',#2504,#2502,#147,.F.);
#3084=EDGE_CURVE('',#2503,#2504,#1029,.T.);
#3085=EDGE_CURVE('',#2503,#2489,#1030,.T.);
#3086=EDGE_CURVE('',#2491,#2504,#1031,.F.);
#3087=EDGE_CURVE('',#2505,#2506,#148,.T.);
#3088=EDGE_CURVE('',#2505,#2507,#1032,.T.);
#3089=EDGE_CURVE('',#2508,#2507,#149,.F.);
#3090=EDGE_CURVE('',#2506,#2508,#1033,.T.);
#3091=EDGE_CURVE('',#2506,#2509,#1034,.T.);
#3092=EDGE_CURVE('',#2510,#2508,#1035,.F.);
#3093=EDGE_CURVE('',#2509,#2510,#1036,.T.);
#3094=EDGE_CURVE('',#2509,#2511,#150,.T.);
#3095=EDGE_CURVE('',#2512,#2510,#151,.F.);
#3096=EDGE_CURVE('',#2511,#2512,#1037,.T.);
#3097=EDGE_CURVE('',#2511,#2513,#1038,.T.);
#3098=EDGE_CURVE('',#2514,#2512,#1039,.F.);
#3099=EDGE_CURVE('',#2513,#2514,#1040,.T.);
#3100=EDGE_CURVE('',#2513,#2515,#152,.T.);
#3101=EDGE_CURVE('',#2516,#2514,#153,.F.);
#3102=EDGE_CURVE('',#2515,#2516,#1041,.T.);
#3103=EDGE_CURVE('',#2515,#2517,#1042,.T.);
#3104=EDGE_CURVE('',#2518,#2516,#1043,.F.);
#3105=EDGE_CURVE('',#2517,#2518,#1044,.T.);
#3106=EDGE_CURVE('',#2517,#2519,#154,.T.);
#3107=EDGE_CURVE('',#2520,#2518,#155,.F.);
#3108=EDGE_CURVE('',#2519,#2520,#1045,.T.);
#3109=EDGE_CURVE('',#2519,#2505,#1046,.T.);
#3110=EDGE_CURVE('',#2507,#2520,#1047,.F.);
#3111=EDGE_CURVE('',#2521,#2522,#156,.T.);
#3112=EDGE_CURVE('',#2521,#2523,#1048,.T.);
#3113=EDGE_CURVE('',#2524,#2523,#157,.F.);
#3114=EDGE_CURVE('',#2522,#2524,#1049,.T.);
#3115=EDGE_CURVE('',#2522,#2525,#1050,.T.);
#3116=EDGE_CURVE('',#2526,#2524,#1051,.F.);
#3117=EDGE_CURVE('',#2525,#2526,#1052,.T.);
#3118=EDGE_CURVE('',#2525,#2527,#158,.T.);
#3119=EDGE_CURVE('',#2528,#2526,#159,.F.);
#3120=EDGE_CURVE('',#2527,#2528,#1053,.T.);
#3121=EDGE_CURVE('',#2527,#2529,#1054,.T.);
#3122=EDGE_CURVE('',#2530,#2528,#1055,.F.);
#3123=EDGE_CURVE('',#2529,#2530,#1056,.T.);
#3124=EDGE_CURVE('',#2529,#2531,#160,.T.);
#3125=EDGE_CURVE('',#2532,#2530,#161,.F.);
#3126=EDGE_CURVE('',#2531,#2532,#1057,.T.);
#3127=EDGE_CURVE('',#2531,#2533,#1058,.T.);
#3128=EDGE_CURVE('',#2534,#2532,#1059,.F.);
#3129=EDGE_CURVE('',#2533,#2534,#1060,.T.);
#3130=EDGE_CURVE('',#2533,#2535,#162,.T.);
#3131=EDGE_CURVE('',#2536,#2534,#163,.F.);
#3132=EDGE_CURVE('',#2535,#2536,#1061,.T.);
#3133=EDGE_CURVE('',#2535,#2521,#1062,.T.);
#3134=EDGE_CURVE('',#2523,#2536,#1063,.F.);
#3135=EDGE_CURVE('',#2402,#2509,#1064,.T.);
#3136=EDGE_CURVE('',#2506,#2408,#1065,.T.);
#3137=EDGE_CURVE('',#2505,#2407,#1066,.T.);
#3138=EDGE_CURVE('',#2519,#2406,#1067,.T.);
#3139=EDGE_CURVE('',#2517,#2405,#1068,.T.);
#3140=EDGE_CURVE('',#2515,#2404,#1069,.T.);
#3141=EDGE_CURVE('',#2513,#2403,#1070,.T.);
#3142=EDGE_CURVE('',#2511,#2401,#1071,.T.);
#3143=EDGE_CURVE('',#2394,#2489,#1072,.T.);
#3144=EDGE_CURVE('',#2503,#2400,#1073,.T.);
#3145=EDGE_CURVE('',#2501,#2399,#1074,.T.);
#3146=EDGE_CURVE('',#2499,#2398,#1075,.T.);
#3147=EDGE_CURVE('',#2497,#2397,#1076,.T.);
#3148=EDGE_CURVE('',#2495,#2396,#1077,.T.);
#3149=EDGE_CURVE('',#2493,#2395,#1078,.T.);
#3150=EDGE_CURVE('',#2490,#2393,#1079,.T.);
#3151=EDGE_CURVE('',#2386,#2521,#1080,.T.);
#3152=EDGE_CURVE('',#2535,#2392,#1081,.T.);
#3153=EDGE_CURVE('',#2533,#2391,#1082,.T.);
#3154=EDGE_CURVE('',#2531,#2390,#1083,.T.);
#3155=EDGE_CURVE('',#2529,#2389,#1084,.T.);
#3156=EDGE_CURVE('',#2527,#2388,#1085,.T.);
#3157=EDGE_CURVE('',#2525,#2387,#1086,.T.);
#3158=EDGE_CURVE('',#2522,#2385,#1087,.T.);
#3159=EDGE_CURVE('',#2378,#2465,#1088,.T.);
#3160=EDGE_CURVE('',#2463,#2384,#1089,.T.);
#3161=EDGE_CURVE('',#2461,#2383,#1090,.T.);
#3162=EDGE_CURVE('',#2458,#2382,#1091,.T.);
#3163=EDGE_CURVE('',#2457,#2381,#1092,.T.);
#3164=EDGE_CURVE('',#2471,#2380,#1093,.T.);
#3165=EDGE_CURVE('',#2469,#2379,#1094,.T.);
#3166=EDGE_CURVE('',#2467,#2377,#1095,.T.);
#3167=EDGE_CURVE('',#2370,#2441,#1096,.T.);
#3168=EDGE_CURVE('',#2455,#2376,#1097,.T.);
#3169=EDGE_CURVE('',#2453,#2375,#1098,.T.);
#3170=EDGE_CURVE('',#2451,#2374,#1099,.T.);
#3171=EDGE_CURVE('',#2449,#2373,#1100,.T.);
#3172=EDGE_CURVE('',#2447,#2372,#1101,.T.);
#3173=EDGE_CURVE('',#2445,#2371,#1102,.T.);
#3174=EDGE_CURVE('',#2442,#2369,#1103,.T.);
#3175=EDGE_CURVE('',#2362,#2473,#1104,.T.);
#3176=EDGE_CURVE('',#2487,#2368,#1105,.T.);
#3177=EDGE_CURVE('',#2485,#2367,#1106,.T.);
#3178=EDGE_CURVE('',#2483,#2366,#1107,.T.);
#3179=EDGE_CURVE('',#2481,#2365,#1108,.T.);
#3180=EDGE_CURVE('',#2479,#2364,#1109,.T.);
#3181=EDGE_CURVE('',#2477,#2363,#1110,.T.);
#3182=EDGE_CURVE('',#2474,#2361,#1111,.T.);
#3183=EDGE_CURVE('',#2537,#2538,#1112,.T.);
#3184=EDGE_CURVE('',#2537,#2539,#1113,.T.);
#3185=EDGE_CURVE('',#2539,#2540,#1114,.T.);
#3186=EDGE_CURVE('',#2540,#2538,#1115,.T.);
#3187=EDGE_CURVE('',#2541,#2540,#1116,.T.);
#3188=EDGE_CURVE('',#2542,#2539,#1117,.T.);
#3189=EDGE_CURVE('',#2543,#2542,#1118,.T.);
#3190=EDGE_CURVE('',#2544,#2543,#1119,.F.);
#3191=EDGE_CURVE('',#2544,#2541,#164,.T.);
#3192=EDGE_CURVE('',#2545,#2546,#1120,.T.);
#3193=EDGE_CURVE('',#2545,#2543,#1121,.T.);
#3194=EDGE_CURVE('',#2542,#2546,#1122,.T.);
#3195=EDGE_CURVE('',#2545,#2547,#1123,.T.);
#3196=EDGE_CURVE('',#2544,#2547,#1124,.T.);
#3197=EDGE_CURVE('',#2547,#2548,#165,.T.);
#3198=EDGE_CURVE('',#2541,#2548,#1125,.T.);
#3199=EDGE_CURVE('',#2548,#2538,#1126,.T.);
#3200=EDGE_CURVE('',#2549,#2550,#1127,.T.);
#3201=EDGE_CURVE('',#2549,#2551,#1128,.T.);
#3202=EDGE_CURVE('',#2552,#2551,#1129,.T.);
#3203=EDGE_CURVE('',#2552,#2550,#1130,.T.);
#3204=EDGE_CURVE('',#2553,#2554,#1131,.T.);
#3205=EDGE_CURVE('',#2554,#2555,#1132,.T.);
#3206=EDGE_CURVE('',#2555,#2556,#1133,.T.);
#3207=EDGE_CURVE('',#2556,#2553,#1134,.T.);
#3208=EDGE_CURVE('',#2437,#2557,#1135,.T.);
#3209=EDGE_CURVE('',#2432,#2557,#1136,.T.);
#3210=EDGE_CURVE('',#2557,#2558,#166,.T.);
#3211=EDGE_CURVE('',#2433,#2558,#1137,.T.);
#3212=EDGE_CURVE('',#2558,#2440,#1138,.T.);
#3213=EDGE_CURVE('',#2430,#2559,#1139,.T.);
#3214=EDGE_CURVE('',#2559,#2560,#1140,.T.);
#3215=EDGE_CURVE('',#2424,#2560,#1141,.T.);
#3216=EDGE_CURVE('',#2560,#2561,#167,.T.);
#3217=EDGE_CURVE('',#2425,#2561,#1142,.T.);
#3218=EDGE_CURVE('',#2561,#2562,#1143,.T.);
#3219=EDGE_CURVE('',#2562,#2429,#1144,.T.);
#3220=EDGE_CURVE('',#2312,#2555,#1145,.T.);
#3221=EDGE_CURVE('',#2311,#2556,#1146,.F.);
#3222=EDGE_CURVE('',#2310,#2549,#1147,.F.);
#3223=EDGE_CURVE('',#2309,#2551,#1148,.F.);
#3224=EDGE_CURVE('',#2563,#2564,#1149,.T.);
#3225=EDGE_CURVE('',#2564,#2565,#1150,.T.);
#3226=EDGE_CURVE('',#2565,#2566,#1151,.F.);
#3227=EDGE_CURVE('',#2566,#2563,#1152,.T.);
#3228=EDGE_CURVE('',#2566,#2567,#1153,.T.);
#3229=EDGE_CURVE('',#2568,#2567,#1154,.T.);
#3230=EDGE_CURVE('',#2559,#2568,#1155,.T.);
#3231=EDGE_CURVE('',#2563,#2562,#1156,.T.);
#3232=EDGE_CURVE('',#2569,#2568,#1157,.T.);
#3233=EDGE_CURVE('',#2567,#2570,#1158,.T.);
#3234=EDGE_CURVE('',#2569,#2570,#1159,.T.);
#3235=EDGE_CURVE('',#2570,#2313,#1160,.T.);
#3236=EDGE_CURVE('',#2270,#2570,#1161,.T.);
#3237=EDGE_CURVE('',#2571,#2572,#1162,.T.);
#3238=EDGE_CURVE('',#2572,#2413,#1163,.T.);
#3239=EDGE_CURVE('',#2573,#2413,#1164,.T.);
#3240=EDGE_CURVE('',#2571,#2573,#1165,.T.);
#3241=EDGE_CURVE('',#2271,#2571,#1166,.T.);
#3242=EDGE_CURVE('',#2272,#2573,#1167,.T.);
#3243=EDGE_CURVE('',#2574,#2575,#1168,.T.);
#3244=EDGE_CURVE('',#2575,#2569,#1169,.T.);
#3245=EDGE_CURVE('',#2570,#2574,#1170,.T.);
#3246=EDGE_CURVE('',#2576,#2274,#1171,.T.);
#3247=EDGE_CURVE('',#2577,#2576,#1172,.T.);
#3248=EDGE_CURVE('',#2275,#2577,#1173,.T.);
#3249=EDGE_CURVE('',#2578,#2579,#1174,.T.);
#3250=EDGE_CURVE('',#2579,#2580,#1175,.T.);
#3251=EDGE_CURVE('',#2580,#2581,#1176,.T.);
#3252=EDGE_CURVE('',#2581,#2578,#1177,.T.);
#3253=EDGE_CURVE('',#2582,#2278,#1178,.T.);
#3254=EDGE_CURVE('',#2583,#2582,#1179,.T.);
#3255=EDGE_CURVE('',#2279,#2583,#1180,.T.);
#3256=EDGE_CURVE('',#2584,#2585,#1181,.T.);
#3257=EDGE_CURVE('',#2585,#2586,#1182,.T.);
#3258=EDGE_CURVE('',#2586,#2587,#1183,.T.);
#3259=EDGE_CURVE('',#2587,#2584,#1184,.T.);
#3260=EDGE_CURVE('',#2440,#2588,#1185,.T.);
#3261=EDGE_CURVE('',#2588,#2589,#1186,.T.);
#3262=EDGE_CURVE('',#2589,#2439,#1187,.T.);
#3263=EDGE_CURVE('',#2590,#2282,#1188,.T.);
#3264=EDGE_CURVE('',#2591,#2590,#1189,.T.);
#3265=EDGE_CURVE('',#2283,#2591,#1190,.T.);
#3266=EDGE_CURVE('',#2438,#2592,#1191,.T.);
#3267=EDGE_CURVE('',#2592,#2593,#1192,.T.);
#3268=EDGE_CURVE('',#2593,#2437,#1193,.T.);
#3269=EDGE_CURVE('',#2594,#2286,#1194,.T.);
#3270=EDGE_CURVE('',#2595,#2594,#1195,.T.);
#3271=EDGE_CURVE('',#2287,#2595,#1196,.T.);
#3272=EDGE_CURVE('',#2596,#2597,#1197,.T.);
#3273=EDGE_CURVE('',#2597,#2598,#1198,.T.);
#3274=EDGE_CURVE('',#2598,#2599,#1199,.T.);
#3275=EDGE_CURVE('',#2599,#2596,#1200,.T.);
#3276=EDGE_CURVE('',#2600,#2290,#1201,.T.);
#3277=EDGE_CURVE('',#2601,#2600,#1202,.T.);
#3278=EDGE_CURVE('',#2291,#2601,#1203,.T.);
#3279=EDGE_CURVE('',#2602,#2603,#1204,.T.);
#3280=EDGE_CURVE('',#2603,#2604,#1205,.T.);
#3281=EDGE_CURVE('',#2604,#2605,#1206,.T.);
#3282=EDGE_CURVE('',#2605,#2602,#1207,.T.);
#3283=EDGE_CURVE('',#2265,#2555,#1208,.T.);
#3284=EDGE_CURVE('',#2554,#2266,#1209,.T.);
#3285=EDGE_CURVE('',#2589,#2591,#1210,.T.);
#3286=EDGE_CURVE('',#2590,#2584,#1211,.T.);
#3287=EDGE_CURVE('',#2587,#2583,#1212,.T.);
#3288=EDGE_CURVE('',#2582,#2580,#1213,.T.);
#3289=EDGE_CURVE('',#2579,#2577,#1214,.T.);
#3290=EDGE_CURVE('',#2576,#2574,#1215,.T.);
#3291=EDGE_CURVE('',#2264,#2606,#1216,.T.);
#3292=EDGE_CURVE('',#2606,#2602,#1217,.T.);
#3293=EDGE_CURVE('',#2605,#2601,#1218,.T.);
#3294=EDGE_CURVE('',#2600,#2596,#1219,.T.);
#3295=EDGE_CURVE('',#2599,#2595,#1220,.T.);
#3296=EDGE_CURVE('',#2594,#2592,#1221,.T.);
#3297=EDGE_CURVE('',#2606,#2294,#1222,.T.);
#3298=EDGE_CURVE('',#2410,#2553,#1223,.T.);
#3299=EDGE_CURVE('',#2556,#2411,#1224,.T.);
#3300=EDGE_CURVE('',#2412,#2607,#1225,.T.);
#3301=EDGE_CURVE('',#2607,#2341,#1226,.T.);
#3302=EDGE_CURVE('',#2608,#2609,#1227,.T.);
#3303=EDGE_CURVE('',#2609,#2610,#1228,.T.);
#3304=EDGE_CURVE('',#2611,#2610,#1229,.T.);
#3305=EDGE_CURVE('',#2608,#2611,#1230,.T.);
#3306=EDGE_CURVE('',#2612,#2613,#1231,.T.);
#3307=EDGE_CURVE('',#2345,#2613,#1232,.T.);
#3308=EDGE_CURVE('',#2612,#2344,#1233,.T.);
#3309=EDGE_CURVE('',#2614,#2615,#1234,.T.);
#3310=EDGE_CURVE('',#2615,#2616,#1235,.T.);
#3311=EDGE_CURVE('',#2616,#2617,#1236,.T.);
#3312=EDGE_CURVE('',#2617,#2614,#1237,.T.);
#3313=EDGE_CURVE('',#2618,#2619,#1238,.T.);
#3314=EDGE_CURVE('',#2349,#2619,#1239,.T.);
#3315=EDGE_CURVE('',#2618,#2348,#1240,.T.);
#3316=EDGE_CURVE('',#2620,#2621,#1241,.T.);
#3317=EDGE_CURVE('',#2621,#2622,#1242,.T.);
#3318=EDGE_CURVE('',#2622,#2623,#1243,.T.);
#3319=EDGE_CURVE('',#2623,#2620,#1244,.T.);
#3320=EDGE_CURVE('',#2624,#2625,#1245,.T.);
#3321=EDGE_CURVE('',#2353,#2625,#1246,.T.);
#3322=EDGE_CURVE('',#2624,#2352,#1247,.T.);
#3323=EDGE_CURVE('',#2626,#2627,#1248,.T.);
#3324=EDGE_CURVE('',#2627,#2628,#1249,.T.);
#3325=EDGE_CURVE('',#2628,#2629,#1250,.T.);
#3326=EDGE_CURVE('',#2629,#2626,#1251,.T.);
#3327=EDGE_CURVE('',#2630,#2631,#1252,.T.);
#3328=EDGE_CURVE('',#2357,#2631,#1253,.T.);
#3329=EDGE_CURVE('',#2630,#2356,#1254,.T.);
#3330=EDGE_CURVE('',#2632,#2633,#1255,.T.);
#3331=EDGE_CURVE('',#2633,#2634,#1256,.T.);
#3332=EDGE_CURVE('',#2634,#2635,#1257,.T.);
#3333=EDGE_CURVE('',#2635,#2632,#1258,.T.);
#3334=EDGE_CURVE('',#2301,#2549,#1259,.T.);
#3335=EDGE_CURVE('',#2550,#2302,#1260,.T.);
#3336=EDGE_CURVE('',#2608,#2607,#1261,.T.);
#3337=EDGE_CURVE('',#2636,#2300,#1262,.T.);
#3338=EDGE_CURVE('',#2636,#2634,#1263,.T.);
#3339=EDGE_CURVE('',#2631,#2633,#1264,.T.);
#3340=EDGE_CURVE('',#2630,#2628,#1265,.T.);
#3341=EDGE_CURVE('',#2625,#2627,#1266,.T.);
#3342=EDGE_CURVE('',#2624,#2620,#1267,.T.);
#3343=EDGE_CURVE('',#2619,#2623,#1268,.T.);
#3344=EDGE_CURVE('',#2618,#2614,#1269,.T.);
#3345=EDGE_CURVE('',#2613,#2617,#1270,.T.);
#3346=EDGE_CURVE('',#2612,#2609,#1271,.T.);
#3347=EDGE_CURVE('',#2636,#2360,#1272,.T.);
#3348=EDGE_CURVE('',#2637,#2638,#1273,.T.);
#3349=EDGE_CURVE('',#2638,#2552,#1274,.T.);
#3350=EDGE_CURVE('',#2551,#2637,#1275,.T.);
#3351=EDGE_CURVE('',#2639,#2640,#1276,.T.);
#3352=EDGE_CURVE('',#2640,#2641,#1277,.T.);
#3353=EDGE_CURVE('',#2641,#2642,#1278,.T.);
#3354=EDGE_CURVE('',#2642,#2639,#1279,.T.);
#3355=EDGE_CURVE('',#2643,#2644,#1280,.T.);
#3356=EDGE_CURVE('',#2644,#2645,#1281,.T.);
#3357=EDGE_CURVE('',#2645,#2646,#1282,.T.);
#3358=EDGE_CURVE('',#2646,#2643,#1283,.T.);
#3359=EDGE_CURVE('',#2538,#2647,#1284,.T.);
#3360=EDGE_CURVE('',#2647,#2648,#1285,.T.);
#3361=EDGE_CURVE('',#2648,#2537,#1286,.T.);
#3362=EDGE_CURVE('',#2546,#2649,#1287,.T.);
#3363=EDGE_CURVE('',#2649,#2650,#1288,.T.);
#3364=EDGE_CURVE('',#2650,#2545,#1289,.T.);
#3365=EDGE_CURVE('',#2651,#2652,#1290,.T.);
#3366=EDGE_CURVE('',#2652,#2653,#1291,.T.);
#3367=EDGE_CURVE('',#2653,#2654,#1292,.T.);
#3368=EDGE_CURVE('',#2654,#2651,#1293,.T.);
#3369=EDGE_CURVE('',#2415,#2564,#1294,.T.);
#3370=EDGE_CURVE('',#2414,#2655,#1295,.T.);
#3371=EDGE_CURVE('',#2655,#2656,#1296,.T.);
#3372=EDGE_CURVE('',#2657,#2656,#1297,.T.);
#3373=EDGE_CURVE('',#2657,#2658,#1298,.T.);
#3374=EDGE_CURVE('',#2658,#2659,#1299,.T.);
#3375=EDGE_CURVE('',#2659,#2651,#1300,.T.);
#3376=EDGE_CURVE('',#2654,#2660,#1301,.T.);
#3377=EDGE_CURVE('',#2660,#2661,#1302,.T.);
#3378=EDGE_CURVE('',#2661,#2649,#1303,.T.);
#3379=EDGE_CURVE('',#2648,#2662,#1304,.T.);
#3380=EDGE_CURVE('',#2662,#2663,#1305,.T.);
#3381=EDGE_CURVE('',#2663,#2643,#1306,.T.);
#3382=EDGE_CURVE('',#2646,#2664,#1307,.T.);
#3383=EDGE_CURVE('',#2664,#2665,#1308,.T.);
#3384=EDGE_CURVE('',#2665,#2639,#1309,.T.);
#3385=EDGE_CURVE('',#2642,#2666,#1310,.T.);
#3386=EDGE_CURVE('',#2666,#2667,#1311,.T.);
#3387=EDGE_CURVE('',#2667,#2637,#1312,.T.);
#3388=EDGE_CURVE('',#2308,#2565,#1313,.T.);
#3389=EDGE_CURVE('',#2668,#2657,#1314,.T.);
#3390=EDGE_CURVE('',#2656,#2669,#1315,.T.);
#3391=EDGE_CURVE('',#2669,#2668,#1316,.T.);
#3392=EDGE_CURVE('',#2575,#2670,#1317,.T.);
#3393=EDGE_CURVE('',#2670,#2671,#1318,.T.);
#3394=EDGE_CURVE('',#2671,#2578,#1319,.T.);
#3395=EDGE_CURVE('',#2581,#2672,#1320,.T.);
#3396=EDGE_CURVE('',#2672,#2673,#1321,.T.);
#3397=EDGE_CURVE('',#2673,#2586,#1322,.T.);
#3398=EDGE_CURVE('',#2585,#2674,#1323,.T.);
#3399=EDGE_CURVE('',#2674,#2675,#1324,.T.);
#3400=EDGE_CURVE('',#2675,#2588,#1325,.T.);
#3401=EDGE_CURVE('',#2593,#2676,#1326,.T.);
#3402=EDGE_CURVE('',#2676,#2677,#1327,.T.);
#3403=EDGE_CURVE('',#2677,#2598,#1328,.T.);
#3404=EDGE_CURVE('',#2597,#2678,#1329,.T.);
#3405=EDGE_CURVE('',#2678,#2679,#1330,.T.);
#3406=EDGE_CURVE('',#2679,#2604,#1331,.T.);
#3407=EDGE_CURVE('',#2603,#2680,#1332,.T.);
#3408=EDGE_CURVE('',#2680,#2267,#1333,.T.);
#3409=EDGE_CURVE('',#2409,#2681,#1334,.T.);
#3410=EDGE_CURVE('',#2611,#2681,#1335,.T.);
#3411=EDGE_CURVE('',#2610,#2682,#1336,.T.);
#3412=EDGE_CURVE('',#2682,#2683,#1337,.T.);
#3413=EDGE_CURVE('',#2683,#2616,#1338,.T.);
#3414=EDGE_CURVE('',#2615,#2684,#1339,.T.);
#3415=EDGE_CURVE('',#2684,#2685,#1340,.T.);
#3416=EDGE_CURVE('',#2685,#2622,#1341,.T.);
#3417=EDGE_CURVE('',#2621,#2686,#1342,.T.);
#3418=EDGE_CURVE('',#2686,#2687,#1343,.T.);
#3419=EDGE_CURVE('',#2687,#2626,#1344,.T.);
#3420=EDGE_CURVE('',#2629,#2688,#1345,.T.);
#3421=EDGE_CURVE('',#2688,#2689,#1346,.T.);
#3422=EDGE_CURVE('',#2689,#2632,#1347,.T.);
#3423=EDGE_CURVE('',#2635,#2690,#1348,.T.);
#3424=EDGE_CURVE('',#2690,#2303,#1349,.T.);
#3425=EDGE_CURVE('',#2638,#2691,#1350,.T.);
#3426=EDGE_CURVE('',#2691,#2692,#1351,.T.);
#3427=EDGE_CURVE('',#2692,#2641,#1352,.T.);
#3428=EDGE_CURVE('',#2640,#2693,#1353,.T.);
#3429=EDGE_CURVE('',#2693,#2694,#1354,.T.);
#3430=EDGE_CURVE('',#2694,#2645,#1355,.T.);
#3431=EDGE_CURVE('',#2644,#2695,#1356,.T.);
#3432=EDGE_CURVE('',#2695,#2696,#1357,.T.);
#3433=EDGE_CURVE('',#2696,#2647,#1358,.T.);
#3434=EDGE_CURVE('',#2650,#2697,#1359,.T.);
#3435=EDGE_CURVE('',#2697,#2698,#1360,.T.);
#3436=EDGE_CURVE('',#2698,#2653,#1361,.T.);
#3437=EDGE_CURVE('',#2652,#2699,#1362,.T.);
#3438=EDGE_CURVE('',#2699,#2700,#1363,.T.);
#3439=EDGE_CURVE('',#2700,#2668,#1364,.T.);
#3440=EDGE_CURVE('',#2669,#2701,#1365,.T.);
#3441=EDGE_CURVE('',#2701,#2416,#1366,.T.);
#3442=EDGE_CURVE('',#2655,#2334,#1367,.T.);
#3443=EDGE_CURVE('',#2659,#2330,#1368,.T.);
#3444=EDGE_CURVE('',#2331,#2658,#1369,.T.);
#3445=EDGE_CURVE('',#2661,#2326,#1370,.T.);
#3446=EDGE_CURVE('',#2327,#2660,#1371,.T.);
#3447=EDGE_CURVE('',#2323,#2662,#1372,.T.);
#3448=EDGE_CURVE('',#2663,#2322,#1373,.T.);
#3449=EDGE_CURVE('',#2319,#2664,#1374,.T.);
#3450=EDGE_CURVE('',#2665,#2318,#1375,.T.);
#3451=EDGE_CURVE('',#2315,#2666,#1376,.T.);
#3452=EDGE_CURVE('',#2667,#2314,#1377,.T.);
#3453=EDGE_CURVE('',#2339,#2565,#1378,.T.);
#3454=EDGE_CURVE('',#2572,#2338,#1379,.T.);
#3455=EDGE_CURVE('',#2211,#2573,#1380,.T.);
#3456=EDGE_CURVE('',#2210,#2272,#1381,.T.);
#3457=EDGE_CURVE('',#2209,#2273,#1382,.T.);
#3458=EDGE_CURVE('',#2208,#2670,#1383,.T.);
#3459=EDGE_CURVE('',#2207,#2671,#1384,.T.);
#3460=EDGE_CURVE('',#2276,#2206,#1385,.T.);
#3461=EDGE_CURVE('',#2205,#2277,#1386,.T.);
#3462=EDGE_CURVE('',#2204,#2672,#1387,.T.);
#3463=EDGE_CURVE('',#2203,#2673,#1388,.T.);
#3464=EDGE_CURVE('',#2280,#2202,#1389,.T.);
#3465=EDGE_CURVE('',#2201,#2281,#1390,.T.);
#3466=EDGE_CURVE('',#2200,#2674,#1391,.T.);
#3467=EDGE_CURVE('',#2199,#2675,#1392,.T.);
#3468=EDGE_CURVE('',#2284,#2198,#1393,.T.);
#3469=EDGE_CURVE('',#2197,#2285,#1394,.T.);
#3470=EDGE_CURVE('',#2196,#2676,#1395,.T.);
#3471=EDGE_CURVE('',#2195,#2677,#1396,.T.);
#3472=EDGE_CURVE('',#2288,#2194,#1397,.T.);
#3473=EDGE_CURVE('',#2193,#2289,#1398,.T.);
#3474=EDGE_CURVE('',#2192,#2678,#1399,.T.);
#3475=EDGE_CURVE('',#2191,#2679,#1400,.T.);
#3476=EDGE_CURVE('',#2292,#2190,#1401,.T.);
#3477=EDGE_CURVE('',#2189,#2293,#1402,.T.);
#3478=EDGE_CURVE('',#2188,#2680,#1403,.T.);
#3479=EDGE_CURVE('',#2261,#2681,#1404,.T.);
#3480=EDGE_CURVE('',#2342,#2260,#1405,.T.);
#3481=EDGE_CURVE('',#2259,#2343,#1406,.T.);
#3482=EDGE_CURVE('',#2258,#2682,#1407,.T.);
#3483=EDGE_CURVE('',#2683,#2257,#1408,.T.);
#3484=EDGE_CURVE('',#2346,#2256,#1409,.T.);
#3485=EDGE_CURVE('',#2255,#2347,#1410,.T.);
#3486=EDGE_CURVE('',#2254,#2684,#1411,.T.);
#3487=EDGE_CURVE('',#2685,#2253,#1412,.T.);
#3488=EDGE_CURVE('',#2350,#2252,#1413,.T.);
#3489=EDGE_CURVE('',#2251,#2351,#1414,.T.);
#3490=EDGE_CURVE('',#2250,#2686,#1415,.T.);
#3491=EDGE_CURVE('',#2687,#2249,#1416,.T.);
#3492=EDGE_CURVE('',#2354,#2248,#1417,.T.);
#3493=EDGE_CURVE('',#2247,#2355,#1418,.T.);
#3494=EDGE_CURVE('',#2246,#2688,#1419,.T.);
#3495=EDGE_CURVE('',#2689,#2245,#1420,.T.);
#3496=EDGE_CURVE('',#2358,#2244,#1421,.T.);
#3497=EDGE_CURVE('',#2243,#2359,#1422,.T.);
#3498=EDGE_CURVE('',#2242,#2690,#1423,.T.);
#3499=EDGE_CURVE('',#2236,#2691,#1424,.T.);
#3500=EDGE_CURVE('',#2235,#2692,#1425,.T.);
#3501=EDGE_CURVE('',#2316,#2234,#1426,.T.);
#3502=EDGE_CURVE('',#2233,#2317,#1427,.T.);
#3503=EDGE_CURVE('',#2232,#2693,#1428,.T.);
#3504=EDGE_CURVE('',#2231,#2694,#1429,.T.);
#3505=EDGE_CURVE('',#2320,#2230,#1430,.T.);
#3506=EDGE_CURVE('',#2229,#2321,#1431,.T.);
#3507=EDGE_CURVE('',#2228,#2695,#1432,.T.);
#3508=EDGE_CURVE('',#2227,#2696,#1433,.T.);
#3509=EDGE_CURVE('',#2324,#2226,#1434,.T.);
#3510=EDGE_CURVE('',#2225,#2325,#1435,.T.);
#3511=EDGE_CURVE('',#2224,#2697,#1436,.T.);
#3512=EDGE_CURVE('',#2223,#2698,#1437,.T.);
#3513=EDGE_CURVE('',#2328,#2222,#1438,.T.);
#3514=EDGE_CURVE('',#2221,#2329,#1439,.T.);
#3515=EDGE_CURVE('',#2220,#2699,#1440,.T.);
#3516=EDGE_CURVE('',#2219,#2700,#1441,.T.);
#3517=EDGE_CURVE('',#2332,#2218,#1442,.T.);
#3518=EDGE_CURVE('',#2217,#2333,#1443,.T.);
#3519=EDGE_CURVE('',#2216,#2701,#1444,.T.);
#3520=ORIENTED_EDGE('',*,*,#2702,.T.);
#3521=ORIENTED_EDGE('',*,*,#2703,.T.);
#3522=ORIENTED_EDGE('',*,*,#2704,.T.);
#3523=ORIENTED_EDGE('',*,*,#2705,.T.);
#3524=ORIENTED_EDGE('',*,*,#2706,.T.);
#3525=ORIENTED_EDGE('',*,*,#2705,.F.);
#3526=ORIENTED_EDGE('',*,*,#2707,.T.);
#3527=ORIENTED_EDGE('',*,*,#2708,.T.);
#3528=ORIENTED_EDGE('',*,*,#2709,.T.);
#3529=ORIENTED_EDGE('',*,*,#2710,.T.);
#3530=ORIENTED_EDGE('',*,*,#2711,.T.);
#3531=ORIENTED_EDGE('',*,*,#2708,.F.);
#3532=ORIENTED_EDGE('',*,*,#2709,.F.);
#3533=ORIENTED_EDGE('',*,*,#2707,.F.);
#3534=ORIENTED_EDGE('',*,*,#2704,.F.);
#3535=ORIENTED_EDGE('',*,*,#2712,.T.);
#3536=ORIENTED_EDGE('',*,*,#2713,.T.);
#3537=ORIENTED_EDGE('',*,*,#2714,.T.);
#3538=ORIENTED_EDGE('',*,*,#2715,.F.);
#3539=ORIENTED_EDGE('',*,*,#2716,.T.);
#3540=ORIENTED_EDGE('',*,*,#2717,.T.);
#3541=ORIENTED_EDGE('',*,*,#2718,.T.);
#3542=ORIENTED_EDGE('',*,*,#2719,.F.);
#3543=ORIENTED_EDGE('',*,*,#2720,.T.);
#3544=ORIENTED_EDGE('',*,*,#2721,.T.);
#3545=ORIENTED_EDGE('',*,*,#2722,.T.);
#3546=ORIENTED_EDGE('',*,*,#2723,.F.);
#3547=ORIENTED_EDGE('',*,*,#2724,.T.);
#3548=ORIENTED_EDGE('',*,*,#2725,.T.);
#3549=ORIENTED_EDGE('',*,*,#2726,.T.);
#3550=ORIENTED_EDGE('',*,*,#2727,.F.);
#3551=ORIENTED_EDGE('',*,*,#2728,.T.);
#3552=ORIENTED_EDGE('',*,*,#2729,.T.);
#3553=ORIENTED_EDGE('',*,*,#2730,.T.);
#3554=ORIENTED_EDGE('',*,*,#2731,.F.);
#3555=ORIENTED_EDGE('',*,*,#2732,.T.);
#3556=ORIENTED_EDGE('',*,*,#2733,.T.);
#3557=ORIENTED_EDGE('',*,*,#2734,.T.);
#3558=ORIENTED_EDGE('',*,*,#2735,.F.);
#3559=ORIENTED_EDGE('',*,*,#2736,.F.);
#3560=ORIENTED_EDGE('',*,*,#2737,.F.);
#3561=ORIENTED_EDGE('',*,*,#2738,.F.);
#3562=ORIENTED_EDGE('',*,*,#2739,.F.);
#3563=ORIENTED_EDGE('',*,*,#2740,.T.);
#3564=ORIENTED_EDGE('',*,*,#2741,.T.);
#3565=ORIENTED_EDGE('',*,*,#2742,.T.);
#3566=ORIENTED_EDGE('',*,*,#2743,.F.);
#3567=ORIENTED_EDGE('',*,*,#2744,.T.);
#3568=ORIENTED_EDGE('',*,*,#2745,.T.);
#3569=ORIENTED_EDGE('',*,*,#2746,.T.);
#3570=ORIENTED_EDGE('',*,*,#2747,.F.);
#3571=ORIENTED_EDGE('',*,*,#2748,.T.);
#3572=ORIENTED_EDGE('',*,*,#2749,.T.);
#3573=ORIENTED_EDGE('',*,*,#2750,.T.);
#3574=ORIENTED_EDGE('',*,*,#2751,.F.);
#3575=ORIENTED_EDGE('',*,*,#2752,.T.);
#3576=ORIENTED_EDGE('',*,*,#2753,.T.);
#3577=ORIENTED_EDGE('',*,*,#2754,.T.);
#3578=ORIENTED_EDGE('',*,*,#2755,.F.);
#3579=ORIENTED_EDGE('',*,*,#2756,.T.);
#3580=ORIENTED_EDGE('',*,*,#2757,.T.);
#3581=ORIENTED_EDGE('',*,*,#2758,.T.);
#3582=ORIENTED_EDGE('',*,*,#2759,.F.);
#3583=ORIENTED_EDGE('',*,*,#2760,.T.);
#3584=ORIENTED_EDGE('',*,*,#2761,.T.);
#3585=ORIENTED_EDGE('',*,*,#2762,.T.);
#3586=ORIENTED_EDGE('',*,*,#2763,.F.);
#3587=ORIENTED_EDGE('',*,*,#2764,.F.);
#3588=ORIENTED_EDGE('',*,*,#2765,.F.);
#3589=ORIENTED_EDGE('',*,*,#2766,.T.);
#3590=ORIENTED_EDGE('',*,*,#2767,.T.);
#3591=ORIENTED_EDGE('',*,*,#2768,.T.);
#3592=ORIENTED_EDGE('',*,*,#2769,.F.);
#3593=ORIENTED_EDGE('',*,*,#2770,.T.);
#3594=ORIENTED_EDGE('',*,*,#2771,.T.);
#3595=ORIENTED_EDGE('',*,*,#2772,.T.);
#3596=ORIENTED_EDGE('',*,*,#2773,.F.);
#3597=ORIENTED_EDGE('',*,*,#2774,.T.);
#3598=ORIENTED_EDGE('',*,*,#2775,.T.);
#3599=ORIENTED_EDGE('',*,*,#2776,.T.);
#3600=ORIENTED_EDGE('',*,*,#2777,.F.);
#3601=ORIENTED_EDGE('',*,*,#2778,.T.);
#3602=ORIENTED_EDGE('',*,*,#2779,.T.);
#3603=ORIENTED_EDGE('',*,*,#2780,.T.);
#3604=ORIENTED_EDGE('',*,*,#2781,.F.);
#3605=ORIENTED_EDGE('',*,*,#2782,.T.);
#3606=ORIENTED_EDGE('',*,*,#2783,.T.);
#3607=ORIENTED_EDGE('',*,*,#2784,.T.);
#3608=ORIENTED_EDGE('',*,*,#2785,.F.);
#3609=ORIENTED_EDGE('',*,*,#2786,.T.);
#3610=ORIENTED_EDGE('',*,*,#2787,.T.);
#3611=ORIENTED_EDGE('',*,*,#2788,.T.);
#3612=ORIENTED_EDGE('',*,*,#2703,.F.);
#3613=ORIENTED_EDGE('',*,*,#2789,.F.);
#3614=ORIENTED_EDGE('',*,*,#2790,.T.);
#3615=ORIENTED_EDGE('',*,*,#2791,.F.);
#3616=ORIENTED_EDGE('',*,*,#2792,.F.);
#3617=ORIENTED_EDGE('',*,*,#2793,.F.);
#3618=ORIENTED_EDGE('',*,*,#2794,.F.);
#3619=ORIENTED_EDGE('',*,*,#2712,.F.);
#3620=ORIENTED_EDGE('',*,*,#2702,.F.);
#3621=ORIENTED_EDGE('',*,*,#2795,.F.);
#3622=ORIENTED_EDGE('',*,*,#2796,.T.);
#3623=ORIENTED_EDGE('',*,*,#2797,.T.);
#3624=ORIENTED_EDGE('',*,*,#2798,.T.);
#3625=ORIENTED_EDGE('',*,*,#2799,.T.);
#3626=ORIENTED_EDGE('',*,*,#2800,.F.);
#3627=ORIENTED_EDGE('',*,*,#2801,.T.);
#3628=ORIENTED_EDGE('',*,*,#2802,.T.);
#3629=ORIENTED_EDGE('',*,*,#2803,.T.);
#3630=ORIENTED_EDGE('',*,*,#2804,.F.);
#3631=ORIENTED_EDGE('',*,*,#2805,.T.);
#3632=ORIENTED_EDGE('',*,*,#2806,.T.);
#3633=ORIENTED_EDGE('',*,*,#2807,.T.);
#3634=ORIENTED_EDGE('',*,*,#2808,.F.);
#3635=ORIENTED_EDGE('',*,*,#2809,.T.);
#3636=ORIENTED_EDGE('',*,*,#2810,.T.);
#3637=ORIENTED_EDGE('',*,*,#2811,.T.);
#3638=ORIENTED_EDGE('',*,*,#2812,.F.);
#3639=ORIENTED_EDGE('',*,*,#2813,.T.);
#3640=ORIENTED_EDGE('',*,*,#2814,.T.);
#3641=ORIENTED_EDGE('',*,*,#2815,.T.);
#3642=ORIENTED_EDGE('',*,*,#2816,.F.);
#3643=ORIENTED_EDGE('',*,*,#2817,.T.);
#3644=ORIENTED_EDGE('',*,*,#2818,.T.);
#3645=ORIENTED_EDGE('',*,*,#2819,.T.);
#3646=ORIENTED_EDGE('',*,*,#2820,.F.);
#3647=ORIENTED_EDGE('',*,*,#2821,.T.);
#3648=ORIENTED_EDGE('',*,*,#2822,.T.);
#3649=ORIENTED_EDGE('',*,*,#2789,.T.);
#3650=ORIENTED_EDGE('',*,*,#2764,.T.);
#3651=ORIENTED_EDGE('',*,*,#2823,.T.);
#3652=ORIENTED_EDGE('',*,*,#2824,.T.);
#3653=ORIENTED_EDGE('',*,*,#2825,.T.);
#3654=ORIENTED_EDGE('',*,*,#2763,.T.);
#3655=ORIENTED_EDGE('',*,*,#2826,.T.);
#3656=ORIENTED_EDGE('',*,*,#2827,.T.);
#3657=ORIENTED_EDGE('',*,*,#2823,.F.);
#3658=ORIENTED_EDGE('',*,*,#2828,.T.);
#3659=ORIENTED_EDGE('',*,*,#2829,.T.);
#3660=ORIENTED_EDGE('',*,*,#2765,.T.);
#3661=ORIENTED_EDGE('',*,*,#2825,.F.);
#3662=ORIENTED_EDGE('',*,*,#2829,.F.);
#3663=ORIENTED_EDGE('',*,*,#2830,.F.);
#3664=ORIENTED_EDGE('',*,*,#2831,.T.);
#3665=ORIENTED_EDGE('',*,*,#2832,.T.);
#3666=ORIENTED_EDGE('',*,*,#2833,.F.);
#3667=ORIENTED_EDGE('',*,*,#2834,.F.);
#3668=ORIENTED_EDGE('',*,*,#2835,.T.);
#3669=ORIENTED_EDGE('',*,*,#2766,.F.);
#3670=ORIENTED_EDGE('',*,*,#2706,.F.);
#3671=ORIENTED_EDGE('',*,*,#2836,.T.);
#3672=ORIENTED_EDGE('',*,*,#2837,.T.);
#3673=ORIENTED_EDGE('',*,*,#2795,.T.);
#3674=ORIENTED_EDGE('',*,*,#2837,.F.);
#3675=ORIENTED_EDGE('',*,*,#2838,.F.);
#3676=ORIENTED_EDGE('',*,*,#2839,.F.);
#3677=ORIENTED_EDGE('',*,*,#2840,.F.);
#3678=ORIENTED_EDGE('',*,*,#2841,.T.);
#3679=ORIENTED_EDGE('',*,*,#2842,.T.);
#3680=ORIENTED_EDGE('',*,*,#2843,.T.);
#3681=ORIENTED_EDGE('',*,*,#2844,.T.);
#3682=ORIENTED_EDGE('',*,*,#2845,.T.);
#3683=ORIENTED_EDGE('',*,*,#2846,.T.);
#3684=ORIENTED_EDGE('',*,*,#2847,.T.);
#3685=ORIENTED_EDGE('',*,*,#2796,.F.);
#3686=ORIENTED_EDGE('',*,*,#2824,.F.);
#3687=ORIENTED_EDGE('',*,*,#2848,.T.);
#3688=ORIENTED_EDGE('',*,*,#2839,.T.);
#3689=ORIENTED_EDGE('',*,*,#2849,.T.);
#3690=ORIENTED_EDGE('',*,*,#2827,.F.);
#3691=ORIENTED_EDGE('',*,*,#2850,.T.);
#3692=ORIENTED_EDGE('',*,*,#2851,.T.);
#3693=ORIENTED_EDGE('',*,*,#2852,.T.);
#3694=ORIENTED_EDGE('',*,*,#2853,.F.);
#3695=ORIENTED_EDGE('',*,*,#2854,.T.);
#3696=ORIENTED_EDGE('',*,*,#2855,.T.);
#3697=ORIENTED_EDGE('',*,*,#2856,.T.);
#3698=ORIENTED_EDGE('',*,*,#2857,.F.);
#3699=ORIENTED_EDGE('',*,*,#2858,.T.);
#3700=ORIENTED_EDGE('',*,*,#2859,.T.);
#3701=ORIENTED_EDGE('',*,*,#2860,.T.);
#3702=ORIENTED_EDGE('',*,*,#2861,.F.);
#3703=ORIENTED_EDGE('',*,*,#2862,.T.);
#3704=ORIENTED_EDGE('',*,*,#2863,.T.);
#3705=ORIENTED_EDGE('',*,*,#2864,.T.);
#3706=ORIENTED_EDGE('',*,*,#2865,.F.);
#3707=ORIENTED_EDGE('',*,*,#2866,.T.);
#3708=ORIENTED_EDGE('',*,*,#2867,.T.);
#3709=ORIENTED_EDGE('',*,*,#2868,.T.);
#3710=ORIENTED_EDGE('',*,*,#2869,.F.);
#3711=ORIENTED_EDGE('',*,*,#2870,.T.);
#3712=ORIENTED_EDGE('',*,*,#2871,.T.);
#3713=ORIENTED_EDGE('',*,*,#2872,.T.);
#3714=ORIENTED_EDGE('',*,*,#2873,.F.);
#3715=ORIENTED_EDGE('',*,*,#2874,.F.);
#3716=ORIENTED_EDGE('',*,*,#2875,.T.);
#3717=ORIENTED_EDGE('',*,*,#2876,.T.);
#3718=ORIENTED_EDGE('',*,*,#2840,.T.);
#3719=ORIENTED_EDGE('',*,*,#2848,.F.);
#3720=ORIENTED_EDGE('',*,*,#2711,.F.);
#3721=ORIENTED_EDGE('',*,*,#2877,.T.);
#3722=ORIENTED_EDGE('',*,*,#2878,.T.);
#3723=ORIENTED_EDGE('',*,*,#2879,.T.);
#3724=ORIENTED_EDGE('',*,*,#2880,.F.);
#3725=ORIENTED_EDGE('',*,*,#2881,.T.);
#3726=ORIENTED_EDGE('',*,*,#2882,.T.);
#3727=ORIENTED_EDGE('',*,*,#2883,.T.);
#3728=ORIENTED_EDGE('',*,*,#2884,.F.);
#3729=ORIENTED_EDGE('',*,*,#2885,.T.);
#3730=ORIENTED_EDGE('',*,*,#2886,.T.);
#3731=ORIENTED_EDGE('',*,*,#2887,.T.);
#3732=ORIENTED_EDGE('',*,*,#2888,.F.);
#3733=ORIENTED_EDGE('',*,*,#2889,.T.);
#3734=ORIENTED_EDGE('',*,*,#2890,.T.);
#3735=ORIENTED_EDGE('',*,*,#2891,.T.);
#3736=ORIENTED_EDGE('',*,*,#2892,.F.);
#3737=ORIENTED_EDGE('',*,*,#2893,.T.);
#3738=ORIENTED_EDGE('',*,*,#2894,.T.);
#3739=ORIENTED_EDGE('',*,*,#2895,.T.);
#3740=ORIENTED_EDGE('',*,*,#2896,.F.);
#3741=ORIENTED_EDGE('',*,*,#2897,.T.);
#3742=ORIENTED_EDGE('',*,*,#2898,.T.);
#3743=ORIENTED_EDGE('',*,*,#2830,.T.);
#3744=ORIENTED_EDGE('',*,*,#2828,.F.);
#3745=ORIENTED_EDGE('',*,*,#2849,.F.);
#3746=ORIENTED_EDGE('',*,*,#2838,.T.);
#3747=ORIENTED_EDGE('',*,*,#2836,.F.);
#3748=ORIENTED_EDGE('',*,*,#2899,.F.);
#3749=ORIENTED_EDGE('',*,*,#2900,.F.);
#3750=ORIENTED_EDGE('',*,*,#2901,.F.);
#3751=ORIENTED_EDGE('',*,*,#2902,.F.);
#3752=ORIENTED_EDGE('',*,*,#2903,.F.);
#3753=ORIENTED_EDGE('',*,*,#2904,.F.);
#3754=ORIENTED_EDGE('',*,*,#2905,.F.);
#3755=ORIENTED_EDGE('',*,*,#2906,.F.);
#3756=ORIENTED_EDGE('',*,*,#2907,.F.);
#3757=ORIENTED_EDGE('',*,*,#2908,.F.);
#3758=ORIENTED_EDGE('',*,*,#2909,.F.);
#3759=ORIENTED_EDGE('',*,*,#2910,.F.);
#3760=ORIENTED_EDGE('',*,*,#2911,.F.);
#3761=ORIENTED_EDGE('',*,*,#2912,.F.);
#3762=ORIENTED_EDGE('',*,*,#2913,.F.);
#3763=ORIENTED_EDGE('',*,*,#2914,.F.);
#3764=ORIENTED_EDGE('',*,*,#2915,.F.);
#3765=ORIENTED_EDGE('',*,*,#2916,.F.);
#3766=ORIENTED_EDGE('',*,*,#2917,.F.);
#3767=ORIENTED_EDGE('',*,*,#2918,.F.);
#3768=ORIENTED_EDGE('',*,*,#2919,.F.);
#3769=ORIENTED_EDGE('',*,*,#2920,.F.);
#3770=ORIENTED_EDGE('',*,*,#2921,.F.);
#3771=ORIENTED_EDGE('',*,*,#2922,.F.);
#3772=ORIENTED_EDGE('',*,*,#2923,.F.);
#3773=ORIENTED_EDGE('',*,*,#2924,.F.);
#3774=ORIENTED_EDGE('',*,*,#2925,.F.);
#3775=ORIENTED_EDGE('',*,*,#2926,.F.);
#3776=ORIENTED_EDGE('',*,*,#2927,.F.);
#3777=ORIENTED_EDGE('',*,*,#2928,.F.);
#3778=ORIENTED_EDGE('',*,*,#2929,.F.);
#3779=ORIENTED_EDGE('',*,*,#2930,.F.);
#3780=ORIENTED_EDGE('',*,*,#2931,.F.);
#3781=ORIENTED_EDGE('',*,*,#2932,.F.);
#3782=ORIENTED_EDGE('',*,*,#2933,.F.);
#3783=ORIENTED_EDGE('',*,*,#2934,.F.);
#3784=ORIENTED_EDGE('',*,*,#2935,.F.);
#3785=ORIENTED_EDGE('',*,*,#2936,.F.);
#3786=ORIENTED_EDGE('',*,*,#2937,.F.);
#3787=ORIENTED_EDGE('',*,*,#2938,.F.);
#3788=ORIENTED_EDGE('',*,*,#2939,.F.);
#3789=ORIENTED_EDGE('',*,*,#2940,.F.);
#3790=ORIENTED_EDGE('',*,*,#2941,.F.);
#3791=ORIENTED_EDGE('',*,*,#2942,.F.);
#3792=ORIENTED_EDGE('',*,*,#2943,.F.);
#3793=ORIENTED_EDGE('',*,*,#2944,.F.);
#3794=ORIENTED_EDGE('',*,*,#2945,.F.);
#3795=ORIENTED_EDGE('',*,*,#2946,.F.);
#3796=ORIENTED_EDGE('',*,*,#2710,.F.);
#3797=ORIENTED_EDGE('',*,*,#2788,.F.);
#3798=ORIENTED_EDGE('',*,*,#2947,.F.);
#3799=ORIENTED_EDGE('',*,*,#2948,.T.);
#3800=ORIENTED_EDGE('',*,*,#2949,.T.);
#3801=ORIENTED_EDGE('',*,*,#2950,.F.);
#3802=ORIENTED_EDGE('',*,*,#2951,.F.);
#3803=ORIENTED_EDGE('',*,*,#2877,.F.);
#3804=ORIENTED_EDGE('',*,*,#2952,.T.);
#3805=ORIENTED_EDGE('',*,*,#2873,.T.);
#3806=ORIENTED_EDGE('',*,*,#2953,.T.);
#3807=ORIENTED_EDGE('',*,*,#2739,.T.);
#3808=ORIENTED_EDGE('',*,*,#2952,.F.);
#3809=ORIENTED_EDGE('',*,*,#2738,.T.);
#3810=ORIENTED_EDGE('',*,*,#2954,.T.);
#3811=ORIENTED_EDGE('',*,*,#2955,.T.);
#3812=ORIENTED_EDGE('',*,*,#2953,.F.);
#3813=ORIENTED_EDGE('',*,*,#2872,.F.);
#3814=ORIENTED_EDGE('',*,*,#2956,.T.);
#3815=ORIENTED_EDGE('',*,*,#2957,.F.);
#3816=ORIENTED_EDGE('',*,*,#2958,.F.);
#3817=ORIENTED_EDGE('',*,*,#2959,.F.);
#3818=ORIENTED_EDGE('',*,*,#2740,.F.);
#3819=ORIENTED_EDGE('',*,*,#2960,.T.);
#3820=ORIENTED_EDGE('',*,*,#2961,.T.);
#3821=ORIENTED_EDGE('',*,*,#2962,.T.);
#3822=ORIENTED_EDGE('',*,*,#2960,.F.);
#3823=ORIENTED_EDGE('',*,*,#2963,.T.);
#3824=ORIENTED_EDGE('',*,*,#2964,.F.);
#3825=ORIENTED_EDGE('',*,*,#2963,.F.);
#3826=ORIENTED_EDGE('',*,*,#2961,.F.);
#3827=ORIENTED_EDGE('',*,*,#2965,.T.);
#3828=ORIENTED_EDGE('',*,*,#2966,.F.);
#3829=ORIENTED_EDGE('',*,*,#2965,.F.);
#3830=ORIENTED_EDGE('',*,*,#2962,.F.);
#3831=ORIENTED_EDGE('',*,*,#2967,.T.);
#3832=ORIENTED_EDGE('',*,*,#2968,.F.);
#3833=ORIENTED_EDGE('',*,*,#2967,.F.);
#3834=ORIENTED_EDGE('',*,*,#2969,.T.);
#3835=ORIENTED_EDGE('',*,*,#2970,.T.);
#3836=ORIENTED_EDGE('',*,*,#2971,.T.);
#3837=ORIENTED_EDGE('',*,*,#2972,.T.);
#3838=ORIENTED_EDGE('',*,*,#2964,.T.);
#3839=ORIENTED_EDGE('',*,*,#2973,.T.);
#3840=ORIENTED_EDGE('',*,*,#2972,.F.);
#3841=ORIENTED_EDGE('',*,*,#2974,.T.);
#3842=ORIENTED_EDGE('',*,*,#2975,.T.);
#3843=ORIENTED_EDGE('',*,*,#2976,.T.);
#3844=ORIENTED_EDGE('',*,*,#2977,.T.);
#3845=ORIENTED_EDGE('',*,*,#2978,.T.);
#3846=ORIENTED_EDGE('',*,*,#2975,.F.);
#3847=ORIENTED_EDGE('',*,*,#2979,.T.);
#3848=ORIENTED_EDGE('',*,*,#2980,.T.);
#3849=ORIENTED_EDGE('',*,*,#2981,.T.);
#3850=ORIENTED_EDGE('',*,*,#2982,.F.);
#3851=ORIENTED_EDGE('',*,*,#2983,.F.);
#3852=ORIENTED_EDGE('',*,*,#2984,.F.);
#3853=ORIENTED_EDGE('',*,*,#2966,.T.);
#3854=ORIENTED_EDGE('',*,*,#2985,.F.);
#3855=ORIENTED_EDGE('',*,*,#2986,.T.);
#3856=ORIENTED_EDGE('',*,*,#2984,.T.);
#3857=ORIENTED_EDGE('',*,*,#2987,.T.);
#3858=ORIENTED_EDGE('',*,*,#2988,.F.);
#3859=ORIENTED_EDGE('',*,*,#2989,.T.);
#3860=ORIENTED_EDGE('',*,*,#2982,.T.);
#3861=ORIENTED_EDGE('',*,*,#2990,.T.);
#3862=ORIENTED_EDGE('',*,*,#2991,.F.);
#3863=ORIENTED_EDGE('',*,*,#2992,.T.);
#3864=ORIENTED_EDGE('',*,*,#2993,.F.);
#3865=ORIENTED_EDGE('',*,*,#2994,.F.);
#3866=ORIENTED_EDGE('',*,*,#2995,.F.);
#3867=ORIENTED_EDGE('',*,*,#2994,.T.);
#3868=ORIENTED_EDGE('',*,*,#2996,.F.);
#3869=ORIENTED_EDGE('',*,*,#2997,.F.);
#3870=ORIENTED_EDGE('',*,*,#2998,.F.);
#3871=ORIENTED_EDGE('',*,*,#2997,.T.);
#3872=ORIENTED_EDGE('',*,*,#2999,.F.);
#3873=ORIENTED_EDGE('',*,*,#3000,.F.);
#3874=ORIENTED_EDGE('',*,*,#3001,.F.);
#3875=ORIENTED_EDGE('',*,*,#3000,.T.);
#3876=ORIENTED_EDGE('',*,*,#3002,.F.);
#3877=ORIENTED_EDGE('',*,*,#3003,.F.);
#3878=ORIENTED_EDGE('',*,*,#3004,.F.);
#3879=ORIENTED_EDGE('',*,*,#3003,.T.);
#3880=ORIENTED_EDGE('',*,*,#3005,.F.);
#3881=ORIENTED_EDGE('',*,*,#3006,.F.);
#3882=ORIENTED_EDGE('',*,*,#3007,.F.);
#3883=ORIENTED_EDGE('',*,*,#3006,.T.);
#3884=ORIENTED_EDGE('',*,*,#3008,.F.);
#3885=ORIENTED_EDGE('',*,*,#3009,.F.);
#3886=ORIENTED_EDGE('',*,*,#3010,.F.);
#3887=ORIENTED_EDGE('',*,*,#3009,.T.);
#3888=ORIENTED_EDGE('',*,*,#3011,.F.);
#3889=ORIENTED_EDGE('',*,*,#3012,.F.);
#3890=ORIENTED_EDGE('',*,*,#3013,.F.);
#3891=ORIENTED_EDGE('',*,*,#3012,.T.);
#3892=ORIENTED_EDGE('',*,*,#3014,.F.);
#3893=ORIENTED_EDGE('',*,*,#2992,.F.);
#3894=ORIENTED_EDGE('',*,*,#3015,.F.);
#3895=ORIENTED_EDGE('',*,*,#3016,.T.);
#3896=ORIENTED_EDGE('',*,*,#3017,.F.);
#3897=ORIENTED_EDGE('',*,*,#3018,.F.);
#3898=ORIENTED_EDGE('',*,*,#3019,.F.);
#3899=ORIENTED_EDGE('',*,*,#3018,.T.);
#3900=ORIENTED_EDGE('',*,*,#3020,.F.);
#3901=ORIENTED_EDGE('',*,*,#3021,.F.);
#3902=ORIENTED_EDGE('',*,*,#3022,.F.);
#3903=ORIENTED_EDGE('',*,*,#3021,.T.);
#3904=ORIENTED_EDGE('',*,*,#3023,.F.);
#3905=ORIENTED_EDGE('',*,*,#3024,.F.);
#3906=ORIENTED_EDGE('',*,*,#3025,.F.);
#3907=ORIENTED_EDGE('',*,*,#3024,.T.);
#3908=ORIENTED_EDGE('',*,*,#3026,.F.);
#3909=ORIENTED_EDGE('',*,*,#3027,.F.);
#3910=ORIENTED_EDGE('',*,*,#3028,.F.);
#3911=ORIENTED_EDGE('',*,*,#3027,.T.);
#3912=ORIENTED_EDGE('',*,*,#3029,.F.);
#3913=ORIENTED_EDGE('',*,*,#3030,.F.);
#3914=ORIENTED_EDGE('',*,*,#3031,.F.);
#3915=ORIENTED_EDGE('',*,*,#3030,.T.);
#3916=ORIENTED_EDGE('',*,*,#3032,.F.);
#3917=ORIENTED_EDGE('',*,*,#3033,.F.);
#3918=ORIENTED_EDGE('',*,*,#3034,.F.);
#3919=ORIENTED_EDGE('',*,*,#3033,.T.);
#3920=ORIENTED_EDGE('',*,*,#3035,.F.);
#3921=ORIENTED_EDGE('',*,*,#3036,.F.);
#3922=ORIENTED_EDGE('',*,*,#3037,.F.);
#3923=ORIENTED_EDGE('',*,*,#3036,.T.);
#3924=ORIENTED_EDGE('',*,*,#3038,.F.);
#3925=ORIENTED_EDGE('',*,*,#3016,.F.);
#3926=ORIENTED_EDGE('',*,*,#3039,.F.);
#3927=ORIENTED_EDGE('',*,*,#3040,.T.);
#3928=ORIENTED_EDGE('',*,*,#3041,.F.);
#3929=ORIENTED_EDGE('',*,*,#3042,.F.);
#3930=ORIENTED_EDGE('',*,*,#3043,.F.);
#3931=ORIENTED_EDGE('',*,*,#3042,.T.);
#3932=ORIENTED_EDGE('',*,*,#3044,.F.);
#3933=ORIENTED_EDGE('',*,*,#3045,.F.);
#3934=ORIENTED_EDGE('',*,*,#3046,.F.);
#3935=ORIENTED_EDGE('',*,*,#3045,.T.);
#3936=ORIENTED_EDGE('',*,*,#3047,.F.);
#3937=ORIENTED_EDGE('',*,*,#3048,.F.);
#3938=ORIENTED_EDGE('',*,*,#3049,.F.);
#3939=ORIENTED_EDGE('',*,*,#3048,.T.);
#3940=ORIENTED_EDGE('',*,*,#3050,.F.);
#3941=ORIENTED_EDGE('',*,*,#3051,.F.);
#3942=ORIENTED_EDGE('',*,*,#3052,.F.);
#3943=ORIENTED_EDGE('',*,*,#3051,.T.);
#3944=ORIENTED_EDGE('',*,*,#3053,.F.);
#3945=ORIENTED_EDGE('',*,*,#3054,.F.);
#3946=ORIENTED_EDGE('',*,*,#3055,.F.);
#3947=ORIENTED_EDGE('',*,*,#3054,.T.);
#3948=ORIENTED_EDGE('',*,*,#3056,.F.);
#3949=ORIENTED_EDGE('',*,*,#3057,.F.);
#3950=ORIENTED_EDGE('',*,*,#3058,.F.);
#3951=ORIENTED_EDGE('',*,*,#3057,.T.);
#3952=ORIENTED_EDGE('',*,*,#3059,.F.);
#3953=ORIENTED_EDGE('',*,*,#3060,.F.);
#3954=ORIENTED_EDGE('',*,*,#3061,.F.);
#3955=ORIENTED_EDGE('',*,*,#3060,.T.);
#3956=ORIENTED_EDGE('',*,*,#3062,.F.);
#3957=ORIENTED_EDGE('',*,*,#3040,.F.);
#3958=ORIENTED_EDGE('',*,*,#3063,.F.);
#3959=ORIENTED_EDGE('',*,*,#3064,.T.);
#3960=ORIENTED_EDGE('',*,*,#3065,.F.);
#3961=ORIENTED_EDGE('',*,*,#3066,.F.);
#3962=ORIENTED_EDGE('',*,*,#3067,.F.);
#3963=ORIENTED_EDGE('',*,*,#3066,.T.);
#3964=ORIENTED_EDGE('',*,*,#3068,.F.);
#3965=ORIENTED_EDGE('',*,*,#3069,.F.);
#3966=ORIENTED_EDGE('',*,*,#3070,.F.);
#3967=ORIENTED_EDGE('',*,*,#3069,.T.);
#3968=ORIENTED_EDGE('',*,*,#3071,.F.);
#3969=ORIENTED_EDGE('',*,*,#3072,.F.);
#3970=ORIENTED_EDGE('',*,*,#3073,.F.);
#3971=ORIENTED_EDGE('',*,*,#3072,.T.);
#3972=ORIENTED_EDGE('',*,*,#3074,.F.);
#3973=ORIENTED_EDGE('',*,*,#3075,.F.);
#3974=ORIENTED_EDGE('',*,*,#3076,.F.);
#3975=ORIENTED_EDGE('',*,*,#3075,.T.);
#3976=ORIENTED_EDGE('',*,*,#3077,.F.);
#3977=ORIENTED_EDGE('',*,*,#3078,.F.);
#3978=ORIENTED_EDGE('',*,*,#3079,.F.);
#3979=ORIENTED_EDGE('',*,*,#3078,.T.);
#3980=ORIENTED_EDGE('',*,*,#3080,.F.);
#3981=ORIENTED_EDGE('',*,*,#3081,.F.);
#3982=ORIENTED_EDGE('',*,*,#3082,.F.);
#3983=ORIENTED_EDGE('',*,*,#3081,.T.);
#3984=ORIENTED_EDGE('',*,*,#3083,.F.);
#3985=ORIENTED_EDGE('',*,*,#3084,.F.);
#3986=ORIENTED_EDGE('',*,*,#3085,.F.);
#3987=ORIENTED_EDGE('',*,*,#3084,.T.);
#3988=ORIENTED_EDGE('',*,*,#3086,.F.);
#3989=ORIENTED_EDGE('',*,*,#3064,.F.);
#3990=ORIENTED_EDGE('',*,*,#3087,.F.);
#3991=ORIENTED_EDGE('',*,*,#3088,.T.);
#3992=ORIENTED_EDGE('',*,*,#3089,.F.);
#3993=ORIENTED_EDGE('',*,*,#3090,.F.);
#3994=ORIENTED_EDGE('',*,*,#3091,.F.);
#3995=ORIENTED_EDGE('',*,*,#3090,.T.);
#3996=ORIENTED_EDGE('',*,*,#3092,.F.);
#3997=ORIENTED_EDGE('',*,*,#3093,.F.);
#3998=ORIENTED_EDGE('',*,*,#3094,.F.);
#3999=ORIENTED_EDGE('',*,*,#3093,.T.);
#4000=ORIENTED_EDGE('',*,*,#3095,.F.);
#4001=ORIENTED_EDGE('',*,*,#3096,.F.);
#4002=ORIENTED_EDGE('',*,*,#3097,.F.);
#4003=ORIENTED_EDGE('',*,*,#3096,.T.);
#4004=ORIENTED_EDGE('',*,*,#3098,.F.);
#4005=ORIENTED_EDGE('',*,*,#3099,.F.);
#4006=ORIENTED_EDGE('',*,*,#3100,.F.);
#4007=ORIENTED_EDGE('',*,*,#3099,.T.);
#4008=ORIENTED_EDGE('',*,*,#3101,.F.);
#4009=ORIENTED_EDGE('',*,*,#3102,.F.);
#4010=ORIENTED_EDGE('',*,*,#3103,.F.);
#4011=ORIENTED_EDGE('',*,*,#3102,.T.);
#4012=ORIENTED_EDGE('',*,*,#3104,.F.);
#4013=ORIENTED_EDGE('',*,*,#3105,.F.);
#4014=ORIENTED_EDGE('',*,*,#3106,.F.);
#4015=ORIENTED_EDGE('',*,*,#3105,.T.);
#4016=ORIENTED_EDGE('',*,*,#3107,.F.);
#4017=ORIENTED_EDGE('',*,*,#3108,.F.);
#4018=ORIENTED_EDGE('',*,*,#3109,.F.);
#4019=ORIENTED_EDGE('',*,*,#3108,.T.);
#4020=ORIENTED_EDGE('',*,*,#3110,.F.);
#4021=ORIENTED_EDGE('',*,*,#3088,.F.);
#4022=ORIENTED_EDGE('',*,*,#3111,.F.);
#4023=ORIENTED_EDGE('',*,*,#3112,.T.);
#4024=ORIENTED_EDGE('',*,*,#3113,.F.);
#4025=ORIENTED_EDGE('',*,*,#3114,.F.);
#4026=ORIENTED_EDGE('',*,*,#3115,.F.);
#4027=ORIENTED_EDGE('',*,*,#3114,.T.);
#4028=ORIENTED_EDGE('',*,*,#3116,.F.);
#4029=ORIENTED_EDGE('',*,*,#3117,.F.);
#4030=ORIENTED_EDGE('',*,*,#3118,.F.);
#4031=ORIENTED_EDGE('',*,*,#3117,.T.);
#4032=ORIENTED_EDGE('',*,*,#3119,.F.);
#4033=ORIENTED_EDGE('',*,*,#3120,.F.);
#4034=ORIENTED_EDGE('',*,*,#3121,.F.);
#4035=ORIENTED_EDGE('',*,*,#3120,.T.);
#4036=ORIENTED_EDGE('',*,*,#3122,.F.);
#4037=ORIENTED_EDGE('',*,*,#3123,.F.);
#4038=ORIENTED_EDGE('',*,*,#3124,.F.);
#4039=ORIENTED_EDGE('',*,*,#3123,.T.);
#4040=ORIENTED_EDGE('',*,*,#3125,.F.);
#4041=ORIENTED_EDGE('',*,*,#3126,.F.);
#4042=ORIENTED_EDGE('',*,*,#3127,.F.);
#4043=ORIENTED_EDGE('',*,*,#3126,.T.);
#4044=ORIENTED_EDGE('',*,*,#3128,.F.);
#4045=ORIENTED_EDGE('',*,*,#3129,.F.);
#4046=ORIENTED_EDGE('',*,*,#3130,.F.);
#4047=ORIENTED_EDGE('',*,*,#3129,.T.);
#4048=ORIENTED_EDGE('',*,*,#3131,.F.);
#4049=ORIENTED_EDGE('',*,*,#3132,.F.);
#4050=ORIENTED_EDGE('',*,*,#3133,.F.);
#4051=ORIENTED_EDGE('',*,*,#3132,.T.);
#4052=ORIENTED_EDGE('',*,*,#3134,.F.);
#4053=ORIENTED_EDGE('',*,*,#3112,.F.);
#4054=ORIENTED_EDGE('',*,*,#3135,.F.);
#4055=ORIENTED_EDGE('',*,*,#2946,.T.);
#4056=ORIENTED_EDGE('',*,*,#3136,.F.);
#4057=ORIENTED_EDGE('',*,*,#3091,.T.);
#4058=ORIENTED_EDGE('',*,*,#3136,.T.);
#4059=ORIENTED_EDGE('',*,*,#2945,.T.);
#4060=ORIENTED_EDGE('',*,*,#3137,.F.);
#4061=ORIENTED_EDGE('',*,*,#3087,.T.);
#4062=ORIENTED_EDGE('',*,*,#3137,.T.);
#4063=ORIENTED_EDGE('',*,*,#2944,.T.);
#4064=ORIENTED_EDGE('',*,*,#3138,.F.);
#4065=ORIENTED_EDGE('',*,*,#3109,.T.);
#4066=ORIENTED_EDGE('',*,*,#3138,.T.);
#4067=ORIENTED_EDGE('',*,*,#2943,.T.);
#4068=ORIENTED_EDGE('',*,*,#3139,.F.);
#4069=ORIENTED_EDGE('',*,*,#3106,.T.);
#4070=ORIENTED_EDGE('',*,*,#3139,.T.);
#4071=ORIENTED_EDGE('',*,*,#2942,.T.);
#4072=ORIENTED_EDGE('',*,*,#3140,.F.);
#4073=ORIENTED_EDGE('',*,*,#3103,.T.);
#4074=ORIENTED_EDGE('',*,*,#3140,.T.);
#4075=ORIENTED_EDGE('',*,*,#2941,.T.);
#4076=ORIENTED_EDGE('',*,*,#3141,.F.);
#4077=ORIENTED_EDGE('',*,*,#3100,.T.);
#4078=ORIENTED_EDGE('',*,*,#3141,.T.);
#4079=ORIENTED_EDGE('',*,*,#2940,.T.);
#4080=ORIENTED_EDGE('',*,*,#3142,.F.);
#4081=ORIENTED_EDGE('',*,*,#3097,.T.);
#4082=ORIENTED_EDGE('',*,*,#3142,.T.);
#4083=ORIENTED_EDGE('',*,*,#2939,.T.);
#4084=ORIENTED_EDGE('',*,*,#3135,.T.);
#4085=ORIENTED_EDGE('',*,*,#3094,.T.);
#4086=ORIENTED_EDGE('',*,*,#3143,.F.);
#4087=ORIENTED_EDGE('',*,*,#2938,.T.);
#4088=ORIENTED_EDGE('',*,*,#3144,.F.);
#4089=ORIENTED_EDGE('',*,*,#3085,.T.);
#4090=ORIENTED_EDGE('',*,*,#3144,.T.);
#4091=ORIENTED_EDGE('',*,*,#2937,.T.);
#4092=ORIENTED_EDGE('',*,*,#3145,.F.);
#4093=ORIENTED_EDGE('',*,*,#3082,.T.);
#4094=ORIENTED_EDGE('',*,*,#3145,.T.);
#4095=ORIENTED_EDGE('',*,*,#2936,.T.);
#4096=ORIENTED_EDGE('',*,*,#3146,.F.);
#4097=ORIENTED_EDGE('',*,*,#3079,.T.);
#4098=ORIENTED_EDGE('',*,*,#3146,.T.);
#4099=ORIENTED_EDGE('',*,*,#2935,.T.);
#4100=ORIENTED_EDGE('',*,*,#3147,.F.);
#4101=ORIENTED_EDGE('',*,*,#3076,.T.);
#4102=ORIENTED_EDGE('',*,*,#3147,.T.);
#4103=ORIENTED_EDGE('',*,*,#2934,.T.);
#4104=ORIENTED_EDGE('',*,*,#3148,.F.);
#4105=ORIENTED_EDGE('',*,*,#3073,.T.);
#4106=ORIENTED_EDGE('',*,*,#3148,.T.);
#4107=ORIENTED_EDGE('',*,*,#2933,.T.);
#4108=ORIENTED_EDGE('',*,*,#3149,.F.);
#4109=ORIENTED_EDGE('',*,*,#3070,.T.);
#4110=ORIENTED_EDGE('',*,*,#3149,.T.);
#4111=ORIENTED_EDGE('',*,*,#2932,.T.);
#4112=ORIENTED_EDGE('',*,*,#3150,.F.);
#4113=ORIENTED_EDGE('',*,*,#3067,.T.);
#4114=ORIENTED_EDGE('',*,*,#3150,.T.);
#4115=ORIENTED_EDGE('',*,*,#2931,.T.);
#4116=ORIENTED_EDGE('',*,*,#3143,.T.);
#4117=ORIENTED_EDGE('',*,*,#3063,.T.);
#4118=ORIENTED_EDGE('',*,*,#3151,.F.);
#4119=ORIENTED_EDGE('',*,*,#2930,.T.);
#4120=ORIENTED_EDGE('',*,*,#3152,.F.);
#4121=ORIENTED_EDGE('',*,*,#3133,.T.);
#4122=ORIENTED_EDGE('',*,*,#3152,.T.);
#4123=ORIENTED_EDGE('',*,*,#2929,.T.);
#4124=ORIENTED_EDGE('',*,*,#3153,.F.);
#4125=ORIENTED_EDGE('',*,*,#3130,.T.);
#4126=ORIENTED_EDGE('',*,*,#3153,.T.);
#4127=ORIENTED_EDGE('',*,*,#2928,.T.);
#4128=ORIENTED_EDGE('',*,*,#3154,.F.);
#4129=ORIENTED_EDGE('',*,*,#3127,.T.);
#4130=ORIENTED_EDGE('',*,*,#3154,.T.);
#4131=ORIENTED_EDGE('',*,*,#2927,.T.);
#4132=ORIENTED_EDGE('',*,*,#3155,.F.);
#4133=ORIENTED_EDGE('',*,*,#3124,.T.);
#4134=ORIENTED_EDGE('',*,*,#3155,.T.);
#4135=ORIENTED_EDGE('',*,*,#2926,.T.);
#4136=ORIENTED_EDGE('',*,*,#3156,.F.);
#4137=ORIENTED_EDGE('',*,*,#3121,.T.);
#4138=ORIENTED_EDGE('',*,*,#3156,.T.);
#4139=ORIENTED_EDGE('',*,*,#2925,.T.);
#4140=ORIENTED_EDGE('',*,*,#3157,.F.);
#4141=ORIENTED_EDGE('',*,*,#3118,.T.);
#4142=ORIENTED_EDGE('',*,*,#3157,.T.);
#4143=ORIENTED_EDGE('',*,*,#2924,.T.);
#4144=ORIENTED_EDGE('',*,*,#3158,.F.);
#4145=ORIENTED_EDGE('',*,*,#3115,.T.);
#4146=ORIENTED_EDGE('',*,*,#3158,.T.);
#4147=ORIENTED_EDGE('',*,*,#2923,.T.);
#4148=ORIENTED_EDGE('',*,*,#3151,.T.);
#4149=ORIENTED_EDGE('',*,*,#3111,.T.);
#4150=ORIENTED_EDGE('',*,*,#3159,.F.);
#4151=ORIENTED_EDGE('',*,*,#2922,.T.);
#4152=ORIENTED_EDGE('',*,*,#3160,.F.);
#4153=ORIENTED_EDGE('',*,*,#3025,.T.);
#4154=ORIENTED_EDGE('',*,*,#3160,.T.);
#4155=ORIENTED_EDGE('',*,*,#2921,.T.);
#4156=ORIENTED_EDGE('',*,*,#3161,.F.);
#4157=ORIENTED_EDGE('',*,*,#3022,.T.);
#4158=ORIENTED_EDGE('',*,*,#3161,.T.);
#4159=ORIENTED_EDGE('',*,*,#2920,.T.);
#4160=ORIENTED_EDGE('',*,*,#3162,.F.);
#4161=ORIENTED_EDGE('',*,*,#3019,.T.);
#4162=ORIENTED_EDGE('',*,*,#3162,.T.);
#4163=ORIENTED_EDGE('',*,*,#2919,.T.);
#4164=ORIENTED_EDGE('',*,*,#3163,.F.);
#4165=ORIENTED_EDGE('',*,*,#3015,.T.);
#4166=ORIENTED_EDGE('',*,*,#3163,.T.);
#4167=ORIENTED_EDGE('',*,*,#2918,.T.);
#4168=ORIENTED_EDGE('',*,*,#3164,.F.);
#4169=ORIENTED_EDGE('',*,*,#3037,.T.);
#4170=ORIENTED_EDGE('',*,*,#3164,.T.);
#4171=ORIENTED_EDGE('',*,*,#2917,.T.);
#4172=ORIENTED_EDGE('',*,*,#3165,.F.);
#4173=ORIENTED_EDGE('',*,*,#3034,.T.);
#4174=ORIENTED_EDGE('',*,*,#3165,.T.);
#4175=ORIENTED_EDGE('',*,*,#2916,.T.);
#4176=ORIENTED_EDGE('',*,*,#3166,.F.);
#4177=ORIENTED_EDGE('',*,*,#3031,.T.);
#4178=ORIENTED_EDGE('',*,*,#3166,.T.);
#4179=ORIENTED_EDGE('',*,*,#2915,.T.);
#4180=ORIENTED_EDGE('',*,*,#3159,.T.);
#4181=ORIENTED_EDGE('',*,*,#3028,.T.);
#4182=ORIENTED_EDGE('',*,*,#3167,.F.);
#4183=ORIENTED_EDGE('',*,*,#2914,.T.);
#4184=ORIENTED_EDGE('',*,*,#3168,.F.);
#4185=ORIENTED_EDGE('',*,*,#3013,.T.);
#4186=ORIENTED_EDGE('',*,*,#3168,.T.);
#4187=ORIENTED_EDGE('',*,*,#2913,.T.);
#4188=ORIENTED_EDGE('',*,*,#3169,.F.);
#4189=ORIENTED_EDGE('',*,*,#3010,.T.);
#4190=ORIENTED_EDGE('',*,*,#3169,.T.);
#4191=ORIENTED_EDGE('',*,*,#2912,.T.);
#4192=ORIENTED_EDGE('',*,*,#3170,.F.);
#4193=ORIENTED_EDGE('',*,*,#3007,.T.);
#4194=ORIENTED_EDGE('',*,*,#3170,.T.);
#4195=ORIENTED_EDGE('',*,*,#2911,.T.);
#4196=ORIENTED_EDGE('',*,*,#3171,.F.);
#4197=ORIENTED_EDGE('',*,*,#3004,.T.);
#4198=ORIENTED_EDGE('',*,*,#3171,.T.);
#4199=ORIENTED_EDGE('',*,*,#2910,.T.);
#4200=ORIENTED_EDGE('',*,*,#3172,.F.);
#4201=ORIENTED_EDGE('',*,*,#3001,.T.);
#4202=ORIENTED_EDGE('',*,*,#3172,.T.);
#4203=ORIENTED_EDGE('',*,*,#2909,.T.);
#4204=ORIENTED_EDGE('',*,*,#3173,.F.);
#4205=ORIENTED_EDGE('',*,*,#2998,.T.);
#4206=ORIENTED_EDGE('',*,*,#3173,.T.);
#4207=ORIENTED_EDGE('',*,*,#2908,.T.);
#4208=ORIENTED_EDGE('',*,*,#3174,.F.);
#4209=ORIENTED_EDGE('',*,*,#2995,.T.);
#4210=ORIENTED_EDGE('',*,*,#3174,.T.);
#4211=ORIENTED_EDGE('',*,*,#2907,.T.);
#4212=ORIENTED_EDGE('',*,*,#3167,.T.);
#4213=ORIENTED_EDGE('',*,*,#2991,.T.);
#4214=ORIENTED_EDGE('',*,*,#3175,.F.);
#4215=ORIENTED_EDGE('',*,*,#2906,.T.);
#4216=ORIENTED_EDGE('',*,*,#3176,.F.);
#4217=ORIENTED_EDGE('',*,*,#3061,.T.);
#4218=ORIENTED_EDGE('',*,*,#3176,.T.);
#4219=ORIENTED_EDGE('',*,*,#2905,.T.);
#4220=ORIENTED_EDGE('',*,*,#3177,.F.);
#4221=ORIENTED_EDGE('',*,*,#3058,.T.);
#4222=ORIENTED_EDGE('',*,*,#3177,.T.);
#4223=ORIENTED_EDGE('',*,*,#2904,.T.);
#4224=ORIENTED_EDGE('',*,*,#3178,.F.);
#4225=ORIENTED_EDGE('',*,*,#3055,.T.);
#4226=ORIENTED_EDGE('',*,*,#3178,.T.);
#4227=ORIENTED_EDGE('',*,*,#2903,.T.);
#4228=ORIENTED_EDGE('',*,*,#3179,.F.);
#4229=ORIENTED_EDGE('',*,*,#3052,.T.);
#4230=ORIENTED_EDGE('',*,*,#3179,.T.);
#4231=ORIENTED_EDGE('',*,*,#2902,.T.);
#4232=ORIENTED_EDGE('',*,*,#3180,.F.);
#4233=ORIENTED_EDGE('',*,*,#3049,.T.);
#4234=ORIENTED_EDGE('',*,*,#3180,.T.);
#4235=ORIENTED_EDGE('',*,*,#2901,.T.);
#4236=ORIENTED_EDGE('',*,*,#3181,.F.);
#4237=ORIENTED_EDGE('',*,*,#3046,.T.);
#4238=ORIENTED_EDGE('',*,*,#3181,.T.);
#4239=ORIENTED_EDGE('',*,*,#2900,.T.);
#4240=ORIENTED_EDGE('',*,*,#3182,.F.);
#4241=ORIENTED_EDGE('',*,*,#3043,.T.);
#4242=ORIENTED_EDGE('',*,*,#3182,.T.);
#4243=ORIENTED_EDGE('',*,*,#2899,.T.);
#4244=ORIENTED_EDGE('',*,*,#3175,.T.);
#4245=ORIENTED_EDGE('',*,*,#3039,.T.);
#4246=ORIENTED_EDGE('',*,*,#3183,.F.);
#4247=ORIENTED_EDGE('',*,*,#3184,.T.);
#4248=ORIENTED_EDGE('',*,*,#3185,.T.);
#4249=ORIENTED_EDGE('',*,*,#3186,.T.);
#4250=ORIENTED_EDGE('',*,*,#3187,.T.);
#4251=ORIENTED_EDGE('',*,*,#3185,.F.);
#4252=ORIENTED_EDGE('',*,*,#3188,.F.);
#4253=ORIENTED_EDGE('',*,*,#3189,.F.);
#4254=ORIENTED_EDGE('',*,*,#3190,.F.);
#4255=ORIENTED_EDGE('',*,*,#3191,.T.);
#4256=ORIENTED_EDGE('',*,*,#2968,.T.);
#4257=ORIENTED_EDGE('',*,*,#3192,.F.);
#4258=ORIENTED_EDGE('',*,*,#3193,.T.);
#4259=ORIENTED_EDGE('',*,*,#3189,.T.);
#4260=ORIENTED_EDGE('',*,*,#3194,.T.);
#4261=ORIENTED_EDGE('',*,*,#3193,.F.);
#4262=ORIENTED_EDGE('',*,*,#3195,.T.);
#4263=ORIENTED_EDGE('',*,*,#3196,.F.);
#4264=ORIENTED_EDGE('',*,*,#3190,.T.);
#4265=ORIENTED_EDGE('',*,*,#3196,.T.);
#4266=ORIENTED_EDGE('',*,*,#3197,.T.);
#4267=ORIENTED_EDGE('',*,*,#3198,.F.);
#4268=ORIENTED_EDGE('',*,*,#3191,.F.);
#4269=ORIENTED_EDGE('',*,*,#3186,.F.);
#4270=ORIENTED_EDGE('',*,*,#3187,.F.);
#4271=ORIENTED_EDGE('',*,*,#3198,.T.);
#4272=ORIENTED_EDGE('',*,*,#3199,.T.);
#4273=ORIENTED_EDGE('',*,*,#3200,.F.);
#4274=ORIENTED_EDGE('',*,*,#3201,.T.);
#4275=ORIENTED_EDGE('',*,*,#3202,.F.);
#4276=ORIENTED_EDGE('',*,*,#3203,.T.);
#4277=ORIENTED_EDGE('',*,*,#3204,.T.);
#4278=ORIENTED_EDGE('',*,*,#3205,.T.);
#4279=ORIENTED_EDGE('',*,*,#3206,.T.);
#4280=ORIENTED_EDGE('',*,*,#3207,.T.);
#4281=ORIENTED_EDGE('',*,*,#2986,.F.);
#4282=ORIENTED_EDGE('',*,*,#3208,.T.);
#4283=ORIENTED_EDGE('',*,*,#3209,.F.);
#4284=ORIENTED_EDGE('',*,*,#2979,.F.);
#4285=ORIENTED_EDGE('',*,*,#3209,.T.);
#4286=ORIENTED_EDGE('',*,*,#3210,.T.);
#4287=ORIENTED_EDGE('',*,*,#3211,.F.);
#4288=ORIENTED_EDGE('',*,*,#2980,.F.);
#4289=ORIENTED_EDGE('',*,*,#2990,.F.);
#4290=ORIENTED_EDGE('',*,*,#2981,.F.);
#4291=ORIENTED_EDGE('',*,*,#3211,.T.);
#4292=ORIENTED_EDGE('',*,*,#3212,.T.);
#4293=ORIENTED_EDGE('',*,*,#2978,.F.);
#4294=ORIENTED_EDGE('',*,*,#3213,.T.);
#4295=ORIENTED_EDGE('',*,*,#3214,.T.);
#4296=ORIENTED_EDGE('',*,*,#3215,.F.);
#4297=ORIENTED_EDGE('',*,*,#2969,.F.);
#4298=ORIENTED_EDGE('',*,*,#2973,.F.);
#4299=ORIENTED_EDGE('',*,*,#3215,.T.);
#4300=ORIENTED_EDGE('',*,*,#3216,.T.);
#4301=ORIENTED_EDGE('',*,*,#3217,.F.);
#4302=ORIENTED_EDGE('',*,*,#2970,.F.);
#4303=ORIENTED_EDGE('',*,*,#2976,.F.);
#4304=ORIENTED_EDGE('',*,*,#2974,.F.);
#4305=ORIENTED_EDGE('',*,*,#2971,.F.);
#4306=ORIENTED_EDGE('',*,*,#3217,.T.);
#4307=ORIENTED_EDGE('',*,*,#3218,.T.);
#4308=ORIENTED_EDGE('',*,*,#3219,.T.);
#4309=ORIENTED_EDGE('',*,*,#3220,.F.);
#4310=ORIENTED_EDGE('',*,*,#2845,.F.);
#4311=ORIENTED_EDGE('',*,*,#3221,.T.);
#4312=ORIENTED_EDGE('',*,*,#3206,.F.);
#4313=ORIENTED_EDGE('',*,*,#3201,.F.);
#4314=ORIENTED_EDGE('',*,*,#3222,.F.);
#4315=ORIENTED_EDGE('',*,*,#2843,.F.);
#4316=ORIENTED_EDGE('',*,*,#3223,.T.);
#4317=ORIENTED_EDGE('',*,*,#3224,.T.);
#4318=ORIENTED_EDGE('',*,*,#3225,.T.);
#4319=ORIENTED_EDGE('',*,*,#3226,.T.);
#4320=ORIENTED_EDGE('',*,*,#3227,.T.);
#4321=ORIENTED_EDGE('',*,*,#3228,.T.);
#4322=ORIENTED_EDGE('',*,*,#3229,.F.);
#4323=ORIENTED_EDGE('',*,*,#3230,.F.);
#4324=ORIENTED_EDGE('',*,*,#3213,.F.);
#4325=ORIENTED_EDGE('',*,*,#2977,.F.);
#4326=ORIENTED_EDGE('',*,*,#3219,.F.);
#4327=ORIENTED_EDGE('',*,*,#3231,.F.);
#4328=ORIENTED_EDGE('',*,*,#3227,.F.);
#4329=ORIENTED_EDGE('',*,*,#3232,.T.);
#4330=ORIENTED_EDGE('',*,*,#3229,.T.);
#4331=ORIENTED_EDGE('',*,*,#3233,.T.);
#4332=ORIENTED_EDGE('',*,*,#3234,.F.);
#4333=ORIENTED_EDGE('',*,*,#3235,.F.);
#4334=ORIENTED_EDGE('',*,*,#3236,.F.);
#4335=ORIENTED_EDGE('',*,*,#2797,.F.);
#4336=ORIENTED_EDGE('',*,*,#2847,.F.);
#4337=ORIENTED_EDGE('',*,*,#3237,.T.);
#4338=ORIENTED_EDGE('',*,*,#3238,.T.);
#4339=ORIENTED_EDGE('',*,*,#3239,.F.);
#4340=ORIENTED_EDGE('',*,*,#3240,.F.);
#4341=ORIENTED_EDGE('',*,*,#3241,.T.);
#4342=ORIENTED_EDGE('',*,*,#3240,.T.);
#4343=ORIENTED_EDGE('',*,*,#3242,.F.);
#4344=ORIENTED_EDGE('',*,*,#2799,.F.);
#4345=ORIENTED_EDGE('',*,*,#3243,.T.);
#4346=ORIENTED_EDGE('',*,*,#3244,.T.);
#4347=ORIENTED_EDGE('',*,*,#3234,.T.);
#4348=ORIENTED_EDGE('',*,*,#3245,.T.);
#4349=ORIENTED_EDGE('',*,*,#2802,.F.);
#4350=ORIENTED_EDGE('',*,*,#3246,.F.);
#4351=ORIENTED_EDGE('',*,*,#3247,.F.);
#4352=ORIENTED_EDGE('',*,*,#3248,.F.);
#4353=ORIENTED_EDGE('',*,*,#3249,.T.);
#4354=ORIENTED_EDGE('',*,*,#3250,.T.);
#4355=ORIENTED_EDGE('',*,*,#3251,.T.);
#4356=ORIENTED_EDGE('',*,*,#3252,.T.);
#4357=ORIENTED_EDGE('',*,*,#2806,.F.);
#4358=ORIENTED_EDGE('',*,*,#3253,.F.);
#4359=ORIENTED_EDGE('',*,*,#3254,.F.);
#4360=ORIENTED_EDGE('',*,*,#3255,.F.);
#4361=ORIENTED_EDGE('',*,*,#3256,.T.);
#4362=ORIENTED_EDGE('',*,*,#3257,.T.);
#4363=ORIENTED_EDGE('',*,*,#3258,.T.);
#4364=ORIENTED_EDGE('',*,*,#3259,.T.);
#4365=ORIENTED_EDGE('',*,*,#2988,.T.);
#4366=ORIENTED_EDGE('',*,*,#3260,.T.);
#4367=ORIENTED_EDGE('',*,*,#3261,.T.);
#4368=ORIENTED_EDGE('',*,*,#3262,.T.);
#4369=ORIENTED_EDGE('',*,*,#2810,.F.);
#4370=ORIENTED_EDGE('',*,*,#3263,.F.);
#4371=ORIENTED_EDGE('',*,*,#3264,.F.);
#4372=ORIENTED_EDGE('',*,*,#3265,.F.);
#4373=ORIENTED_EDGE('',*,*,#2985,.T.);
#4374=ORIENTED_EDGE('',*,*,#3266,.T.);
#4375=ORIENTED_EDGE('',*,*,#3267,.T.);
#4376=ORIENTED_EDGE('',*,*,#3268,.T.);
#4377=ORIENTED_EDGE('',*,*,#2814,.F.);
#4378=ORIENTED_EDGE('',*,*,#3269,.F.);
#4379=ORIENTED_EDGE('',*,*,#3270,.F.);
#4380=ORIENTED_EDGE('',*,*,#3271,.F.);
#4381=ORIENTED_EDGE('',*,*,#3272,.T.);
#4382=ORIENTED_EDGE('',*,*,#3273,.T.);
#4383=ORIENTED_EDGE('',*,*,#3274,.T.);
#4384=ORIENTED_EDGE('',*,*,#3275,.T.);
#4385=ORIENTED_EDGE('',*,*,#2818,.F.);
#4386=ORIENTED_EDGE('',*,*,#3276,.F.);
#4387=ORIENTED_EDGE('',*,*,#3277,.F.);
#4388=ORIENTED_EDGE('',*,*,#3278,.F.);
#4389=ORIENTED_EDGE('',*,*,#3279,.T.);
#4390=ORIENTED_EDGE('',*,*,#3280,.T.);
#4391=ORIENTED_EDGE('',*,*,#3281,.T.);
#4392=ORIENTED_EDGE('',*,*,#3282,.T.);
#4393=ORIENTED_EDGE('',*,*,#2792,.T.);
#4394=ORIENTED_EDGE('',*,*,#3283,.T.);
#4395=ORIENTED_EDGE('',*,*,#3205,.F.);
#4396=ORIENTED_EDGE('',*,*,#3284,.T.);
#4397=ORIENTED_EDGE('',*,*,#2989,.F.);
#4398=ORIENTED_EDGE('',*,*,#3262,.F.);
#4399=ORIENTED_EDGE('',*,*,#3285,.T.);
#4400=ORIENTED_EDGE('',*,*,#3264,.T.);
#4401=ORIENTED_EDGE('',*,*,#3286,.T.);
#4402=ORIENTED_EDGE('',*,*,#3259,.F.);
#4403=ORIENTED_EDGE('',*,*,#3287,.T.);
#4404=ORIENTED_EDGE('',*,*,#3254,.T.);
#4405=ORIENTED_EDGE('',*,*,#3288,.T.);
#4406=ORIENTED_EDGE('',*,*,#3250,.F.);
#4407=ORIENTED_EDGE('',*,*,#3289,.T.);
#4408=ORIENTED_EDGE('',*,*,#3247,.T.);
#4409=ORIENTED_EDGE('',*,*,#3290,.T.);
#4410=ORIENTED_EDGE('',*,*,#3245,.F.);
#4411=ORIENTED_EDGE('',*,*,#3235,.T.);
#4412=ORIENTED_EDGE('',*,*,#2846,.F.);
#4413=ORIENTED_EDGE('',*,*,#3220,.T.);
#4414=ORIENTED_EDGE('',*,*,#3283,.F.);
#4415=ORIENTED_EDGE('',*,*,#2791,.T.);
#4416=ORIENTED_EDGE('',*,*,#3291,.T.);
#4417=ORIENTED_EDGE('',*,*,#3292,.T.);
#4418=ORIENTED_EDGE('',*,*,#3282,.F.);
#4419=ORIENTED_EDGE('',*,*,#3293,.T.);
#4420=ORIENTED_EDGE('',*,*,#3277,.T.);
#4421=ORIENTED_EDGE('',*,*,#3294,.T.);
#4422=ORIENTED_EDGE('',*,*,#3275,.F.);
#4423=ORIENTED_EDGE('',*,*,#3295,.T.);
#4424=ORIENTED_EDGE('',*,*,#3270,.T.);
#4425=ORIENTED_EDGE('',*,*,#3296,.T.);
#4426=ORIENTED_EDGE('',*,*,#3266,.F.);
#4427=ORIENTED_EDGE('',*,*,#2987,.F.);
#4428=ORIENTED_EDGE('',*,*,#2983,.T.);
#4429=ORIENTED_EDGE('',*,*,#2822,.F.);
#4430=ORIENTED_EDGE('',*,*,#3297,.F.);
#4431=ORIENTED_EDGE('',*,*,#3291,.F.);
#4432=ORIENTED_EDGE('',*,*,#2790,.F.);
#4433=ORIENTED_EDGE('',*,*,#3298,.T.);
#4434=ORIENTED_EDGE('',*,*,#3207,.F.);
#4435=ORIENTED_EDGE('',*,*,#3299,.T.);
#4436=ORIENTED_EDGE('',*,*,#2949,.F.);
#4437=ORIENTED_EDGE('',*,*,#3300,.T.);
#4438=ORIENTED_EDGE('',*,*,#3301,.T.);
#4439=ORIENTED_EDGE('',*,*,#2878,.F.);
#4440=ORIENTED_EDGE('',*,*,#2951,.T.);
#4441=ORIENTED_EDGE('',*,*,#3302,.T.);
#4442=ORIENTED_EDGE('',*,*,#3303,.T.);
#4443=ORIENTED_EDGE('',*,*,#3304,.F.);
#4444=ORIENTED_EDGE('',*,*,#3305,.F.);
#4445=ORIENTED_EDGE('',*,*,#3306,.T.);
#4446=ORIENTED_EDGE('',*,*,#3307,.F.);
#4447=ORIENTED_EDGE('',*,*,#2882,.F.);
#4448=ORIENTED_EDGE('',*,*,#3308,.F.);
#4449=ORIENTED_EDGE('',*,*,#3309,.T.);
#4450=ORIENTED_EDGE('',*,*,#3310,.T.);
#4451=ORIENTED_EDGE('',*,*,#3311,.T.);
#4452=ORIENTED_EDGE('',*,*,#3312,.T.);
#4453=ORIENTED_EDGE('',*,*,#3313,.T.);
#4454=ORIENTED_EDGE('',*,*,#3314,.F.);
#4455=ORIENTED_EDGE('',*,*,#2886,.F.);
#4456=ORIENTED_EDGE('',*,*,#3315,.F.);
#4457=ORIENTED_EDGE('',*,*,#3316,.T.);
#4458=ORIENTED_EDGE('',*,*,#3317,.T.);
#4459=ORIENTED_EDGE('',*,*,#3318,.T.);
#4460=ORIENTED_EDGE('',*,*,#3319,.T.);
#4461=ORIENTED_EDGE('',*,*,#3320,.T.);
#4462=ORIENTED_EDGE('',*,*,#3321,.F.);
#4463=ORIENTED_EDGE('',*,*,#2890,.F.);
#4464=ORIENTED_EDGE('',*,*,#3322,.F.);
#4465=ORIENTED_EDGE('',*,*,#3323,.T.);
#4466=ORIENTED_EDGE('',*,*,#3324,.T.);
#4467=ORIENTED_EDGE('',*,*,#3325,.T.);
#4468=ORIENTED_EDGE('',*,*,#3326,.T.);
#4469=ORIENTED_EDGE('',*,*,#3327,.T.);
#4470=ORIENTED_EDGE('',*,*,#3328,.F.);
#4471=ORIENTED_EDGE('',*,*,#2894,.F.);
#4472=ORIENTED_EDGE('',*,*,#3329,.F.);
#4473=ORIENTED_EDGE('',*,*,#3330,.T.);
#4474=ORIENTED_EDGE('',*,*,#3331,.T.);
#4475=ORIENTED_EDGE('',*,*,#3332,.T.);
#4476=ORIENTED_EDGE('',*,*,#3333,.T.);
#4477=ORIENTED_EDGE('',*,*,#2833,.T.);
#4478=ORIENTED_EDGE('',*,*,#3334,.T.);
#4479=ORIENTED_EDGE('',*,*,#3200,.T.);
#4480=ORIENTED_EDGE('',*,*,#3335,.T.);
#4481=ORIENTED_EDGE('',*,*,#3302,.F.);
#4482=ORIENTED_EDGE('',*,*,#3336,.T.);
#4483=ORIENTED_EDGE('',*,*,#3300,.F.);
#4484=ORIENTED_EDGE('',*,*,#2950,.T.);
#4485=ORIENTED_EDGE('',*,*,#3299,.F.);
#4486=ORIENTED_EDGE('',*,*,#3221,.F.);
#4487=ORIENTED_EDGE('',*,*,#2844,.F.);
#4488=ORIENTED_EDGE('',*,*,#3222,.T.);
#4489=ORIENTED_EDGE('',*,*,#3334,.F.);
#4490=ORIENTED_EDGE('',*,*,#2832,.F.);
#4491=ORIENTED_EDGE('',*,*,#3337,.F.);
#4492=ORIENTED_EDGE('',*,*,#3338,.T.);
#4493=ORIENTED_EDGE('',*,*,#3331,.F.);
#4494=ORIENTED_EDGE('',*,*,#3339,.F.);
#4495=ORIENTED_EDGE('',*,*,#3327,.F.);
#4496=ORIENTED_EDGE('',*,*,#3340,.T.);
#4497=ORIENTED_EDGE('',*,*,#3324,.F.);
#4498=ORIENTED_EDGE('',*,*,#3341,.F.);
#4499=ORIENTED_EDGE('',*,*,#3320,.F.);
#4500=ORIENTED_EDGE('',*,*,#3342,.T.);
#4501=ORIENTED_EDGE('',*,*,#3319,.F.);
#4502=ORIENTED_EDGE('',*,*,#3343,.F.);
#4503=ORIENTED_EDGE('',*,*,#3313,.F.);
#4504=ORIENTED_EDGE('',*,*,#3344,.T.);
#4505=ORIENTED_EDGE('',*,*,#3312,.F.);
#4506=ORIENTED_EDGE('',*,*,#3345,.F.);
#4507=ORIENTED_EDGE('',*,*,#3306,.F.);
#4508=ORIENTED_EDGE('',*,*,#3346,.T.);
#4509=ORIENTED_EDGE('',*,*,#3134,.T.);
#4510=ORIENTED_EDGE('',*,*,#3131,.T.);
#4511=ORIENTED_EDGE('',*,*,#3128,.T.);
#4512=ORIENTED_EDGE('',*,*,#3125,.T.);
#4513=ORIENTED_EDGE('',*,*,#3122,.T.);
#4514=ORIENTED_EDGE('',*,*,#3119,.T.);
#4515=ORIENTED_EDGE('',*,*,#3116,.T.);
#4516=ORIENTED_EDGE('',*,*,#3113,.T.);
#4517=ORIENTED_EDGE('',*,*,#3110,.T.);
#4518=ORIENTED_EDGE('',*,*,#3107,.T.);
#4519=ORIENTED_EDGE('',*,*,#3104,.T.);
#4520=ORIENTED_EDGE('',*,*,#3101,.T.);
#4521=ORIENTED_EDGE('',*,*,#3098,.T.);
#4522=ORIENTED_EDGE('',*,*,#3095,.T.);
#4523=ORIENTED_EDGE('',*,*,#3092,.T.);
#4524=ORIENTED_EDGE('',*,*,#3089,.T.);
#4525=ORIENTED_EDGE('',*,*,#3086,.T.);
#4526=ORIENTED_EDGE('',*,*,#3083,.T.);
#4527=ORIENTED_EDGE('',*,*,#3080,.T.);
#4528=ORIENTED_EDGE('',*,*,#3077,.T.);
#4529=ORIENTED_EDGE('',*,*,#3074,.T.);
#4530=ORIENTED_EDGE('',*,*,#3071,.T.);
#4531=ORIENTED_EDGE('',*,*,#3068,.T.);
#4532=ORIENTED_EDGE('',*,*,#3065,.T.);
#4533=ORIENTED_EDGE('',*,*,#3062,.T.);
#4534=ORIENTED_EDGE('',*,*,#3059,.T.);
#4535=ORIENTED_EDGE('',*,*,#3056,.T.);
#4536=ORIENTED_EDGE('',*,*,#3053,.T.);
#4537=ORIENTED_EDGE('',*,*,#3050,.T.);
#4538=ORIENTED_EDGE('',*,*,#3047,.T.);
#4539=ORIENTED_EDGE('',*,*,#3044,.T.);
#4540=ORIENTED_EDGE('',*,*,#3041,.T.);
#4541=ORIENTED_EDGE('',*,*,#3038,.T.);
#4542=ORIENTED_EDGE('',*,*,#3035,.T.);
#4543=ORIENTED_EDGE('',*,*,#3032,.T.);
#4544=ORIENTED_EDGE('',*,*,#3029,.T.);
#4545=ORIENTED_EDGE('',*,*,#3026,.T.);
#4546=ORIENTED_EDGE('',*,*,#3023,.T.);
#4547=ORIENTED_EDGE('',*,*,#3020,.T.);
#4548=ORIENTED_EDGE('',*,*,#3017,.T.);
#4549=ORIENTED_EDGE('',*,*,#3014,.T.);
#4550=ORIENTED_EDGE('',*,*,#3011,.T.);
#4551=ORIENTED_EDGE('',*,*,#3008,.T.);
#4552=ORIENTED_EDGE('',*,*,#3005,.T.);
#4553=ORIENTED_EDGE('',*,*,#3002,.T.);
#4554=ORIENTED_EDGE('',*,*,#2999,.T.);
#4555=ORIENTED_EDGE('',*,*,#2996,.T.);
#4556=ORIENTED_EDGE('',*,*,#2993,.T.);
#4557=ORIENTED_EDGE('',*,*,#3337,.T.);
#4558=ORIENTED_EDGE('',*,*,#2831,.F.);
#4559=ORIENTED_EDGE('',*,*,#2898,.F.);
#4560=ORIENTED_EDGE('',*,*,#3347,.F.);
#4561=ORIENTED_EDGE('',*,*,#3348,.T.);
#4562=ORIENTED_EDGE('',*,*,#3349,.T.);
#4563=ORIENTED_EDGE('',*,*,#3202,.T.);
#4564=ORIENTED_EDGE('',*,*,#3350,.T.);
#4565=ORIENTED_EDGE('',*,*,#3351,.T.);
#4566=ORIENTED_EDGE('',*,*,#3352,.T.);
#4567=ORIENTED_EDGE('',*,*,#3353,.T.);
#4568=ORIENTED_EDGE('',*,*,#3354,.T.);
#4569=ORIENTED_EDGE('',*,*,#3355,.T.);
#4570=ORIENTED_EDGE('',*,*,#3356,.T.);
#4571=ORIENTED_EDGE('',*,*,#3357,.T.);
#4572=ORIENTED_EDGE('',*,*,#3358,.T.);
#4573=ORIENTED_EDGE('',*,*,#3183,.T.);
#4574=ORIENTED_EDGE('',*,*,#3359,.T.);
#4575=ORIENTED_EDGE('',*,*,#3360,.T.);
#4576=ORIENTED_EDGE('',*,*,#3361,.T.);
#4577=ORIENTED_EDGE('',*,*,#3192,.T.);
#4578=ORIENTED_EDGE('',*,*,#3362,.T.);
#4579=ORIENTED_EDGE('',*,*,#3363,.T.);
#4580=ORIENTED_EDGE('',*,*,#3364,.T.);
#4581=ORIENTED_EDGE('',*,*,#3365,.T.);
#4582=ORIENTED_EDGE('',*,*,#3366,.T.);
#4583=ORIENTED_EDGE('',*,*,#3367,.T.);
#4584=ORIENTED_EDGE('',*,*,#3368,.T.);
#4585=ORIENTED_EDGE('',*,*,#3369,.F.);
#4586=ORIENTED_EDGE('',*,*,#2957,.T.);
#4587=ORIENTED_EDGE('',*,*,#3370,.T.);
#4588=ORIENTED_EDGE('',*,*,#3371,.T.);
#4589=ORIENTED_EDGE('',*,*,#3372,.F.);
#4590=ORIENTED_EDGE('',*,*,#3373,.T.);
#4591=ORIENTED_EDGE('',*,*,#3374,.T.);
#4592=ORIENTED_EDGE('',*,*,#3375,.T.);
#4593=ORIENTED_EDGE('',*,*,#3368,.F.);
#4594=ORIENTED_EDGE('',*,*,#3376,.T.);
#4595=ORIENTED_EDGE('',*,*,#3377,.T.);
#4596=ORIENTED_EDGE('',*,*,#3378,.T.);
#4597=ORIENTED_EDGE('',*,*,#3362,.F.);
#4598=ORIENTED_EDGE('',*,*,#3194,.F.);
#4599=ORIENTED_EDGE('',*,*,#3188,.T.);
#4600=ORIENTED_EDGE('',*,*,#3184,.F.);
#4601=ORIENTED_EDGE('',*,*,#3361,.F.);
#4602=ORIENTED_EDGE('',*,*,#3379,.T.);
#4603=ORIENTED_EDGE('',*,*,#3380,.T.);
#4604=ORIENTED_EDGE('',*,*,#3381,.T.);
#4605=ORIENTED_EDGE('',*,*,#3358,.F.);
#4606=ORIENTED_EDGE('',*,*,#3382,.T.);
#4607=ORIENTED_EDGE('',*,*,#3383,.T.);
#4608=ORIENTED_EDGE('',*,*,#3384,.T.);
#4609=ORIENTED_EDGE('',*,*,#3354,.F.);
#4610=ORIENTED_EDGE('',*,*,#3385,.T.);
#4611=ORIENTED_EDGE('',*,*,#3386,.T.);
#4612=ORIENTED_EDGE('',*,*,#3387,.T.);
#4613=ORIENTED_EDGE('',*,*,#3350,.F.);
#4614=ORIENTED_EDGE('',*,*,#3223,.F.);
#4615=ORIENTED_EDGE('',*,*,#2842,.F.);
#4616=ORIENTED_EDGE('',*,*,#3388,.T.);
#4617=ORIENTED_EDGE('',*,*,#3225,.F.);
#4618=ORIENTED_EDGE('',*,*,#3389,.T.);
#4619=ORIENTED_EDGE('',*,*,#3372,.T.);
#4620=ORIENTED_EDGE('',*,*,#3390,.T.);
#4621=ORIENTED_EDGE('',*,*,#3391,.T.);
#4622=ORIENTED_EDGE('',*,*,#3369,.T.);
#4623=ORIENTED_EDGE('',*,*,#3224,.F.);
#4624=ORIENTED_EDGE('',*,*,#3231,.T.);
#4625=ORIENTED_EDGE('',*,*,#3218,.F.);
#4626=ORIENTED_EDGE('',*,*,#3216,.F.);
#4627=ORIENTED_EDGE('',*,*,#3214,.F.);
#4628=ORIENTED_EDGE('',*,*,#3230,.T.);
#4629=ORIENTED_EDGE('',*,*,#3232,.F.);
#4630=ORIENTED_EDGE('',*,*,#3244,.F.);
#4631=ORIENTED_EDGE('',*,*,#3392,.T.);
#4632=ORIENTED_EDGE('',*,*,#3393,.T.);
#4633=ORIENTED_EDGE('',*,*,#3394,.T.);
#4634=ORIENTED_EDGE('',*,*,#3252,.F.);
#4635=ORIENTED_EDGE('',*,*,#3395,.T.);
#4636=ORIENTED_EDGE('',*,*,#3396,.T.);
#4637=ORIENTED_EDGE('',*,*,#3397,.T.);
#4638=ORIENTED_EDGE('',*,*,#3257,.F.);
#4639=ORIENTED_EDGE('',*,*,#3398,.T.);
#4640=ORIENTED_EDGE('',*,*,#3399,.T.);
#4641=ORIENTED_EDGE('',*,*,#3400,.T.);
#4642=ORIENTED_EDGE('',*,*,#3260,.F.);
#4643=ORIENTED_EDGE('',*,*,#3212,.F.);
#4644=ORIENTED_EDGE('',*,*,#3210,.F.);
#4645=ORIENTED_EDGE('',*,*,#3208,.F.);
#4646=ORIENTED_EDGE('',*,*,#3268,.F.);
#4647=ORIENTED_EDGE('',*,*,#3401,.T.);
#4648=ORIENTED_EDGE('',*,*,#3402,.T.);
#4649=ORIENTED_EDGE('',*,*,#3403,.T.);
#4650=ORIENTED_EDGE('',*,*,#3273,.F.);
#4651=ORIENTED_EDGE('',*,*,#3404,.T.);
#4652=ORIENTED_EDGE('',*,*,#3405,.T.);
#4653=ORIENTED_EDGE('',*,*,#3406,.T.);
#4654=ORIENTED_EDGE('',*,*,#3280,.F.);
#4655=ORIENTED_EDGE('',*,*,#3407,.T.);
#4656=ORIENTED_EDGE('',*,*,#3408,.T.);
#4657=ORIENTED_EDGE('',*,*,#2793,.T.);
#4658=ORIENTED_EDGE('',*,*,#3284,.F.);
#4659=ORIENTED_EDGE('',*,*,#3204,.F.);
#4660=ORIENTED_EDGE('',*,*,#3298,.F.);
#4661=ORIENTED_EDGE('',*,*,#2948,.F.);
#4662=ORIENTED_EDGE('',*,*,#3409,.T.);
#4663=ORIENTED_EDGE('',*,*,#3410,.F.);
#4664=ORIENTED_EDGE('',*,*,#3304,.T.);
#4665=ORIENTED_EDGE('',*,*,#3411,.T.);
#4666=ORIENTED_EDGE('',*,*,#3412,.T.);
#4667=ORIENTED_EDGE('',*,*,#3413,.T.);
#4668=ORIENTED_EDGE('',*,*,#3310,.F.);
#4669=ORIENTED_EDGE('',*,*,#3414,.T.);
#4670=ORIENTED_EDGE('',*,*,#3415,.T.);
#4671=ORIENTED_EDGE('',*,*,#3416,.T.);
#4672=ORIENTED_EDGE('',*,*,#3317,.F.);
#4673=ORIENTED_EDGE('',*,*,#3417,.T.);
#4674=ORIENTED_EDGE('',*,*,#3418,.T.);
#4675=ORIENTED_EDGE('',*,*,#3419,.T.);
#4676=ORIENTED_EDGE('',*,*,#3326,.F.);
#4677=ORIENTED_EDGE('',*,*,#3420,.T.);
#4678=ORIENTED_EDGE('',*,*,#3421,.T.);
#4679=ORIENTED_EDGE('',*,*,#3422,.T.);
#4680=ORIENTED_EDGE('',*,*,#3333,.F.);
#4681=ORIENTED_EDGE('',*,*,#3423,.T.);
#4682=ORIENTED_EDGE('',*,*,#3424,.T.);
#4683=ORIENTED_EDGE('',*,*,#2834,.T.);
#4684=ORIENTED_EDGE('',*,*,#3335,.F.);
#4685=ORIENTED_EDGE('',*,*,#3203,.F.);
#4686=ORIENTED_EDGE('',*,*,#3349,.F.);
#4687=ORIENTED_EDGE('',*,*,#3425,.T.);
#4688=ORIENTED_EDGE('',*,*,#3426,.T.);
#4689=ORIENTED_EDGE('',*,*,#3427,.T.);
#4690=ORIENTED_EDGE('',*,*,#3352,.F.);
#4691=ORIENTED_EDGE('',*,*,#3428,.T.);
#4692=ORIENTED_EDGE('',*,*,#3429,.T.);
#4693=ORIENTED_EDGE('',*,*,#3430,.T.);
#4694=ORIENTED_EDGE('',*,*,#3356,.F.);
#4695=ORIENTED_EDGE('',*,*,#3431,.T.);
#4696=ORIENTED_EDGE('',*,*,#3432,.T.);
#4697=ORIENTED_EDGE('',*,*,#3433,.T.);
#4698=ORIENTED_EDGE('',*,*,#3359,.F.);
#4699=ORIENTED_EDGE('',*,*,#3199,.F.);
#4700=ORIENTED_EDGE('',*,*,#3197,.F.);
#4701=ORIENTED_EDGE('',*,*,#3195,.F.);
#4702=ORIENTED_EDGE('',*,*,#3364,.F.);
#4703=ORIENTED_EDGE('',*,*,#3434,.T.);
#4704=ORIENTED_EDGE('',*,*,#3435,.T.);
#4705=ORIENTED_EDGE('',*,*,#3436,.T.);
#4706=ORIENTED_EDGE('',*,*,#3366,.F.);
#4707=ORIENTED_EDGE('',*,*,#3437,.T.);
#4708=ORIENTED_EDGE('',*,*,#3438,.T.);
#4709=ORIENTED_EDGE('',*,*,#3439,.T.);
#4710=ORIENTED_EDGE('',*,*,#3391,.F.);
#4711=ORIENTED_EDGE('',*,*,#3440,.T.);
#4712=ORIENTED_EDGE('',*,*,#3441,.T.);
#4713=ORIENTED_EDGE('',*,*,#2958,.T.);
#4714=ORIENTED_EDGE('',*,*,#2871,.F.);
#4715=ORIENTED_EDGE('',*,*,#3442,.F.);
#4716=ORIENTED_EDGE('',*,*,#3370,.F.);
#4717=ORIENTED_EDGE('',*,*,#2956,.F.);
#4718=ORIENTED_EDGE('',*,*,#2867,.F.);
#4719=ORIENTED_EDGE('',*,*,#3443,.F.);
#4720=ORIENTED_EDGE('',*,*,#3374,.F.);
#4721=ORIENTED_EDGE('',*,*,#3444,.F.);
#4722=ORIENTED_EDGE('',*,*,#2863,.F.);
#4723=ORIENTED_EDGE('',*,*,#3445,.F.);
#4724=ORIENTED_EDGE('',*,*,#3377,.F.);
#4725=ORIENTED_EDGE('',*,*,#3446,.F.);
#4726=ORIENTED_EDGE('',*,*,#3380,.F.);
#4727=ORIENTED_EDGE('',*,*,#3447,.F.);
#4728=ORIENTED_EDGE('',*,*,#2859,.F.);
#4729=ORIENTED_EDGE('',*,*,#3448,.F.);
#4730=ORIENTED_EDGE('',*,*,#3383,.F.);
#4731=ORIENTED_EDGE('',*,*,#3449,.F.);
#4732=ORIENTED_EDGE('',*,*,#2855,.F.);
#4733=ORIENTED_EDGE('',*,*,#3450,.F.);
#4734=ORIENTED_EDGE('',*,*,#3386,.F.);
#4735=ORIENTED_EDGE('',*,*,#3451,.F.);
#4736=ORIENTED_EDGE('',*,*,#2851,.F.);
#4737=ORIENTED_EDGE('',*,*,#3452,.F.);
#4738=ORIENTED_EDGE('',*,*,#3388,.F.);
#4739=ORIENTED_EDGE('',*,*,#2841,.F.);
#4740=ORIENTED_EDGE('',*,*,#2876,.F.);
#4741=ORIENTED_EDGE('',*,*,#3453,.T.);
#4742=ORIENTED_EDGE('',*,*,#3454,.F.);
#4743=ORIENTED_EDGE('',*,*,#3237,.F.);
#4744=ORIENTED_EDGE('',*,*,#3241,.F.);
#4745=ORIENTED_EDGE('',*,*,#2798,.F.);
#4746=ORIENTED_EDGE('',*,*,#3236,.T.);
#4747=ORIENTED_EDGE('',*,*,#3233,.F.);
#4748=ORIENTED_EDGE('',*,*,#3228,.F.);
#4749=ORIENTED_EDGE('',*,*,#3226,.F.);
#4750=ORIENTED_EDGE('',*,*,#3453,.F.);
#4751=ORIENTED_EDGE('',*,*,#2875,.F.);
#4752=ORIENTED_EDGE('',*,*,#3454,.T.);
#4753=ORIENTED_EDGE('',*,*,#2874,.T.);
#4754=ORIENTED_EDGE('',*,*,#2955,.F.);
#4755=ORIENTED_EDGE('',*,*,#3238,.F.);
#4756=ORIENTED_EDGE('',*,*,#2737,.T.);
#4757=ORIENTED_EDGE('',*,*,#3455,.T.);
#4758=ORIENTED_EDGE('',*,*,#3239,.T.);
#4759=ORIENTED_EDGE('',*,*,#2954,.F.);
#4760=ORIENTED_EDGE('',*,*,#2736,.T.);
#4761=ORIENTED_EDGE('',*,*,#3456,.T.);
#4762=ORIENTED_EDGE('',*,*,#3242,.T.);
#4763=ORIENTED_EDGE('',*,*,#3455,.F.);
#4764=ORIENTED_EDGE('',*,*,#3457,.T.);
#4765=ORIENTED_EDGE('',*,*,#2800,.T.);
#4766=ORIENTED_EDGE('',*,*,#3456,.F.);
#4767=ORIENTED_EDGE('',*,*,#2735,.T.);
#4768=ORIENTED_EDGE('',*,*,#3457,.F.);
#4769=ORIENTED_EDGE('',*,*,#2734,.F.);
#4770=ORIENTED_EDGE('',*,*,#3458,.T.);
#4771=ORIENTED_EDGE('',*,*,#3392,.F.);
#4772=ORIENTED_EDGE('',*,*,#3243,.F.);
#4773=ORIENTED_EDGE('',*,*,#3290,.F.);
#4774=ORIENTED_EDGE('',*,*,#3246,.T.);
#4775=ORIENTED_EDGE('',*,*,#2801,.F.);
#4776=ORIENTED_EDGE('',*,*,#3393,.F.);
#4777=ORIENTED_EDGE('',*,*,#3458,.F.);
#4778=ORIENTED_EDGE('',*,*,#2733,.F.);
#4779=ORIENTED_EDGE('',*,*,#3459,.T.);
#4780=ORIENTED_EDGE('',*,*,#3460,.F.);
#4781=ORIENTED_EDGE('',*,*,#2803,.F.);
#4782=ORIENTED_EDGE('',*,*,#3248,.T.);
#4783=ORIENTED_EDGE('',*,*,#3289,.F.);
#4784=ORIENTED_EDGE('',*,*,#3249,.F.);
#4785=ORIENTED_EDGE('',*,*,#3394,.F.);
#4786=ORIENTED_EDGE('',*,*,#3459,.F.);
#4787=ORIENTED_EDGE('',*,*,#2732,.F.);
#4788=ORIENTED_EDGE('',*,*,#3460,.T.);
#4789=ORIENTED_EDGE('',*,*,#2731,.T.);
#4790=ORIENTED_EDGE('',*,*,#3461,.T.);
#4791=ORIENTED_EDGE('',*,*,#2804,.T.);
#4792=ORIENTED_EDGE('',*,*,#3461,.F.);
#4793=ORIENTED_EDGE('',*,*,#2730,.F.);
#4794=ORIENTED_EDGE('',*,*,#3462,.T.);
#4795=ORIENTED_EDGE('',*,*,#3395,.F.);
#4796=ORIENTED_EDGE('',*,*,#3251,.F.);
#4797=ORIENTED_EDGE('',*,*,#3288,.F.);
#4798=ORIENTED_EDGE('',*,*,#3253,.T.);
#4799=ORIENTED_EDGE('',*,*,#2805,.F.);
#4800=ORIENTED_EDGE('',*,*,#3396,.F.);
#4801=ORIENTED_EDGE('',*,*,#3462,.F.);
#4802=ORIENTED_EDGE('',*,*,#2729,.F.);
#4803=ORIENTED_EDGE('',*,*,#3463,.T.);
#4804=ORIENTED_EDGE('',*,*,#3464,.F.);
#4805=ORIENTED_EDGE('',*,*,#2807,.F.);
#4806=ORIENTED_EDGE('',*,*,#3255,.T.);
#4807=ORIENTED_EDGE('',*,*,#3287,.F.);
#4808=ORIENTED_EDGE('',*,*,#3258,.F.);
#4809=ORIENTED_EDGE('',*,*,#3397,.F.);
#4810=ORIENTED_EDGE('',*,*,#3463,.F.);
#4811=ORIENTED_EDGE('',*,*,#2728,.F.);
#4812=ORIENTED_EDGE('',*,*,#3465,.T.);
#4813=ORIENTED_EDGE('',*,*,#2808,.T.);
#4814=ORIENTED_EDGE('',*,*,#3464,.T.);
#4815=ORIENTED_EDGE('',*,*,#2727,.T.);
#4816=ORIENTED_EDGE('',*,*,#3465,.F.);
#4817=ORIENTED_EDGE('',*,*,#2726,.F.);
#4818=ORIENTED_EDGE('',*,*,#3466,.T.);
#4819=ORIENTED_EDGE('',*,*,#3398,.F.);
#4820=ORIENTED_EDGE('',*,*,#3256,.F.);
#4821=ORIENTED_EDGE('',*,*,#3286,.F.);
#4822=ORIENTED_EDGE('',*,*,#3263,.T.);
#4823=ORIENTED_EDGE('',*,*,#2809,.F.);
#4824=ORIENTED_EDGE('',*,*,#3399,.F.);
#4825=ORIENTED_EDGE('',*,*,#3466,.F.);
#4826=ORIENTED_EDGE('',*,*,#2725,.F.);
#4827=ORIENTED_EDGE('',*,*,#3467,.T.);
#4828=ORIENTED_EDGE('',*,*,#3468,.F.);
#4829=ORIENTED_EDGE('',*,*,#2811,.F.);
#4830=ORIENTED_EDGE('',*,*,#3265,.T.);
#4831=ORIENTED_EDGE('',*,*,#3285,.F.);
#4832=ORIENTED_EDGE('',*,*,#3261,.F.);
#4833=ORIENTED_EDGE('',*,*,#3400,.F.);
#4834=ORIENTED_EDGE('',*,*,#3467,.F.);
#4835=ORIENTED_EDGE('',*,*,#2724,.F.);
#4836=ORIENTED_EDGE('',*,*,#3468,.T.);
#4837=ORIENTED_EDGE('',*,*,#2723,.T.);
#4838=ORIENTED_EDGE('',*,*,#3469,.T.);
#4839=ORIENTED_EDGE('',*,*,#2812,.T.);
#4840=ORIENTED_EDGE('',*,*,#3469,.F.);
#4841=ORIENTED_EDGE('',*,*,#2722,.F.);
#4842=ORIENTED_EDGE('',*,*,#3470,.T.);
#4843=ORIENTED_EDGE('',*,*,#3401,.F.);
#4844=ORIENTED_EDGE('',*,*,#3267,.F.);
#4845=ORIENTED_EDGE('',*,*,#3296,.F.);
#4846=ORIENTED_EDGE('',*,*,#3269,.T.);
#4847=ORIENTED_EDGE('',*,*,#2813,.F.);
#4848=ORIENTED_EDGE('',*,*,#3402,.F.);
#4849=ORIENTED_EDGE('',*,*,#3470,.F.);
#4850=ORIENTED_EDGE('',*,*,#2721,.F.);
#4851=ORIENTED_EDGE('',*,*,#3471,.T.);
#4852=ORIENTED_EDGE('',*,*,#3472,.F.);
#4853=ORIENTED_EDGE('',*,*,#2815,.F.);
#4854=ORIENTED_EDGE('',*,*,#3271,.T.);
#4855=ORIENTED_EDGE('',*,*,#3295,.F.);
#4856=ORIENTED_EDGE('',*,*,#3274,.F.);
#4857=ORIENTED_EDGE('',*,*,#3403,.F.);
#4858=ORIENTED_EDGE('',*,*,#3471,.F.);
#4859=ORIENTED_EDGE('',*,*,#2720,.F.);
#4860=ORIENTED_EDGE('',*,*,#3473,.T.);
#4861=ORIENTED_EDGE('',*,*,#2816,.T.);
#4862=ORIENTED_EDGE('',*,*,#3472,.T.);
#4863=ORIENTED_EDGE('',*,*,#2719,.T.);
#4864=ORIENTED_EDGE('',*,*,#3473,.F.);
#4865=ORIENTED_EDGE('',*,*,#2718,.F.);
#4866=ORIENTED_EDGE('',*,*,#3474,.T.);
#4867=ORIENTED_EDGE('',*,*,#3404,.F.);
#4868=ORIENTED_EDGE('',*,*,#3272,.F.);
#4869=ORIENTED_EDGE('',*,*,#3294,.F.);
#4870=ORIENTED_EDGE('',*,*,#3276,.T.);
#4871=ORIENTED_EDGE('',*,*,#2817,.F.);
#4872=ORIENTED_EDGE('',*,*,#3405,.F.);
#4873=ORIENTED_EDGE('',*,*,#3474,.F.);
#4874=ORIENTED_EDGE('',*,*,#2717,.F.);
#4875=ORIENTED_EDGE('',*,*,#3475,.T.);
#4876=ORIENTED_EDGE('',*,*,#3476,.F.);
#4877=ORIENTED_EDGE('',*,*,#2819,.F.);
#4878=ORIENTED_EDGE('',*,*,#3278,.T.);
#4879=ORIENTED_EDGE('',*,*,#3293,.F.);
#4880=ORIENTED_EDGE('',*,*,#3281,.F.);
#4881=ORIENTED_EDGE('',*,*,#3406,.F.);
#4882=ORIENTED_EDGE('',*,*,#3475,.F.);
#4883=ORIENTED_EDGE('',*,*,#2716,.F.);
#4884=ORIENTED_EDGE('',*,*,#3477,.T.);
#4885=ORIENTED_EDGE('',*,*,#2820,.T.);
#4886=ORIENTED_EDGE('',*,*,#3476,.T.);
#4887=ORIENTED_EDGE('',*,*,#2715,.T.);
#4888=ORIENTED_EDGE('',*,*,#3477,.F.);
#4889=ORIENTED_EDGE('',*,*,#2714,.F.);
#4890=ORIENTED_EDGE('',*,*,#3478,.T.);
#4891=ORIENTED_EDGE('',*,*,#3407,.F.);
#4892=ORIENTED_EDGE('',*,*,#3279,.F.);
#4893=ORIENTED_EDGE('',*,*,#3292,.F.);
#4894=ORIENTED_EDGE('',*,*,#3297,.T.);
#4895=ORIENTED_EDGE('',*,*,#2821,.F.);
#4896=ORIENTED_EDGE('',*,*,#3408,.F.);
#4897=ORIENTED_EDGE('',*,*,#3478,.F.);
#4898=ORIENTED_EDGE('',*,*,#2713,.F.);
#4899=ORIENTED_EDGE('',*,*,#2794,.T.);
#4900=ORIENTED_EDGE('',*,*,#2787,.F.);
#4901=ORIENTED_EDGE('',*,*,#3479,.T.);
#4902=ORIENTED_EDGE('',*,*,#3409,.F.);
#4903=ORIENTED_EDGE('',*,*,#2947,.T.);
#4904=ORIENTED_EDGE('',*,*,#3305,.T.);
#4905=ORIENTED_EDGE('',*,*,#3410,.T.);
#4906=ORIENTED_EDGE('',*,*,#3479,.F.);
#4907=ORIENTED_EDGE('',*,*,#2786,.F.);
#4908=ORIENTED_EDGE('',*,*,#3480,.F.);
#4909=ORIENTED_EDGE('',*,*,#2879,.F.);
#4910=ORIENTED_EDGE('',*,*,#3301,.F.);
#4911=ORIENTED_EDGE('',*,*,#3336,.F.);
#4912=ORIENTED_EDGE('',*,*,#3480,.T.);
#4913=ORIENTED_EDGE('',*,*,#2785,.T.);
#4914=ORIENTED_EDGE('',*,*,#3481,.T.);
#4915=ORIENTED_EDGE('',*,*,#2880,.T.);
#4916=ORIENTED_EDGE('',*,*,#2881,.F.);
#4917=ORIENTED_EDGE('',*,*,#3481,.F.);
#4918=ORIENTED_EDGE('',*,*,#2784,.F.);
#4919=ORIENTED_EDGE('',*,*,#3482,.T.);
#4920=ORIENTED_EDGE('',*,*,#3411,.F.);
#4921=ORIENTED_EDGE('',*,*,#3303,.F.);
#4922=ORIENTED_EDGE('',*,*,#3346,.F.);
#4923=ORIENTED_EDGE('',*,*,#3308,.T.);
#4924=ORIENTED_EDGE('',*,*,#2783,.F.);
#4925=ORIENTED_EDGE('',*,*,#3483,.F.);
#4926=ORIENTED_EDGE('',*,*,#3412,.F.);
#4927=ORIENTED_EDGE('',*,*,#3482,.F.);
#4928=ORIENTED_EDGE('',*,*,#2883,.F.);
#4929=ORIENTED_EDGE('',*,*,#3307,.T.);
#4930=ORIENTED_EDGE('',*,*,#3345,.T.);
#4931=ORIENTED_EDGE('',*,*,#3311,.F.);
#4932=ORIENTED_EDGE('',*,*,#3413,.F.);
#4933=ORIENTED_EDGE('',*,*,#3483,.T.);
#4934=ORIENTED_EDGE('',*,*,#2782,.F.);
#4935=ORIENTED_EDGE('',*,*,#3484,.F.);
#4936=ORIENTED_EDGE('',*,*,#3485,.T.);
#4937=ORIENTED_EDGE('',*,*,#2884,.T.);
#4938=ORIENTED_EDGE('',*,*,#3484,.T.);
#4939=ORIENTED_EDGE('',*,*,#2781,.T.);
#4940=ORIENTED_EDGE('',*,*,#2885,.F.);
#4941=ORIENTED_EDGE('',*,*,#3485,.F.);
#4942=ORIENTED_EDGE('',*,*,#2780,.F.);
#4943=ORIENTED_EDGE('',*,*,#3486,.T.);
#4944=ORIENTED_EDGE('',*,*,#3414,.F.);
#4945=ORIENTED_EDGE('',*,*,#3309,.F.);
#4946=ORIENTED_EDGE('',*,*,#3344,.F.);
#4947=ORIENTED_EDGE('',*,*,#3315,.T.);
#4948=ORIENTED_EDGE('',*,*,#2779,.F.);
#4949=ORIENTED_EDGE('',*,*,#3487,.F.);
#4950=ORIENTED_EDGE('',*,*,#3415,.F.);
#4951=ORIENTED_EDGE('',*,*,#3486,.F.);
#4952=ORIENTED_EDGE('',*,*,#2887,.F.);
#4953=ORIENTED_EDGE('',*,*,#3314,.T.);
#4954=ORIENTED_EDGE('',*,*,#3343,.T.);
#4955=ORIENTED_EDGE('',*,*,#3318,.F.);
#4956=ORIENTED_EDGE('',*,*,#3416,.F.);
#4957=ORIENTED_EDGE('',*,*,#3487,.T.);
#4958=ORIENTED_EDGE('',*,*,#2778,.F.);
#4959=ORIENTED_EDGE('',*,*,#3488,.F.);
#4960=ORIENTED_EDGE('',*,*,#3489,.T.);
#4961=ORIENTED_EDGE('',*,*,#2888,.T.);
#4962=ORIENTED_EDGE('',*,*,#3488,.T.);
#4963=ORIENTED_EDGE('',*,*,#2777,.T.);
#4964=ORIENTED_EDGE('',*,*,#2889,.F.);
#4965=ORIENTED_EDGE('',*,*,#3489,.F.);
#4966=ORIENTED_EDGE('',*,*,#2776,.F.);
#4967=ORIENTED_EDGE('',*,*,#3490,.T.);
#4968=ORIENTED_EDGE('',*,*,#3417,.F.);
#4969=ORIENTED_EDGE('',*,*,#3316,.F.);
#4970=ORIENTED_EDGE('',*,*,#3342,.F.);
#4971=ORIENTED_EDGE('',*,*,#3322,.T.);
#4972=ORIENTED_EDGE('',*,*,#2775,.F.);
#4973=ORIENTED_EDGE('',*,*,#3491,.F.);
#4974=ORIENTED_EDGE('',*,*,#3418,.F.);
#4975=ORIENTED_EDGE('',*,*,#3490,.F.);
#4976=ORIENTED_EDGE('',*,*,#2891,.F.);
#4977=ORIENTED_EDGE('',*,*,#3321,.T.);
#4978=ORIENTED_EDGE('',*,*,#3341,.T.);
#4979=ORIENTED_EDGE('',*,*,#3323,.F.);
#4980=ORIENTED_EDGE('',*,*,#3419,.F.);
#4981=ORIENTED_EDGE('',*,*,#3491,.T.);
#4982=ORIENTED_EDGE('',*,*,#2774,.F.);
#4983=ORIENTED_EDGE('',*,*,#3492,.F.);
#4984=ORIENTED_EDGE('',*,*,#3492,.T.);
#4985=ORIENTED_EDGE('',*,*,#2773,.T.);
#4986=ORIENTED_EDGE('',*,*,#3493,.T.);
#4987=ORIENTED_EDGE('',*,*,#2892,.T.);
#4988=ORIENTED_EDGE('',*,*,#2893,.F.);
#4989=ORIENTED_EDGE('',*,*,#3493,.F.);
#4990=ORIENTED_EDGE('',*,*,#2772,.F.);
#4991=ORIENTED_EDGE('',*,*,#3494,.T.);
#4992=ORIENTED_EDGE('',*,*,#3420,.F.);
#4993=ORIENTED_EDGE('',*,*,#3325,.F.);
#4994=ORIENTED_EDGE('',*,*,#3340,.F.);
#4995=ORIENTED_EDGE('',*,*,#3329,.T.);
#4996=ORIENTED_EDGE('',*,*,#2771,.F.);
#4997=ORIENTED_EDGE('',*,*,#3495,.F.);
#4998=ORIENTED_EDGE('',*,*,#3421,.F.);
#4999=ORIENTED_EDGE('',*,*,#3494,.F.);
#5000=ORIENTED_EDGE('',*,*,#2895,.F.);
#5001=ORIENTED_EDGE('',*,*,#3328,.T.);
#5002=ORIENTED_EDGE('',*,*,#3339,.T.);
#5003=ORIENTED_EDGE('',*,*,#3330,.F.);
#5004=ORIENTED_EDGE('',*,*,#3422,.F.);
#5005=ORIENTED_EDGE('',*,*,#3495,.T.);
#5006=ORIENTED_EDGE('',*,*,#2770,.F.);
#5007=ORIENTED_EDGE('',*,*,#3496,.F.);
#5008=ORIENTED_EDGE('',*,*,#3496,.T.);
#5009=ORIENTED_EDGE('',*,*,#2769,.T.);
#5010=ORIENTED_EDGE('',*,*,#3497,.T.);
#5011=ORIENTED_EDGE('',*,*,#2896,.T.);
#5012=ORIENTED_EDGE('',*,*,#2897,.F.);
#5013=ORIENTED_EDGE('',*,*,#3497,.F.);
#5014=ORIENTED_EDGE('',*,*,#2768,.F.);
#5015=ORIENTED_EDGE('',*,*,#3498,.T.);
#5016=ORIENTED_EDGE('',*,*,#3423,.F.);
#5017=ORIENTED_EDGE('',*,*,#3332,.F.);
#5018=ORIENTED_EDGE('',*,*,#3338,.F.);
#5019=ORIENTED_EDGE('',*,*,#3347,.T.);
#5020=ORIENTED_EDGE('',*,*,#2767,.F.);
#5021=ORIENTED_EDGE('',*,*,#2835,.F.);
#5022=ORIENTED_EDGE('',*,*,#3424,.F.);
#5023=ORIENTED_EDGE('',*,*,#3498,.F.);
#5024=ORIENTED_EDGE('',*,*,#2826,.F.);
#5025=ORIENTED_EDGE('',*,*,#2762,.F.);
#5026=ORIENTED_EDGE('',*,*,#3499,.T.);
#5027=ORIENTED_EDGE('',*,*,#3425,.F.);
#5028=ORIENTED_EDGE('',*,*,#3348,.F.);
#5029=ORIENTED_EDGE('',*,*,#3387,.F.);
#5030=ORIENTED_EDGE('',*,*,#3452,.T.);
#5031=ORIENTED_EDGE('',*,*,#2850,.F.);
#5032=ORIENTED_EDGE('',*,*,#3426,.F.);
#5033=ORIENTED_EDGE('',*,*,#3499,.F.);
#5034=ORIENTED_EDGE('',*,*,#2761,.F.);
#5035=ORIENTED_EDGE('',*,*,#3500,.T.);
#5036=ORIENTED_EDGE('',*,*,#3385,.F.);
#5037=ORIENTED_EDGE('',*,*,#3353,.F.);
#5038=ORIENTED_EDGE('',*,*,#3427,.F.);
#5039=ORIENTED_EDGE('',*,*,#3500,.F.);
#5040=ORIENTED_EDGE('',*,*,#2760,.F.);
#5041=ORIENTED_EDGE('',*,*,#3501,.F.);
#5042=ORIENTED_EDGE('',*,*,#2852,.F.);
#5043=ORIENTED_EDGE('',*,*,#3451,.T.);
#5044=ORIENTED_EDGE('',*,*,#3502,.T.);
#5045=ORIENTED_EDGE('',*,*,#2853,.T.);
#5046=ORIENTED_EDGE('',*,*,#3501,.T.);
#5047=ORIENTED_EDGE('',*,*,#2759,.T.);
#5048=ORIENTED_EDGE('',*,*,#3384,.F.);
#5049=ORIENTED_EDGE('',*,*,#3450,.T.);
#5050=ORIENTED_EDGE('',*,*,#2854,.F.);
#5051=ORIENTED_EDGE('',*,*,#3502,.F.);
#5052=ORIENTED_EDGE('',*,*,#2758,.F.);
#5053=ORIENTED_EDGE('',*,*,#3503,.T.);
#5054=ORIENTED_EDGE('',*,*,#3428,.F.);
#5055=ORIENTED_EDGE('',*,*,#3351,.F.);
#5056=ORIENTED_EDGE('',*,*,#3429,.F.);
#5057=ORIENTED_EDGE('',*,*,#3503,.F.);
#5058=ORIENTED_EDGE('',*,*,#2757,.F.);
#5059=ORIENTED_EDGE('',*,*,#3504,.T.);
#5060=ORIENTED_EDGE('',*,*,#3382,.F.);
#5061=ORIENTED_EDGE('',*,*,#3357,.F.);
#5062=ORIENTED_EDGE('',*,*,#3430,.F.);
#5063=ORIENTED_EDGE('',*,*,#3504,.F.);
#5064=ORIENTED_EDGE('',*,*,#2756,.F.);
#5065=ORIENTED_EDGE('',*,*,#3505,.F.);
#5066=ORIENTED_EDGE('',*,*,#2856,.F.);
#5067=ORIENTED_EDGE('',*,*,#3449,.T.);
#5068=ORIENTED_EDGE('',*,*,#3506,.T.);
#5069=ORIENTED_EDGE('',*,*,#2857,.T.);
#5070=ORIENTED_EDGE('',*,*,#3505,.T.);
#5071=ORIENTED_EDGE('',*,*,#2755,.T.);
#5072=ORIENTED_EDGE('',*,*,#3381,.F.);
#5073=ORIENTED_EDGE('',*,*,#3448,.T.);
#5074=ORIENTED_EDGE('',*,*,#2858,.F.);
#5075=ORIENTED_EDGE('',*,*,#3506,.F.);
#5076=ORIENTED_EDGE('',*,*,#2754,.F.);
#5077=ORIENTED_EDGE('',*,*,#3507,.T.);
#5078=ORIENTED_EDGE('',*,*,#3431,.F.);
#5079=ORIENTED_EDGE('',*,*,#3355,.F.);
#5080=ORIENTED_EDGE('',*,*,#3432,.F.);
#5081=ORIENTED_EDGE('',*,*,#3507,.F.);
#5082=ORIENTED_EDGE('',*,*,#2753,.F.);
#5083=ORIENTED_EDGE('',*,*,#3508,.T.);
#5084=ORIENTED_EDGE('',*,*,#3379,.F.);
#5085=ORIENTED_EDGE('',*,*,#3360,.F.);
#5086=ORIENTED_EDGE('',*,*,#3433,.F.);
#5087=ORIENTED_EDGE('',*,*,#3508,.F.);
#5088=ORIENTED_EDGE('',*,*,#2752,.F.);
#5089=ORIENTED_EDGE('',*,*,#3509,.F.);
#5090=ORIENTED_EDGE('',*,*,#2860,.F.);
#5091=ORIENTED_EDGE('',*,*,#3447,.T.);
#5092=ORIENTED_EDGE('',*,*,#3509,.T.);
#5093=ORIENTED_EDGE('',*,*,#2751,.T.);
#5094=ORIENTED_EDGE('',*,*,#3510,.T.);
#5095=ORIENTED_EDGE('',*,*,#2861,.T.);
#5096=ORIENTED_EDGE('',*,*,#3510,.F.);
#5097=ORIENTED_EDGE('',*,*,#2750,.F.);
#5098=ORIENTED_EDGE('',*,*,#3511,.T.);
#5099=ORIENTED_EDGE('',*,*,#3434,.F.);
#5100=ORIENTED_EDGE('',*,*,#3363,.F.);
#5101=ORIENTED_EDGE('',*,*,#3378,.F.);
#5102=ORIENTED_EDGE('',*,*,#3445,.T.);
#5103=ORIENTED_EDGE('',*,*,#2862,.F.);
#5104=ORIENTED_EDGE('',*,*,#3435,.F.);
#5105=ORIENTED_EDGE('',*,*,#3511,.F.);
#5106=ORIENTED_EDGE('',*,*,#2749,.F.);
#5107=ORIENTED_EDGE('',*,*,#3512,.T.);
#5108=ORIENTED_EDGE('',*,*,#3513,.F.);
#5109=ORIENTED_EDGE('',*,*,#2864,.F.);
#5110=ORIENTED_EDGE('',*,*,#3446,.T.);
#5111=ORIENTED_EDGE('',*,*,#3376,.F.);
#5112=ORIENTED_EDGE('',*,*,#3367,.F.);
#5113=ORIENTED_EDGE('',*,*,#3436,.F.);
#5114=ORIENTED_EDGE('',*,*,#3512,.F.);
#5115=ORIENTED_EDGE('',*,*,#2748,.F.);
#5116=ORIENTED_EDGE('',*,*,#3514,.T.);
#5117=ORIENTED_EDGE('',*,*,#2865,.T.);
#5118=ORIENTED_EDGE('',*,*,#3513,.T.);
#5119=ORIENTED_EDGE('',*,*,#2747,.T.);
#5120=ORIENTED_EDGE('',*,*,#3514,.F.);
#5121=ORIENTED_EDGE('',*,*,#2746,.F.);
#5122=ORIENTED_EDGE('',*,*,#3515,.T.);
#5123=ORIENTED_EDGE('',*,*,#3437,.F.);
#5124=ORIENTED_EDGE('',*,*,#3365,.F.);
#5125=ORIENTED_EDGE('',*,*,#3375,.F.);
#5126=ORIENTED_EDGE('',*,*,#3443,.T.);
#5127=ORIENTED_EDGE('',*,*,#2866,.F.);
#5128=ORIENTED_EDGE('',*,*,#3438,.F.);
#5129=ORIENTED_EDGE('',*,*,#3515,.F.);
#5130=ORIENTED_EDGE('',*,*,#2745,.F.);
#5131=ORIENTED_EDGE('',*,*,#3516,.T.);
#5132=ORIENTED_EDGE('',*,*,#3517,.F.);
#5133=ORIENTED_EDGE('',*,*,#2868,.F.);
#5134=ORIENTED_EDGE('',*,*,#3444,.T.);
#5135=ORIENTED_EDGE('',*,*,#3373,.F.);
#5136=ORIENTED_EDGE('',*,*,#3389,.F.);
#5137=ORIENTED_EDGE('',*,*,#3439,.F.);
#5138=ORIENTED_EDGE('',*,*,#3516,.F.);
#5139=ORIENTED_EDGE('',*,*,#2744,.F.);
#5140=ORIENTED_EDGE('',*,*,#3517,.T.);
#5141=ORIENTED_EDGE('',*,*,#2743,.T.);
#5142=ORIENTED_EDGE('',*,*,#3518,.T.);
#5143=ORIENTED_EDGE('',*,*,#2869,.T.);
#5144=ORIENTED_EDGE('',*,*,#3518,.F.);
#5145=ORIENTED_EDGE('',*,*,#2742,.F.);
#5146=ORIENTED_EDGE('',*,*,#3519,.T.);
#5147=ORIENTED_EDGE('',*,*,#3440,.F.);
#5148=ORIENTED_EDGE('',*,*,#3390,.F.);
#5149=ORIENTED_EDGE('',*,*,#3371,.F.);
#5150=ORIENTED_EDGE('',*,*,#3442,.T.);
#5151=ORIENTED_EDGE('',*,*,#2870,.F.);
#5152=ORIENTED_EDGE('',*,*,#3441,.F.);
#5153=ORIENTED_EDGE('',*,*,#3519,.F.);
#5154=ORIENTED_EDGE('',*,*,#2741,.F.);
#5155=ORIENTED_EDGE('',*,*,#2959,.T.);
#5156=PLANE('',#5632);
#5157=PLANE('',#5633);
#5158=PLANE('',#5634);
#5159=PLANE('',#5635);
#5160=PLANE('',#5636);
#5161=PLANE('',#5637);
#5162=PLANE('',#5638);
#5163=PLANE('',#5639);
#5164=PLANE('',#5640);
#5165=PLANE('',#5641);
#5166=PLANE('',#5642);
#5167=PLANE('',#5643);
#5168=PLANE('',#5644);
#5169=PLANE('',#5645);
#5170=PLANE('',#5646);
#5171=PLANE('',#5671);
#5172=PLANE('',#5672);
#5173=PLANE('',#5673);
#5174=PLANE('',#5674);
#5175=PLANE('',#5675);
#5176=PLANE('',#5677);
#5177=PLANE('',#5679);
#5178=PLANE('',#5687);
#5179=PLANE('',#5689);
#5180=PLANE('',#5690);
#5181=PLANE('',#5691);
#5182=PLANE('',#5693);
#5183=PLANE('',#5694);
#5184=PLANE('',#5698);
#5185=PLANE('',#5702);
#5186=PLANE('',#5706);
#5187=PLANE('',#5710);
#5188=PLANE('',#5714);
#5189=PLANE('',#5718);
#5190=PLANE('',#5722);
#5191=PLANE('',#5726);
#5192=PLANE('',#5730);
#5193=PLANE('',#5734);
#5194=PLANE('',#5738);
#5195=PLANE('',#5742);
#5196=PLANE('',#5746);
#5197=PLANE('',#5750);
#5198=PLANE('',#5754);
#5199=PLANE('',#5758);
#5200=PLANE('',#5762);
#5201=PLANE('',#5766);
#5202=PLANE('',#5770);
#5203=PLANE('',#5774);
#5204=PLANE('',#5778);
#5205=PLANE('',#5782);
#5206=PLANE('',#5786);
#5207=PLANE('',#5790);
#5208=PLANE('',#5791);
#5209=PLANE('',#5793);
#5210=PLANE('',#5795);
#5211=PLANE('',#5797);
#5212=PLANE('',#5799);
#5213=PLANE('',#5801);
#5214=PLANE('',#5803);
#5215=PLANE('',#5805);
#5216=PLANE('',#5807);
#5217=PLANE('',#5809);
#5218=PLANE('',#5811);
#5219=PLANE('',#5813);
#5220=PLANE('',#5815);
#5221=PLANE('',#5817);
#5222=PLANE('',#5819);
#5223=PLANE('',#5821);
#5224=PLANE('',#5823);
#5225=PLANE('',#5825);
#5226=PLANE('',#5827);
#5227=PLANE('',#5829);
#5228=PLANE('',#5831);
#5229=PLANE('',#5833);
#5230=PLANE('',#5835);
#5231=PLANE('',#5837);
#5232=PLANE('',#5839);
#5233=PLANE('',#5840);
#5234=PLANE('',#5842);
#5235=PLANE('',#5843);
#5236=PLANE('',#5846);
#5237=PLANE('',#5847);
#5238=PLANE('',#5848);
#5239=PLANE('',#5849);
#5240=PLANE('',#5852);
#5241=PLANE('',#5853);
#5242=PLANE('',#5856);
#5243=PLANE('',#5857);
#5244=PLANE('',#5858);
#5245=PLANE('',#5859);
#5246=PLANE('',#5860);
#5247=PLANE('',#5861);
#5248=PLANE('',#5862);
#5249=PLANE('',#5863);
#5250=PLANE('',#5864);
#5251=PLANE('',#5865);
#5252=PLANE('',#5866);
#5253=PLANE('',#5867);
#5254=PLANE('',#5868);
#5255=PLANE('',#5869);
#5256=PLANE('',#5870);
#5257=PLANE('',#5871);
#5258=PLANE('',#5872);
#5259=PLANE('',#5873);
#5260=PLANE('',#5874);
#5261=PLANE('',#5875);
#5262=PLANE('',#5876);
#5263=PLANE('',#5877);
#5264=PLANE('',#5878);
#5265=PLANE('',#5879);
#5266=PLANE('',#5880);
#5267=PLANE('',#5881);
#5268=PLANE('',#5882);
#5269=PLANE('',#5883);
#5270=PLANE('',#5884);
#5271=PLANE('',#5885);
#5272=PLANE('',#5886);
#5273=PLANE('',#5887);
#5274=PLANE('',#5888);
#5275=PLANE('',#5889);
#5276=PLANE('',#5890);
#5277=PLANE('',#5891);
#5278=PLANE('',#5892);
#5279=PLANE('',#5893);
#5280=PLANE('',#5894);
#5281=PLANE('',#5895);
#5282=PLANE('',#5896);
#5283=PLANE('',#5897);
#5284=PLANE('',#5898);
#5285=PLANE('',#5899);
#5286=PLANE('',#5900);
#5287=PLANE('',#5901);
#5288=PLANE('',#5902);
#5289=PLANE('',#5903);
#5290=PLANE('',#5904);
#5291=PLANE('',#5905);
#5292=PLANE('',#5906);
#5293=PLANE('',#5907);
#5294=PLANE('',#5908);
#5295=PLANE('',#5909);
#5296=PLANE('',#5910);
#5297=PLANE('',#5911);
#5298=PLANE('',#5912);
#5299=PLANE('',#5913);
#5300=PLANE('',#5914);
#5301=PLANE('',#5915);
#5302=PLANE('',#5916);
#5303=PLANE('',#5917);
#5304=PLANE('',#5918);
#5305=PLANE('',#5919);
#5306=PLANE('',#5920);
#5307=PLANE('',#5921);
#5308=PLANE('',#5922);
#5309=PLANE('',#5923);
#5310=PLANE('',#5924);
#5311=PLANE('',#5925);
#5312=PLANE('',#5926);
#5313=PLANE('',#5927);
#5314=PLANE('',#5928);
#5315=PLANE('',#5929);
#5316=PLANE('',#5930);
#5317=PLANE('',#5931);
#5318=PLANE('',#5932);
#5319=PLANE('',#5933);
#5320=PLANE('',#5934);
#5321=PLANE('',#5935);
#5322=PLANE('',#5936);
#5323=PLANE('',#5937);
#5324=PLANE('',#5938);
#5325=PLANE('',#5939);
#5326=PLANE('',#5940);
#5327=PLANE('',#5941);
#5328=PLANE('',#5942);
#5329=PLANE('',#5943);
#5330=PLANE('',#5944);
#5331=PLANE('',#5945);
#5332=PLANE('',#5946);
#5333=PLANE('',#5947);
#5334=PLANE('',#5948);
#5335=PLANE('',#5949);
#5336=PLANE('',#5950);
#5337=PLANE('',#5951);
#5338=PLANE('',#5952);
#5339=PLANE('',#5953);
#5340=PLANE('',#5954);
#5341=PLANE('',#5955);
#5342=PLANE('',#5956);
#5343=PLANE('',#5957);
#5344=PLANE('',#5958);
#5345=PLANE('',#5959);
#5346=PLANE('',#5960);
#5347=PLANE('',#5961);
#5348=PLANE('',#5962);
#5349=PLANE('',#5963);
#5350=PLANE('',#5964);
#5351=PLANE('',#5965);
#5352=PLANE('',#5966);
#5353=PLANE('',#5967);
#5354=PLANE('',#5968);
#5355=PLANE('',#5969);
#5356=PLANE('',#5970);
#5357=PLANE('',#5971);
#5358=PLANE('',#5972);
#5359=PLANE('',#5973);
#5360=PLANE('',#5974);
#5361=PLANE('',#5975);
#5362=PLANE('',#5976);
#5363=PLANE('',#5977);
#5364=PLANE('',#5978);
#5365=PLANE('',#5979);
#5366=ADVANCED_FACE('',(#168),#5156,.T.);
#5367=ADVANCED_FACE('',(#169),#5157,.T.);
#5368=ADVANCED_FACE('',(#170),#5158,.T.);
#5369=ADVANCED_FACE('',(#171),#5159,.T.);
#5370=ADVANCED_FACE('',(#172),#5160,.F.);
#5371=ADVANCED_FACE('',(#173),#5161,.T.);
#5372=ADVANCED_FACE('',(#174),#5162,.T.);
#5373=ADVANCED_FACE('',(#175),#5163,.T.);
#5374=ADVANCED_FACE('',(#176),#5164,.T.);
#5375=ADVANCED_FACE('',(#177),#5165,.F.);
#5376=ADVANCED_FACE('',(#178),#5166,.T.);
#5377=ADVANCED_FACE('',(#179),#5167,.F.);
#5378=ADVANCED_FACE('',(#180),#5168,.T.);
#5379=ADVANCED_FACE('',(#181),#5169,.T.);
#5380=ADVANCED_FACE('',(#182,#69,#70,#71,#72,#73,#74),#5170,.T.);
#5381=ADVANCED_FACE('',(#183),#5171,.F.);
#5382=ADVANCED_FACE('',(#184),#5172,.T.);
#5383=ADVANCED_FACE('',(#185),#5173,.T.);
#5384=ADVANCED_FACE('',(#186),#5174,.F.);
#5385=ADVANCED_FACE('',(#187),#5175,.F.);
#5386=ADVANCED_FACE('',(#188),#5176,.F.);
#5387=ADVANCED_FACE('',(#189),#5177,.F.);
#5388=ADVANCED_FACE('',(#190),#39,.F.);
#5389=ADVANCED_FACE('',(#191),#40,.F.);
#5390=ADVANCED_FACE('',(#192),#41,.F.);
#5391=ADVANCED_FACE('',(#193,#75),#5178,.F.);
#5392=ADVANCED_FACE('',(#194),#5179,.F.);
#5393=ADVANCED_FACE('',(#195),#5180,.F.);
#5394=ADVANCED_FACE('',(#196,#76),#5181,.F.);
#5395=ADVANCED_FACE('',(#197),#5182,.T.);
#5396=ADVANCED_FACE('',(#198),#5183,.T.);
#5397=ADVANCED_FACE('',(#199),#42,.F.);
#5398=ADVANCED_FACE('',(#200),#5184,.F.);
#5399=ADVANCED_FACE('',(#201),#43,.F.);
#5400=ADVANCED_FACE('',(#202),#5185,.F.);
#5401=ADVANCED_FACE('',(#203),#44,.F.);
#5402=ADVANCED_FACE('',(#204),#5186,.F.);
#5403=ADVANCED_FACE('',(#205),#45,.F.);
#5404=ADVANCED_FACE('',(#206),#5187,.F.);
#5405=ADVANCED_FACE('',(#207),#46,.F.);
#5406=ADVANCED_FACE('',(#208),#5188,.F.);
#5407=ADVANCED_FACE('',(#209),#47,.F.);
#5408=ADVANCED_FACE('',(#210),#5189,.F.);
#5409=ADVANCED_FACE('',(#211),#48,.F.);
#5410=ADVANCED_FACE('',(#212),#5190,.F.);
#5411=ADVANCED_FACE('',(#213),#49,.F.);
#5412=ADVANCED_FACE('',(#214),#5191,.F.);
#5413=ADVANCED_FACE('',(#215),#50,.F.);
#5414=ADVANCED_FACE('',(#216),#5192,.F.);
#5415=ADVANCED_FACE('',(#217),#51,.F.);
#5416=ADVANCED_FACE('',(#218),#5193,.F.);
#5417=ADVANCED_FACE('',(#219),#52,.F.);
#5418=ADVANCED_FACE('',(#220),#5194,.F.);
#5419=ADVANCED_FACE('',(#221),#53,.F.);
#5420=ADVANCED_FACE('',(#222),#5195,.F.);
#5421=ADVANCED_FACE('',(#223),#54,.F.);
#5422=ADVANCED_FACE('',(#224),#5196,.F.);
#5423=ADVANCED_FACE('',(#225),#55,.F.);
#5424=ADVANCED_FACE('',(#226),#5197,.F.);
#5425=ADVANCED_FACE('',(#227),#56,.F.);
#5426=ADVANCED_FACE('',(#228),#5198,.F.);
#5427=ADVANCED_FACE('',(#229),#57,.F.);
#5428=ADVANCED_FACE('',(#230),#5199,.F.);
#5429=ADVANCED_FACE('',(#231),#58,.F.);
#5430=ADVANCED_FACE('',(#232),#5200,.F.);
#5431=ADVANCED_FACE('',(#233),#59,.F.);
#5432=ADVANCED_FACE('',(#234),#5201,.F.);
#5433=ADVANCED_FACE('',(#235),#60,.F.);
#5434=ADVANCED_FACE('',(#236),#5202,.F.);
#5435=ADVANCED_FACE('',(#237),#61,.F.);
#5436=ADVANCED_FACE('',(#238),#5203,.F.);
#5437=ADVANCED_FACE('',(#239),#62,.F.);
#5438=ADVANCED_FACE('',(#240),#5204,.F.);
#5439=ADVANCED_FACE('',(#241),#63,.F.);
#5440=ADVANCED_FACE('',(#242),#5205,.F.);
#5441=ADVANCED_FACE('',(#243),#64,.F.);
#5442=ADVANCED_FACE('',(#244),#5206,.F.);
#5443=ADVANCED_FACE('',(#245),#65,.F.);
#5444=ADVANCED_FACE('',(#246),#5207,.F.);
#5445=ADVANCED_FACE('',(#247),#5208,.T.);
#5446=ADVANCED_FACE('',(#248),#15,.F.);
#5447=ADVANCED_FACE('',(#249),#5209,.T.);
#5448=ADVANCED_FACE('',(#250),#16,.F.);
#5449=ADVANCED_FACE('',(#251),#5210,.T.);
#5450=ADVANCED_FACE('',(#252),#17,.F.);
#5451=ADVANCED_FACE('',(#253),#5211,.T.);
#5452=ADVANCED_FACE('',(#254),#18,.F.);
#5453=ADVANCED_FACE('',(#255),#5212,.T.);
#5454=ADVANCED_FACE('',(#256),#19,.F.);
#5455=ADVANCED_FACE('',(#257),#5213,.T.);
#5456=ADVANCED_FACE('',(#258),#20,.F.);
#5457=ADVANCED_FACE('',(#259),#5214,.T.);
#5458=ADVANCED_FACE('',(#260),#21,.F.);
#5459=ADVANCED_FACE('',(#261),#5215,.T.);
#5460=ADVANCED_FACE('',(#262),#22,.F.);
#5461=ADVANCED_FACE('',(#263),#5216,.T.);
#5462=ADVANCED_FACE('',(#264),#23,.F.);
#5463=ADVANCED_FACE('',(#265),#5217,.T.);
#5464=ADVANCED_FACE('',(#266),#24,.F.);
#5465=ADVANCED_FACE('',(#267),#5218,.T.);
#5466=ADVANCED_FACE('',(#268),#25,.F.);
#5467=ADVANCED_FACE('',(#269),#5219,.T.);
#5468=ADVANCED_FACE('',(#270),#26,.F.);
#5469=ADVANCED_FACE('',(#271),#5220,.T.);
#5470=ADVANCED_FACE('',(#272),#27,.F.);
#5471=ADVANCED_FACE('',(#273),#5221,.T.);
#5472=ADVANCED_FACE('',(#274),#28,.F.);
#5473=ADVANCED_FACE('',(#275),#5222,.T.);
#5474=ADVANCED_FACE('',(#276),#29,.F.);
#5475=ADVANCED_FACE('',(#277),#5223,.T.);
#5476=ADVANCED_FACE('',(#278),#30,.F.);
#5477=ADVANCED_FACE('',(#279),#5224,.T.);
#5478=ADVANCED_FACE('',(#280),#31,.F.);
#5479=ADVANCED_FACE('',(#281),#5225,.T.);
#5480=ADVANCED_FACE('',(#282),#32,.F.);
#5481=ADVANCED_FACE('',(#283),#5226,.T.);
#5482=ADVANCED_FACE('',(#284),#33,.F.);
#5483=ADVANCED_FACE('',(#285),#5227,.T.);
#5484=ADVANCED_FACE('',(#286),#34,.F.);
#5485=ADVANCED_FACE('',(#287),#5228,.T.);
#5486=ADVANCED_FACE('',(#288),#35,.F.);
#5487=ADVANCED_FACE('',(#289),#5229,.T.);
#5488=ADVANCED_FACE('',(#290),#36,.F.);
#5489=ADVANCED_FACE('',(#291),#5230,.T.);
#5490=ADVANCED_FACE('',(#292),#37,.F.);
#5491=ADVANCED_FACE('',(#293),#5231,.T.);
#5492=ADVANCED_FACE('',(#294),#38,.F.);
#5493=ADVANCED_FACE('',(#295),#5232,.T.);
#5494=ADVANCED_FACE('',(#296,#77),#5233,.F.);
#5495=ADVANCED_FACE('',(#297),#5234,.T.);
#5496=ADVANCED_FACE('',(#298),#5235,.T.);
#5497=ADVANCED_FACE('',(#299),#66,.T.);
#5498=ADVANCED_FACE('',(#300),#5236,.T.);
#5499=ADVANCED_FACE('',(#301),#5237,.T.);
#5500=ADVANCED_FACE('',(#302),#5238,.T.);
#5501=ADVANCED_FACE('',(#303),#5239,.T.);
#5502=ADVANCED_FACE('',(#304),#67,.T.);
#5503=ADVANCED_FACE('',(#305),#5240,.T.);
#5504=ADVANCED_FACE('',(#306),#5241,.T.);
#5505=ADVANCED_FACE('',(#307),#68,.T.);
#5506=ADVANCED_FACE('',(#308),#5242,.T.);
#5507=ADVANCED_FACE('',(#309),#5243,.F.);
#5508=ADVANCED_FACE('',(#310),#5244,.F.);
#5509=ADVANCED_FACE('',(#311),#5245,.T.);
#5510=ADVANCED_FACE('',(#312),#5246,.F.);
#5511=ADVANCED_FACE('',(#313),#5247,.T.);
#5512=ADVANCED_FACE('',(#314),#5248,.F.);
#5513=ADVANCED_FACE('',(#315),#5249,.T.);
#5514=ADVANCED_FACE('',(#316),#5250,.T.);
#5515=ADVANCED_FACE('',(#317),#5251,.T.);
#5516=ADVANCED_FACE('',(#318),#5252,.F.);
#5517=ADVANCED_FACE('',(#319),#5253,.T.);
#5518=ADVANCED_FACE('',(#320),#5254,.F.);
#5519=ADVANCED_FACE('',(#321),#5255,.T.);
#5520=ADVANCED_FACE('',(#322),#5256,.T.);
#5521=ADVANCED_FACE('',(#323),#5257,.F.);
#5522=ADVANCED_FACE('',(#324),#5258,.T.);
#5523=ADVANCED_FACE('',(#325),#5259,.F.);
#5524=ADVANCED_FACE('',(#326),#5260,.T.);
#5525=ADVANCED_FACE('',(#327),#5261,.F.);
#5526=ADVANCED_FACE('',(#328),#5262,.T.);
#5527=ADVANCED_FACE('',(#329),#5263,.T.);
#5528=ADVANCED_FACE('',(#330),#5264,.F.);
#5529=ADVANCED_FACE('',(#331),#5265,.F.);
#5530=ADVANCED_FACE('',(#332),#5266,.T.);
#5531=ADVANCED_FACE('',(#333),#5267,.F.);
#5532=ADVANCED_FACE('',(#334),#5268,.T.);
#5533=ADVANCED_FACE('',(#335),#5269,.F.);
#5534=ADVANCED_FACE('',(#336),#5270,.T.);
#5535=ADVANCED_FACE('',(#337),#5271,.F.);
#5536=ADVANCED_FACE('',(#338),#5272,.T.);
#5537=ADVANCED_FACE('',(#339),#5273,.F.);
#5538=ADVANCED_FACE('',(#340),#5274,.T.);
#5539=ADVANCED_FACE('',(#341),#5275,.F.);
#5540=ADVANCED_FACE('',(#342),#5276,.T.);
#5541=ADVANCED_FACE('',(#343),#5277,.T.);
#5542=ADVANCED_FACE('',(#344,#78,#79,#80,#81,#82,#83),#5278,.F.);
#5543=ADVANCED_FACE('',(#345),#5279,.F.);
#5544=ADVANCED_FACE('',(#346),#5280,.T.);
#5545=ADVANCED_FACE('',(#347),#5281,.T.);
#5546=ADVANCED_FACE('',(#348),#5282,.T.);
#5547=ADVANCED_FACE('',(#349),#5283,.T.);
#5548=ADVANCED_FACE('',(#350),#5284,.T.);
#5549=ADVANCED_FACE('',(#351),#5285,.T.);
#5550=ADVANCED_FACE('',(#352),#5286,.F.);
#5551=ADVANCED_FACE('',(#353),#5287,.T.);
#5552=ADVANCED_FACE('',(#354),#5288,.F.);
#5553=ADVANCED_FACE('',(#355),#5289,.F.);
#5554=ADVANCED_FACE('',(#356),#5290,.F.);
#5555=ADVANCED_FACE('',(#357),#5291,.F.);
#5556=ADVANCED_FACE('',(#358),#5292,.F.);
#5557=ADVANCED_FACE('',(#359),#5293,.F.);
#5558=ADVANCED_FACE('',(#360),#5294,.F.);
#5559=ADVANCED_FACE('',(#361),#5295,.F.);
#5560=ADVANCED_FACE('',(#362),#5296,.F.);
#5561=ADVANCED_FACE('',(#363),#5297,.T.);
#5562=ADVANCED_FACE('',(#364),#5298,.T.);
#5563=ADVANCED_FACE('',(#365),#5299,.T.);
#5564=ADVANCED_FACE('',(#366),#5300,.T.);
#5565=ADVANCED_FACE('',(#367),#5301,.F.);
#5566=ADVANCED_FACE('',(#368),#5302,.F.);
#5567=ADVANCED_FACE('',(#369),#5303,.F.);
#5568=ADVANCED_FACE('',(#370),#5304,.T.);
#5569=ADVANCED_FACE('',(#371),#5305,.F.);
#5570=ADVANCED_FACE('',(#372),#5306,.F.);
#5571=ADVANCED_FACE('',(#373),#5307,.F.);
#5572=ADVANCED_FACE('',(#374),#5308,.T.);
#5573=ADVANCED_FACE('',(#375),#5309,.F.);
#5574=ADVANCED_FACE('',(#376),#5310,.F.);
#5575=ADVANCED_FACE('',(#377),#5311,.F.);
#5576=ADVANCED_FACE('',(#378),#5312,.T.);
#5577=ADVANCED_FACE('',(#379),#5313,.F.);
#5578=ADVANCED_FACE('',(#380),#5314,.F.);
#5579=ADVANCED_FACE('',(#381),#5315,.F.);
#5580=ADVANCED_FACE('',(#382),#5316,.T.);
#5581=ADVANCED_FACE('',(#383),#5317,.F.);
#5582=ADVANCED_FACE('',(#384),#5318,.F.);
#5583=ADVANCED_FACE('',(#385),#5319,.F.);
#5584=ADVANCED_FACE('',(#386),#5320,.T.);
#5585=ADVANCED_FACE('',(#387),#5321,.F.);
#5586=ADVANCED_FACE('',(#388),#5322,.F.);
#5587=ADVANCED_FACE('',(#389),#5323,.F.);
#5588=ADVANCED_FACE('',(#390),#5324,.F.);
#5589=ADVANCED_FACE('',(#391),#5325,.T.);
#5590=ADVANCED_FACE('',(#392),#5326,.F.);
#5591=ADVANCED_FACE('',(#393),#5327,.F.);
#5592=ADVANCED_FACE('',(#394),#5328,.F.);
#5593=ADVANCED_FACE('',(#395),#5329,.T.);
#5594=ADVANCED_FACE('',(#396),#5330,.F.);
#5595=ADVANCED_FACE('',(#397),#5331,.F.);
#5596=ADVANCED_FACE('',(#398),#5332,.F.);
#5597=ADVANCED_FACE('',(#399),#5333,.T.);
#5598=ADVANCED_FACE('',(#400),#5334,.F.);
#5599=ADVANCED_FACE('',(#401),#5335,.F.);
#5600=ADVANCED_FACE('',(#402),#5336,.F.);
#5601=ADVANCED_FACE('',(#403),#5337,.T.);
#5602=ADVANCED_FACE('',(#404),#5338,.F.);
#5603=ADVANCED_FACE('',(#405),#5339,.F.);
#5604=ADVANCED_FACE('',(#406),#5340,.F.);
#5605=ADVANCED_FACE('',(#407),#5341,.T.);
#5606=ADVANCED_FACE('',(#408),#5342,.F.);
#5607=ADVANCED_FACE('',(#409),#5343,.F.);
#5608=ADVANCED_FACE('',(#410),#5344,.F.);
#5609=ADVANCED_FACE('',(#411),#5345,.F.);
#5610=ADVANCED_FACE('',(#412),#5346,.F.);
#5611=ADVANCED_FACE('',(#413),#5347,.T.);
#5612=ADVANCED_FACE('',(#414),#5348,.F.);
#5613=ADVANCED_FACE('',(#415),#5349,.F.);
#5614=ADVANCED_FACE('',(#416),#5350,.F.);
#5615=ADVANCED_FACE('',(#417),#5351,.T.);
#5616=ADVANCED_FACE('',(#418),#5352,.F.);
#5617=ADVANCED_FACE('',(#419),#5353,.F.);
#5618=ADVANCED_FACE('',(#420),#5354,.F.);
#5619=ADVANCED_FACE('',(#421),#5355,.T.);
#5620=ADVANCED_FACE('',(#422),#5356,.F.);
#5621=ADVANCED_FACE('',(#423),#5357,.F.);
#5622=ADVANCED_FACE('',(#424),#5358,.F.);
#5623=ADVANCED_FACE('',(#425),#5359,.T.);
#5624=ADVANCED_FACE('',(#426),#5360,.F.);
#5625=ADVANCED_FACE('',(#427),#5361,.F.);
#5626=ADVANCED_FACE('',(#428),#5362,.F.);
#5627=ADVANCED_FACE('',(#429),#5363,.T.);
#5628=ADVANCED_FACE('',(#430),#5364,.F.);
#5629=ADVANCED_FACE('',(#431),#5365,.F.);
#5630=CLOSED_SHELL('',(#5366,#5367,#5368,#5369,#5370,#5371,#5372,#5373,
#5374,#5375,#5376,#5377,#5378,#5379,#5380,#5381,#5382,#5383,#5384,#5385,
#5386,#5387,#5388,#5389,#5390,#5391,#5392,#5393,#5394,#5395,#5396,#5397,
#5398,#5399,#5400,#5401,#5402,#5403,#5404,#5405,#5406,#5407,#5408,#5409,
#5410,#5411,#5412,#5413,#5414,#5415,#5416,#5417,#5418,#5419,#5420,#5421,
#5422,#5423,#5424,#5425,#5426,#5427,#5428,#5429,#5430,#5431,#5432,#5433,
#5434,#5435,#5436,#5437,#5438,#5439,#5440,#5441,#5442,#5443,#5444,#5445,
#5446,#5447,#5448,#5449,#5450,#5451,#5452,#5453,#5454,#5455,#5456,#5457,
#5458,#5459,#5460,#5461,#5462,#5463,#5464,#5465,#5466,#5467,#5468,#5469,
#5470,#5471,#5472,#5473,#5474,#5475,#5476,#5477,#5478,#5479,#5480,#5481,
#5482,#5483,#5484,#5485,#5486,#5487,#5488,#5489,#5490,#5491,#5492,#5493,
#5494,#5495,#5496,#5497,#5498,#5499,#5500,#5501,#5502,#5503,#5504,#5505,
#5506,#5507,#5508,#5509,#5510,#5511,#5512,#5513,#5514,#5515,#5516,#5517,
#5518,#5519,#5520,#5521,#5522,#5523,#5524,#5525,#5526,#5527,#5528,#5529,
#5530,#5531,#5532,#5533,#5534,#5535,#5536,#5537,#5538,#5539,#5540,#5541,
#5542,#5543,#5544,#5545,#5546,#5547,#5548,#5549,#5550,#5551,#5552,#5553,
#5554,#5555,#5556,#5557,#5558,#5559,#5560,#5561,#5562,#5563,#5564,#5565,
#5566,#5567,#5568,#5569,#5570,#5571,#5572,#5573,#5574,#5575,#5576,#5577,
#5578,#5579,#5580,#5581,#5582,#5583,#5584,#5585,#5586,#5587,#5588,#5589,
#5590,#5591,#5592,#5593,#5594,#5595,#5596,#5597,#5598,#5599,#5600,#5601,
#5602,#5603,#5604,#5605,#5606,#5607,#5608,#5609,#5610,#5611,#5612,#5613,
#5614,#5615,#5616,#5617,#5618,#5619,#5620,#5621,#5622,#5623,#5624,#5625,
#5626,#5627,#5628,#5629));
#5631=AXIS2_PLACEMENT_3D('',#7412,#5980,#5981);
#5632=AXIS2_PLACEMENT_3D('',#7413,#5982,#5983);
#5633=AXIS2_PLACEMENT_3D('',#7422,#5988,#5989);
#5634=AXIS2_PLACEMENT_3D('',#7428,#5993,#5994);
#5635=AXIS2_PLACEMENT_3D('',#7434,#5998,#5999);
#5636=AXIS2_PLACEMENT_3D('',#7588,#6077,#6078);
#5637=AXIS2_PLACEMENT_3D('',#7600,#6085,#6086);
#5638=AXIS2_PLACEMENT_3D('',#7656,#6115,#6116);
#5639=AXIS2_PLACEMENT_3D('',#7662,#6120,#6121);
#5640=AXIS2_PLACEMENT_3D('',#7666,#6124,#6125);
#5641=AXIS2_PLACEMENT_3D('',#7670,#6128,#6129);
#5642=AXIS2_PLACEMENT_3D('',#7682,#6136,#6137);
#5643=AXIS2_PLACEMENT_3D('',#7686,#6140,#6141);
#5644=AXIS2_PLACEMENT_3D('',#7706,#6152,#6153);
#5645=AXIS2_PLACEMENT_3D('',#7709,#6156,#6157);
#5646=AXIS2_PLACEMENT_3D('',#7763,#6185,#6186);
#5647=AXIS2_PLACEMENT_3D('',#7809,#6209,#6210);
#5648=AXIS2_PLACEMENT_3D('',#7813,#6212,#6213);
#5649=AXIS2_PLACEMENT_3D('',#7817,#6215,#6216);
#5650=AXIS2_PLACEMENT_3D('',#7821,#6218,#6219);
#5651=AXIS2_PLACEMENT_3D('',#7825,#6221,#6222);
#5652=AXIS2_PLACEMENT_3D('',#7829,#6224,#6225);
#5653=AXIS2_PLACEMENT_3D('',#7833,#6227,#6228);
#5654=AXIS2_PLACEMENT_3D('',#7837,#6230,#6231);
#5655=AXIS2_PLACEMENT_3D('',#7841,#6233,#6234);
#5656=AXIS2_PLACEMENT_3D('',#7845,#6236,#6237);
#5657=AXIS2_PLACEMENT_3D('',#7849,#6239,#6240);
#5658=AXIS2_PLACEMENT_3D('',#7853,#6242,#6243);
#5659=AXIS2_PLACEMENT_3D('',#7857,#6245,#6246);
#5660=AXIS2_PLACEMENT_3D('',#7861,#6248,#6249);
#5661=AXIS2_PLACEMENT_3D('',#7865,#6251,#6252);
#5662=AXIS2_PLACEMENT_3D('',#7869,#6254,#6255);
#5663=AXIS2_PLACEMENT_3D('',#7873,#6257,#6258);
#5664=AXIS2_PLACEMENT_3D('',#7877,#6260,#6261);
#5665=AXIS2_PLACEMENT_3D('',#7881,#6263,#6264);
#5666=AXIS2_PLACEMENT_3D('',#7885,#6266,#6267);
#5667=AXIS2_PLACEMENT_3D('',#7889,#6269,#6270);
#5668=AXIS2_PLACEMENT_3D('',#7893,#6272,#6273);
#5669=AXIS2_PLACEMENT_3D('',#7897,#6275,#6276);
#5670=AXIS2_PLACEMENT_3D('',#7901,#6278,#6279);
#5671=AXIS2_PLACEMENT_3D('',#7903,#6281,#6282);
#5672=AXIS2_PLACEMENT_3D('',#7913,#6288,#6289);
#5673=AXIS2_PLACEMENT_3D('',#7916,#6292,#6293);
#5674=AXIS2_PLACEMENT_3D('',#7920,#6296,#6297);
#5675=AXIS2_PLACEMENT_3D('',#7928,#6302,#6303);
#5676=AXIS2_PLACEMENT_3D('',#7930,#6304,#6305);
#5677=AXIS2_PLACEMENT_3D('',#7931,#6306,#6307);
#5678=AXIS2_PLACEMENT_3D('',#7933,#6308,#6309);
#5679=AXIS2_PLACEMENT_3D('',#7934,#6310,#6311);
#5680=AXIS2_PLACEMENT_3D('',#7936,#6312,#6313);
#5681=AXIS2_PLACEMENT_3D('',#7937,#6314,#6315);
#5682=AXIS2_PLACEMENT_3D('',#7940,#6317,#6318);
#5683=AXIS2_PLACEMENT_3D('',#7941,#6319,#6320);
#5684=AXIS2_PLACEMENT_3D('',#7944,#6322,#6323);
#5685=AXIS2_PLACEMENT_3D('',#7945,#6324,#6325);
#5686=AXIS2_PLACEMENT_3D('',#7948,#6327,#6328);
#5687=AXIS2_PLACEMENT_3D('',#7949,#6329,#6330);
#5688=AXIS2_PLACEMENT_3D('',#7954,#6332,#6333);
#5689=AXIS2_PLACEMENT_3D('',#7958,#6336,#6337);
#5690=AXIS2_PLACEMENT_3D('',#7964,#6341,#6342);
#5691=AXIS2_PLACEMENT_3D('',#7970,#6346,#6347);
#5692=AXIS2_PLACEMENT_3D('',#7975,#6349,#6350);
#5693=AXIS2_PLACEMENT_3D('',#7983,#6355,#6356);
#5694=AXIS2_PLACEMENT_3D('',#7989,#6360,#6361);
#5695=AXIS2_PLACEMENT_3D('',#7995,#6365,#6366);
#5696=AXIS2_PLACEMENT_3D('',#7998,#6367,#6368);
#5697=AXIS2_PLACEMENT_3D('',#8002,#6370,#6371);
#5698=AXIS2_PLACEMENT_3D('',#8004,#6373,#6374);
#5699=AXIS2_PLACEMENT_3D('',#8010,#6378,#6379);
#5700=AXIS2_PLACEMENT_3D('',#8012,#6380,#6381);
#5701=AXIS2_PLACEMENT_3D('',#8014,#6382,#6383);
#5702=AXIS2_PLACEMENT_3D('',#8016,#6385,#6386);
#5703=AXIS2_PLACEMENT_3D('',#8022,#6390,#6391);
#5704=AXIS2_PLACEMENT_3D('',#8024,#6392,#6393);
#5705=AXIS2_PLACEMENT_3D('',#8026,#6394,#6395);
#5706=AXIS2_PLACEMENT_3D('',#8028,#6397,#6398);
#5707=AXIS2_PLACEMENT_3D('',#8034,#6402,#6403);
#5708=AXIS2_PLACEMENT_3D('',#8036,#6404,#6405);
#5709=AXIS2_PLACEMENT_3D('',#8038,#6406,#6407);
#5710=AXIS2_PLACEMENT_3D('',#8040,#6409,#6410);
#5711=AXIS2_PLACEMENT_3D('',#8043,#6413,#6414);
#5712=AXIS2_PLACEMENT_3D('',#8046,#6415,#6416);
#5713=AXIS2_PLACEMENT_3D('',#8050,#6418,#6419);
#5714=AXIS2_PLACEMENT_3D('',#8052,#6421,#6422);
#5715=AXIS2_PLACEMENT_3D('',#8058,#6426,#6427);
#5716=AXIS2_PLACEMENT_3D('',#8060,#6428,#6429);
#5717=AXIS2_PLACEMENT_3D('',#8062,#6430,#6431);
#5718=AXIS2_PLACEMENT_3D('',#8064,#6433,#6434);
#5719=AXIS2_PLACEMENT_3D('',#8070,#6438,#6439);
#5720=AXIS2_PLACEMENT_3D('',#8072,#6440,#6441);
#5721=AXIS2_PLACEMENT_3D('',#8074,#6442,#6443);
#5722=AXIS2_PLACEMENT_3D('',#8076,#6445,#6446);
#5723=AXIS2_PLACEMENT_3D('',#8082,#6450,#6451);
#5724=AXIS2_PLACEMENT_3D('',#8084,#6452,#6453);
#5725=AXIS2_PLACEMENT_3D('',#8086,#6454,#6455);
#5726=AXIS2_PLACEMENT_3D('',#8088,#6457,#6458);
#5727=AXIS2_PLACEMENT_3D('',#8091,#6461,#6462);
#5728=AXIS2_PLACEMENT_3D('',#8094,#6463,#6464);
#5729=AXIS2_PLACEMENT_3D('',#8098,#6466,#6467);
#5730=AXIS2_PLACEMENT_3D('',#8100,#6469,#6470);
#5731=AXIS2_PLACEMENT_3D('',#8106,#6474,#6475);
#5732=AXIS2_PLACEMENT_3D('',#8108,#6476,#6477);
#5733=AXIS2_PLACEMENT_3D('',#8110,#6478,#6479);
#5734=AXIS2_PLACEMENT_3D('',#8112,#6481,#6482);
#5735=AXIS2_PLACEMENT_3D('',#8118,#6486,#6487);
#5736=AXIS2_PLACEMENT_3D('',#8120,#6488,#6489);
#5737=AXIS2_PLACEMENT_3D('',#8122,#6490,#6491);
#5738=AXIS2_PLACEMENT_3D('',#8124,#6493,#6494);
#5739=AXIS2_PLACEMENT_3D('',#8130,#6498,#6499);
#5740=AXIS2_PLACEMENT_3D('',#8132,#6500,#6501);
#5741=AXIS2_PLACEMENT_3D('',#8134,#6502,#6503);
#5742=AXIS2_PLACEMENT_3D('',#8136,#6505,#6506);
#5743=AXIS2_PLACEMENT_3D('',#8139,#6509,#6510);
#5744=AXIS2_PLACEMENT_3D('',#8142,#6511,#6512);
#5745=AXIS2_PLACEMENT_3D('',#8146,#6514,#6515);
#5746=AXIS2_PLACEMENT_3D('',#8148,#6517,#6518);
#5747=AXIS2_PLACEMENT_3D('',#8154,#6522,#6523);
#5748=AXIS2_PLACEMENT_3D('',#8156,#6524,#6525);
#5749=AXIS2_PLACEMENT_3D('',#8158,#6526,#6527);
#5750=AXIS2_PLACEMENT_3D('',#8160,#6529,#6530);
#5751=AXIS2_PLACEMENT_3D('',#8166,#6534,#6535);
#5752=AXIS2_PLACEMENT_3D('',#8168,#6536,#6537);
#5753=AXIS2_PLACEMENT_3D('',#8170,#6538,#6539);
#5754=AXIS2_PLACEMENT_3D('',#8172,#6541,#6542);
#5755=AXIS2_PLACEMENT_3D('',#8178,#6546,#6547);
#5756=AXIS2_PLACEMENT_3D('',#8180,#6548,#6549);
#5757=AXIS2_PLACEMENT_3D('',#8182,#6550,#6551);
#5758=AXIS2_PLACEMENT_3D('',#8184,#6553,#6554);
#5759=AXIS2_PLACEMENT_3D('',#8187,#6557,#6558);
#5760=AXIS2_PLACEMENT_3D('',#8190,#6559,#6560);
#5761=AXIS2_PLACEMENT_3D('',#8194,#6562,#6563);
#5762=AXIS2_PLACEMENT_3D('',#8196,#6565,#6566);
#5763=AXIS2_PLACEMENT_3D('',#8202,#6570,#6571);
#5764=AXIS2_PLACEMENT_3D('',#8204,#6572,#6573);
#5765=AXIS2_PLACEMENT_3D('',#8206,#6574,#6575);
#5766=AXIS2_PLACEMENT_3D('',#8208,#6577,#6578);
#5767=AXIS2_PLACEMENT_3D('',#8214,#6582,#6583);
#5768=AXIS2_PLACEMENT_3D('',#8216,#6584,#6585);
#5769=AXIS2_PLACEMENT_3D('',#8218,#6586,#6587);
#5770=AXIS2_PLACEMENT_3D('',#8220,#6589,#6590);
#5771=AXIS2_PLACEMENT_3D('',#8226,#6594,#6595);
#5772=AXIS2_PLACEMENT_3D('',#8228,#6596,#6597);
#5773=AXIS2_PLACEMENT_3D('',#8230,#6598,#6599);
#5774=AXIS2_PLACEMENT_3D('',#8232,#6601,#6602);
#5775=AXIS2_PLACEMENT_3D('',#8235,#6605,#6606);
#5776=AXIS2_PLACEMENT_3D('',#8238,#6607,#6608);
#5777=AXIS2_PLACEMENT_3D('',#8242,#6610,#6611);
#5778=AXIS2_PLACEMENT_3D('',#8244,#6613,#6614);
#5779=AXIS2_PLACEMENT_3D('',#8250,#6618,#6619);
#5780=AXIS2_PLACEMENT_3D('',#8252,#6620,#6621);
#5781=AXIS2_PLACEMENT_3D('',#8254,#6622,#6623);
#5782=AXIS2_PLACEMENT_3D('',#8256,#6625,#6626);
#5783=AXIS2_PLACEMENT_3D('',#8262,#6630,#6631);
#5784=AXIS2_PLACEMENT_3D('',#8264,#6632,#6633);
#5785=AXIS2_PLACEMENT_3D('',#8266,#6634,#6635);
#5786=AXIS2_PLACEMENT_3D('',#8268,#6637,#6638);
#5787=AXIS2_PLACEMENT_3D('',#8274,#6642,#6643);
#5788=AXIS2_PLACEMENT_3D('',#8276,#6644,#6645);
#5789=AXIS2_PLACEMENT_3D('',#8278,#6646,#6647);
#5790=AXIS2_PLACEMENT_3D('',#8280,#6649,#6650);
#5791=AXIS2_PLACEMENT_3D('',#8283,#6653,#6654);
#5792=AXIS2_PLACEMENT_3D('',#8286,#6657,#6658);
#5793=AXIS2_PLACEMENT_3D('',#8288,#6660,#6661);
#5794=AXIS2_PLACEMENT_3D('',#8290,#6663,#6664);
#5795=AXIS2_PLACEMENT_3D('',#8292,#6666,#6667);
#5796=AXIS2_PLACEMENT_3D('',#8294,#6669,#6670);
#5797=AXIS2_PLACEMENT_3D('',#8296,#6672,#6673);
#5798=AXIS2_PLACEMENT_3D('',#8298,#6675,#6676);
#5799=AXIS2_PLACEMENT_3D('',#8299,#6677,#6678);
#5800=AXIS2_PLACEMENT_3D('',#8302,#6681,#6682);
#5801=AXIS2_PLACEMENT_3D('',#8304,#6684,#6685);
#5802=AXIS2_PLACEMENT_3D('',#8306,#6687,#6688);
#5803=AXIS2_PLACEMENT_3D('',#8308,#6690,#6691);
#5804=AXIS2_PLACEMENT_3D('',#8310,#6693,#6694);
#5805=AXIS2_PLACEMENT_3D('',#8312,#6696,#6697);
#5806=AXIS2_PLACEMENT_3D('',#8314,#6699,#6700);
#5807=AXIS2_PLACEMENT_3D('',#8315,#6701,#6702);
#5808=AXIS2_PLACEMENT_3D('',#8318,#6705,#6706);
#5809=AXIS2_PLACEMENT_3D('',#8320,#6708,#6709);
#5810=AXIS2_PLACEMENT_3D('',#8322,#6711,#6712);
#5811=AXIS2_PLACEMENT_3D('',#8324,#6714,#6715);
#5812=AXIS2_PLACEMENT_3D('',#8326,#6717,#6718);
#5813=AXIS2_PLACEMENT_3D('',#8328,#6720,#6721);
#5814=AXIS2_PLACEMENT_3D('',#8330,#6723,#6724);
#5815=AXIS2_PLACEMENT_3D('',#8331,#6725,#6726);
#5816=AXIS2_PLACEMENT_3D('',#8334,#6729,#6730);
#5817=AXIS2_PLACEMENT_3D('',#8336,#6732,#6733);
#5818=AXIS2_PLACEMENT_3D('',#8338,#6735,#6736);
#5819=AXIS2_PLACEMENT_3D('',#8340,#6738,#6739);
#5820=AXIS2_PLACEMENT_3D('',#8342,#6741,#6742);
#5821=AXIS2_PLACEMENT_3D('',#8344,#6744,#6745);
#5822=AXIS2_PLACEMENT_3D('',#8346,#6747,#6748);
#5823=AXIS2_PLACEMENT_3D('',#8347,#6749,#6750);
#5824=AXIS2_PLACEMENT_3D('',#8350,#6753,#6754);
#5825=AXIS2_PLACEMENT_3D('',#8352,#6756,#6757);
#5826=AXIS2_PLACEMENT_3D('',#8354,#6759,#6760);
#5827=AXIS2_PLACEMENT_3D('',#8356,#6762,#6763);
#5828=AXIS2_PLACEMENT_3D('',#8358,#6765,#6766);
#5829=AXIS2_PLACEMENT_3D('',#8360,#6768,#6769);
#5830=AXIS2_PLACEMENT_3D('',#8362,#6771,#6772);
#5831=AXIS2_PLACEMENT_3D('',#8363,#6773,#6774);
#5832=AXIS2_PLACEMENT_3D('',#8366,#6777,#6778);
#5833=AXIS2_PLACEMENT_3D('',#8368,#6780,#6781);
#5834=AXIS2_PLACEMENT_3D('',#8370,#6783,#6784);
#5835=AXIS2_PLACEMENT_3D('',#8372,#6786,#6787);
#5836=AXIS2_PLACEMENT_3D('',#8374,#6789,#6790);
#5837=AXIS2_PLACEMENT_3D('',#8376,#6792,#6793);
#5838=AXIS2_PLACEMENT_3D('',#8378,#6795,#6796);
#5839=AXIS2_PLACEMENT_3D('',#8379,#6797,#6798);
#5840=AXIS2_PLACEMENT_3D('',#8388,#6803,#6804);
#5841=AXIS2_PLACEMENT_3D('',#8397,#6809,#6810);
#5842=AXIS2_PLACEMENT_3D('',#8398,#6811,#6812);
#5843=AXIS2_PLACEMENT_3D('',#8404,#6816,#6817);
#5844=AXIS2_PLACEMENT_3D('',#8408,#6820,#6821);
#5845=AXIS2_PLACEMENT_3D('',#8410,#6822,#6823);
#5846=AXIS2_PLACEMENT_3D('',#8412,#6825,#6826);
#5847=AXIS2_PLACEMENT_3D('',#8414,#6828,#6829);
#5848=AXIS2_PLACEMENT_3D('',#8423,#6834,#6835);
#5849=AXIS2_PLACEMENT_3D('',#8432,#6840,#6841);
#5850=AXIS2_PLACEMENT_3D('',#8436,#6844,#6845);
#5851=AXIS2_PLACEMENT_3D('',#8438,#6846,#6847);
#5852=AXIS2_PLACEMENT_3D('',#8440,#6849,#6850);
#5853=AXIS2_PLACEMENT_3D('',#8442,#6852,#6853);
#5854=AXIS2_PLACEMENT_3D('',#8448,#6857,#6858);
#5855=AXIS2_PLACEMENT_3D('',#8450,#6859,#6860);
#5856=AXIS2_PLACEMENT_3D('',#8452,#6862,#6863);
#5857=AXIS2_PLACEMENT_3D('',#8456,#6866,#6867);
#5858=AXIS2_PLACEMENT_3D('',#8459,#6870,#6871);
#5859=AXIS2_PLACEMENT_3D('',#8462,#6874,#6875);
#5860=AXIS2_PLACEMENT_3D('',#8471,#6880,#6881);
#5861=AXIS2_PLACEMENT_3D('',#8478,#6886,#6887);
#5862=AXIS2_PLACEMENT_3D('',#8484,#6891,#6892);
#5863=AXIS2_PLACEMENT_3D('',#8487,#6895,#6896);
#5864=AXIS2_PLACEMENT_3D('',#8495,#6901,#6902);
#5865=AXIS2_PLACEMENT_3D('',#8498,#6905,#6906);
#5866=AXIS2_PLACEMENT_3D('',#8504,#6910,#6911);
#5867=AXIS2_PLACEMENT_3D('',#8510,#6915,#6916);
#5868=AXIS2_PLACEMENT_3D('',#8519,#6921,#6922);
#5869=AXIS2_PLACEMENT_3D('',#8525,#6926,#6927);
#5870=AXIS2_PLACEMENT_3D('',#8534,#6932,#6933);
#5871=AXIS2_PLACEMENT_3D('',#8540,#6937,#6938);
#5872=AXIS2_PLACEMENT_3D('',#8546,#6942,#6943);
#5873=AXIS2_PLACEMENT_3D('',#8552,#6947,#6948);
#5874=AXIS2_PLACEMENT_3D('',#8558,#6952,#6953);
#5875=AXIS2_PLACEMENT_3D('',#8567,#6958,#6959);
#5876=AXIS2_PLACEMENT_3D('',#8573,#6963,#6964);
#5877=AXIS2_PLACEMENT_3D('',#8582,#6969,#6970);
#5878=AXIS2_PLACEMENT_3D('',#8585,#6973,#6974);
#5879=AXIS2_PLACEMENT_3D('',#8599,#6987,#6988);
#5880=AXIS2_PLACEMENT_3D('',#8601,#6990,#6991);
#5881=AXIS2_PLACEMENT_3D('',#8604,#6994,#6995);
#5882=AXIS2_PLACEMENT_3D('',#8608,#6998,#6999);
#5883=AXIS2_PLACEMENT_3D('',#8617,#7004,#7005);
#5884=AXIS2_PLACEMENT_3D('',#8623,#7009,#7010);
#5885=AXIS2_PLACEMENT_3D('',#8632,#7015,#7016);
#5886=AXIS2_PLACEMENT_3D('',#8638,#7020,#7021);
#5887=AXIS2_PLACEMENT_3D('',#8647,#7026,#7027);
#5888=AXIS2_PLACEMENT_3D('',#8653,#7031,#7032);
#5889=AXIS2_PLACEMENT_3D('',#8662,#7037,#7038);
#5890=AXIS2_PLACEMENT_3D('',#8668,#7042,#7043);
#5891=AXIS2_PLACEMENT_3D('',#8677,#7048,#7049);
#5892=AXIS2_PLACEMENT_3D('',#8680,#7052,#7053);
#5893=AXIS2_PLACEMENT_3D('',#8693,#7065,#7066);
#5894=AXIS2_PLACEMENT_3D('',#8695,#7068,#7069);
#5895=AXIS2_PLACEMENT_3D('',#8701,#7073,#7074);
#5896=AXIS2_PLACEMENT_3D('',#8710,#7079,#7080);
#5897=AXIS2_PLACEMENT_3D('',#8719,#7085,#7086);
#5898=AXIS2_PLACEMENT_3D('',#8725,#7090,#7091);
#5899=AXIS2_PLACEMENT_3D('',#8731,#7095,#7096);
#5900=AXIS2_PLACEMENT_3D('',#8740,#7101,#7102);
#5901=AXIS2_PLACEMENT_3D('',#8774,#7123,#7124);
#5902=AXIS2_PLACEMENT_3D('',#8780,#7128,#7129);
#5903=AXIS2_PLACEMENT_3D('',#8863,#7180,#7181);
#5904=AXIS2_PLACEMENT_3D('',#8865,#7183,#7184);
#5905=AXIS2_PLACEMENT_3D('',#8868,#7187,#7188);
#5906=AXIS2_PLACEMENT_3D('',#8871,#7191,#7192);
#5907=AXIS2_PLACEMENT_3D('',#8874,#7195,#7196);
#5908=AXIS2_PLACEMENT_3D('',#8877,#7199,#7200);
#5909=AXIS2_PLACEMENT_3D('',#8880,#7203,#7204);
#5910=AXIS2_PLACEMENT_3D('',#8882,#7206,#7207);
#5911=AXIS2_PLACEMENT_3D('',#8884,#7209,#7210);
#5912=AXIS2_PLACEMENT_3D('',#8885,#7211,#7212);
#5913=AXIS2_PLACEMENT_3D('',#8887,#7214,#7215);
#5914=AXIS2_PLACEMENT_3D('',#8889,#7217,#7218);
#5915=AXIS2_PLACEMENT_3D('',#8891,#7220,#7221);
#5916=AXIS2_PLACEMENT_3D('',#8893,#7223,#7224);
#5917=AXIS2_PLACEMENT_3D('',#8895,#7226,#7227);
#5918=AXIS2_PLACEMENT_3D('',#8897,#7229,#7230);
#5919=AXIS2_PLACEMENT_3D('',#8899,#7232,#7233);
#5920=AXIS2_PLACEMENT_3D('',#8901,#7235,#7236);
#5921=AXIS2_PLACEMENT_3D('',#8903,#7238,#7239);
#5922=AXIS2_PLACEMENT_3D('',#8905,#7241,#7242);
#5923=AXIS2_PLACEMENT_3D('',#8907,#7244,#7245);
#5924=AXIS2_PLACEMENT_3D('',#8909,#7247,#7248);
#5925=AXIS2_PLACEMENT_3D('',#8911,#7250,#7251);
#5926=AXIS2_PLACEMENT_3D('',#8913,#7253,#7254);
#5927=AXIS2_PLACEMENT_3D('',#8915,#7256,#7257);
#5928=AXIS2_PLACEMENT_3D('',#8917,#7259,#7260);
#5929=AXIS2_PLACEMENT_3D('',#8919,#7262,#7263);
#5930=AXIS2_PLACEMENT_3D('',#8921,#7265,#7266);
#5931=AXIS2_PLACEMENT_3D('',#8923,#7268,#7269);
#5932=AXIS2_PLACEMENT_3D('',#8925,#7271,#7272);
#5933=AXIS2_PLACEMENT_3D('',#8927,#7274,#7275);
#5934=AXIS2_PLACEMENT_3D('',#8929,#7277,#7278);
#5935=AXIS2_PLACEMENT_3D('',#8931,#7280,#7281);
#5936=AXIS2_PLACEMENT_3D('',#8933,#7283,#7284);
#5937=AXIS2_PLACEMENT_3D('',#8934,#7285,#7286);
#5938=AXIS2_PLACEMENT_3D('',#8936,#7288,#7289);
#5939=AXIS2_PLACEMENT_3D('',#8938,#7291,#7292);
#5940=AXIS2_PLACEMENT_3D('',#8940,#7294,#7295);
#5941=AXIS2_PLACEMENT_3D('',#8942,#7297,#7298);
#5942=AXIS2_PLACEMENT_3D('',#8944,#7300,#7301);
#5943=AXIS2_PLACEMENT_3D('',#8946,#7303,#7304);
#5944=AXIS2_PLACEMENT_3D('',#8948,#7306,#7307);
#5945=AXIS2_PLACEMENT_3D('',#8950,#7309,#7310);
#5946=AXIS2_PLACEMENT_3D('',#8952,#7312,#7313);
#5947=AXIS2_PLACEMENT_3D('',#8954,#7315,#7316);
#5948=AXIS2_PLACEMENT_3D('',#8956,#7318,#7319);
#5949=AXIS2_PLACEMENT_3D('',#8958,#7321,#7322);
#5950=AXIS2_PLACEMENT_3D('',#8960,#7324,#7325);
#5951=AXIS2_PLACEMENT_3D('',#8962,#7327,#7328);
#5952=AXIS2_PLACEMENT_3D('',#8964,#7330,#7331);
#5953=AXIS2_PLACEMENT_3D('',#8966,#7333,#7334);
#5954=AXIS2_PLACEMENT_3D('',#8968,#7336,#7337);
#5955=AXIS2_PLACEMENT_3D('',#8970,#7339,#7340);
#5956=AXIS2_PLACEMENT_3D('',#8972,#7342,#7343);
#5957=AXIS2_PLACEMENT_3D('',#8974,#7345,#7346);
#5958=AXIS2_PLACEMENT_3D('',#8975,#7347,#7348);
#5959=AXIS2_PLACEMENT_3D('',#8977,#7350,#7351);
#5960=AXIS2_PLACEMENT_3D('',#8979,#7353,#7354);
#5961=AXIS2_PLACEMENT_3D('',#8981,#7356,#7357);
#5962=AXIS2_PLACEMENT_3D('',#8983,#7359,#7360);
#5963=AXIS2_PLACEMENT_3D('',#8985,#7362,#7363);
#5964=AXIS2_PLACEMENT_3D('',#8987,#7365,#7366);
#5965=AXIS2_PLACEMENT_3D('',#8989,#7368,#7369);
#5966=AXIS2_PLACEMENT_3D('',#8991,#7371,#7372);
#5967=AXIS2_PLACEMENT_3D('',#8993,#7374,#7375);
#5968=AXIS2_PLACEMENT_3D('',#8995,#7377,#7378);
#5969=AXIS2_PLACEMENT_3D('',#8997,#7380,#7381);
#5970=AXIS2_PLACEMENT_3D('',#8999,#7383,#7384);
#5971=AXIS2_PLACEMENT_3D('',#9001,#7386,#7387);
#5972=AXIS2_PLACEMENT_3D('',#9003,#7389,#7390);
#5973=AXIS2_PLACEMENT_3D('',#9005,#7392,#7393);
#5974=AXIS2_PLACEMENT_3D('',#9007,#7395,#7396);
#5975=AXIS2_PLACEMENT_3D('',#9009,#7398,#7399);
#5976=AXIS2_PLACEMENT_3D('',#9011,#7401,#7402);
#5977=AXIS2_PLACEMENT_3D('',#9013,#7404,#7405);
#5978=AXIS2_PLACEMENT_3D('',#9015,#7407,#7408);
#5979=AXIS2_PLACEMENT_3D('',#9017,#7410,#7411);
#5980=DIRECTION('axis',(0.,0.,1.));
#5981=DIRECTION('refdir',(1.,0.,0.));
#5982=DIRECTION('center_axis',(-0.707106781186548,0.707106781186548,0.));
#5983=DIRECTION('ref_axis',(0.,0.,1.));
#5984=DIRECTION('',(0.,0.,1.));
#5985=DIRECTION('',(0.707106781186548,0.707106781186548,0.));
#5986=DIRECTION('',(0.,0.,-1.));
#5987=DIRECTION('',(-0.678598344545847,-0.678598344545847,-0.281084637714821));
#5988=DIRECTION('center_axis',(-0.5,0.707106781186548,-0.5));
#5989=DIRECTION('ref_axis',(-0.707106781186547,0.,0.707106781186547));
#5990=DIRECTION('',(-0.707106781186548,0.,0.707106781186548));
#5991=DIRECTION('',(0.707106781186548,0.,-0.707106781186548));
#5992=DIRECTION('',(-0.281084637714821,-0.678598344545848,-0.678598344545846));
#5993=DIRECTION('center_axis',(0.,0.707106781186546,-0.707106781186549));
#5994=DIRECTION('ref_axis',(-1.,0.,0.));
#5995=DIRECTION('',(1.,0.,0.));
#5996=DIRECTION('',(0.,-0.707106781186549,-0.707106781186546));
#5997=DIRECTION('',(-1.,0.,0.));
#5998=DIRECTION('center_axis',(0.,1.,0.));
#5999=DIRECTION('ref_axis',(0.,0.,1.));
#6000=DIRECTION('',(1.,0.,0.));
#6001=DIRECTION('',(0.,0.,1.));
#6002=DIRECTION('',(-1.,0.,0.));
#6003=DIRECTION('',(0.,0.,-1.));
#6004=DIRECTION('',(1.,0.,0.));
#6005=DIRECTION('',(0.,0.,1.));
#6006=DIRECTION('',(-1.,0.,0.));
#6007=DIRECTION('',(0.,0.,-1.));
#6008=DIRECTION('',(1.,0.,0.));
#6009=DIRECTION('',(0.,0.,1.));
#6010=DIRECTION('',(-1.,0.,0.));
#6011=DIRECTION('',(0.,0.,-1.));
#6012=DIRECTION('',(1.,0.,0.));
#6013=DIRECTION('',(0.,0.,1.));
#6014=DIRECTION('',(-1.,0.,0.));
#6015=DIRECTION('',(0.,0.,-1.));
#6016=DIRECTION('',(1.,0.,0.));
#6017=DIRECTION('',(0.,0.,1.));
#6018=DIRECTION('',(-1.,0.,0.));
#6019=DIRECTION('',(0.,0.,-1.));
#6020=DIRECTION('',(1.,0.,0.));
#6021=DIRECTION('',(0.,0.,1.));
#6022=DIRECTION('',(-1.,0.,0.));
#6023=DIRECTION('',(0.,0.,-1.));
#6024=DIRECTION('',(-0.707106781186548,0.,-0.707106781186547));
#6025=DIRECTION('',(-1.,0.,5.27551797559265E-17));
#6026=DIRECTION('',(-0.707106781186547,0.,0.707106781186548));
#6027=DIRECTION('',(0.,0.,1.));
#6028=DIRECTION('',(-1.,0.,0.));
#6029=DIRECTION('',(0.,0.,-1.));
#6030=DIRECTION('',(1.,0.,0.));
#6031=DIRECTION('',(0.,0.,1.));
#6032=DIRECTION('',(-1.,0.,0.));
#6033=DIRECTION('',(0.,0.,-1.));
#6034=DIRECTION('',(1.,0.,0.));
#6035=DIRECTION('',(0.,0.,1.));
#6036=DIRECTION('',(-1.,0.,0.));
#6037=DIRECTION('',(0.,0.,-1.));
#6038=DIRECTION('',(1.,0.,0.));
#6039=DIRECTION('',(0.,0.,1.));
#6040=DIRECTION('',(-1.,0.,0.));
#6041=DIRECTION('',(0.,0.,-1.));
#6042=DIRECTION('',(1.,0.,0.));
#6043=DIRECTION('',(0.,0.,1.));
#6044=DIRECTION('',(-1.,0.,0.));
#6045=DIRECTION('',(0.,0.,-1.));
#6046=DIRECTION('',(1.,0.,0.));
#6047=DIRECTION('',(0.,0.,1.));
#6048=DIRECTION('',(-1.,0.,0.));
#6049=DIRECTION('',(0.,0.,-1.));
#6050=DIRECTION('',(1.,0.,0.));
#6051=DIRECTION('',(0.,0.,1.));
#6052=DIRECTION('',(0.707106781186549,0.,0.707106781186546));
#6053=DIRECTION('',(1.,0.,0.));
#6054=DIRECTION('',(0.,0.,1.));
#6055=DIRECTION('',(-1.,0.,0.));
#6056=DIRECTION('',(0.,0.,-1.));
#6057=DIRECTION('',(1.,0.,0.));
#6058=DIRECTION('',(0.,0.,1.));
#6059=DIRECTION('',(-1.,0.,0.));
#6060=DIRECTION('',(0.,0.,-1.));
#6061=DIRECTION('',(1.,0.,0.));
#6062=DIRECTION('',(0.,0.,1.));
#6063=DIRECTION('',(-1.,0.,0.));
#6064=DIRECTION('',(0.,0.,-1.));
#6065=DIRECTION('',(1.,0.,0.));
#6066=DIRECTION('',(0.,0.,1.));
#6067=DIRECTION('',(-1.,0.,0.));
#6068=DIRECTION('',(0.,0.,-1.));
#6069=DIRECTION('',(1.,0.,0.));
#6070=DIRECTION('',(0.,0.,1.));
#6071=DIRECTION('',(-1.,0.,0.));
#6072=DIRECTION('',(0.,0.,-1.));
#6073=DIRECTION('',(1.,0.,0.));
#6074=DIRECTION('',(0.,0.,1.));
#6075=DIRECTION('',(-1.,0.,0.));
#6076=DIRECTION('',(0.,0.,-1.));
#6077=DIRECTION('center_axis',(0.,0.,-1.));
#6078=DIRECTION('ref_axis',(1.,0.,0.));
#6079=DIRECTION('',(0.,1.,0.));
#6080=DIRECTION('',(1.,0.,0.));
#6081=DIRECTION('',(0.,-1.,0.));
#6082=DIRECTION('',(-0.707106781186548,-0.707106781186547,0.));
#6083=DIRECTION('',(-1.,0.,0.));
#6084=DIRECTION('',(0.,-1.,0.));
#6085=DIRECTION('center_axis',(-1.,0.,0.));
#6086=DIRECTION('ref_axis',(0.,0.,1.));
#6087=DIRECTION('',(0.,1.,0.));
#6088=DIRECTION('',(0.,0.,1.));
#6089=DIRECTION('',(0.,0.819152044288992,0.573576436351046));
#6090=DIRECTION('',(0.,2.06413710084641E-16,1.));
#6091=DIRECTION('',(0.,1.,0.));
#6092=DIRECTION('',(0.,0.,1.));
#6093=DIRECTION('',(0.,-1.,0.));
#6094=DIRECTION('',(0.,0.,-1.));
#6095=DIRECTION('',(0.,1.,0.));
#6096=DIRECTION('',(0.,0.,1.));
#6097=DIRECTION('',(0.,-1.,0.));
#6098=DIRECTION('',(0.,0.,-1.));
#6099=DIRECTION('',(0.,1.,0.));
#6100=DIRECTION('',(0.,0.,1.));
#6101=DIRECTION('',(0.,-1.,0.));
#6102=DIRECTION('',(0.,0.,-1.));
#6103=DIRECTION('',(0.,1.,0.));
#6104=DIRECTION('',(0.,0.,1.));
#6105=DIRECTION('',(0.,-1.,0.));
#6106=DIRECTION('',(0.,0.,-1.));
#6107=DIRECTION('',(0.,1.,0.));
#6108=DIRECTION('',(0.,0.,1.));
#6109=DIRECTION('',(0.,-1.,0.));
#6110=DIRECTION('',(0.,0.,-1.));
#6111=DIRECTION('',(0.,1.,0.));
#6112=DIRECTION('',(0.,0.,1.));
#6113=DIRECTION('',(0.,-1.,0.));
#6114=DIRECTION('',(0.,0.,-1.));
#6115=DIRECTION('center_axis',(0.5,0.707106781186546,-0.500000000000002));
#6116=DIRECTION('ref_axis',(-0.707106781186549,0.,-0.707106781186546));
#6117=DIRECTION('',(0.678598344545845,-0.678598344545848,-0.281084637714821));
#6118=DIRECTION('',(-0.707106781186549,0.,-0.707106781186546));
#6119=DIRECTION('',(-0.281084637714821,0.678598344545848,0.678598344545845));
#6120=DIRECTION('center_axis',(0.707106781186549,0.707106781186546,0.));
#6121=DIRECTION('ref_axis',(0.,0.,-1.));
#6122=DIRECTION('',(0.707106781186546,-0.707106781186549,0.));
#6123=DIRECTION('',(0.,0.,-1.));
#6124=DIRECTION('center_axis',(0.,0.707106781186546,-0.707106781186549));
#6125=DIRECTION('ref_axis',(-1.,0.,0.));
#6126=DIRECTION('',(-1.,0.,0.));
#6127=DIRECTION('',(0.,0.707106781186549,0.707106781186546));
#6128=DIRECTION('center_axis',(1.,0.,0.));
#6129=DIRECTION('ref_axis',(0.,0.,1.));
#6130=DIRECTION('',(0.,1.,0.));
#6131=DIRECTION('',(0.,0.,1.));
#6132=DIRECTION('',(0.,-1.,0.));
#6133=DIRECTION('',(0.,-0.70710678118655,-0.707106781186545));
#6134=DIRECTION('',(0.,0.,-1.));
#6135=DIRECTION('',(0.,1.,0.));
#6136=DIRECTION('center_axis',(-0.707106781186548,0.,-0.707106781186548));
#6137=DIRECTION('ref_axis',(-0.707106781186548,0.,0.707106781186548));
#6138=DIRECTION('',(0.,-1.,0.));
#6139=DIRECTION('',(-0.707106781186548,0.,0.707106781186548));
#6140=DIRECTION('center_axis',(0.,1.,0.));
#6141=DIRECTION('ref_axis',(-1.,0.,0.));
#6142=DIRECTION('',(-1.,0.,0.));
#6143=DIRECTION('',(-0.707106781186549,0.,-0.707106781186546));
#6144=DIRECTION('',(0.,0.,-1.));
#6145=DIRECTION('',(-1.,0.,0.));
#6146=DIRECTION('',(0.,0.,-1.));
#6147=DIRECTION('',(-0.707106781186547,0.,-0.707106781186549));
#6148=DIRECTION('',(-1.,0.,0.));
#6149=DIRECTION('',(-0.707106781186547,0.,0.707106781186549));
#6150=DIRECTION('',(0.,0.,1.));
#6151=DIRECTION('',(-1.,0.,0.));
#6152=DIRECTION('center_axis',(0.707106781186546,0.,-0.707106781186549));
#6153=DIRECTION('ref_axis',(-0.707106781186549,0.,-0.707106781186546));
#6154=DIRECTION('',(0.,-1.,0.));
#6155=DIRECTION('',(0.,1.,0.));
#6156=DIRECTION('center_axis',(1.,0.,0.));
#6157=DIRECTION('ref_axis',(0.,0.,-1.));
#6158=DIRECTION('',(0.,-1.,0.));
#6159=DIRECTION('',(0.,0.,1.));
#6160=DIRECTION('',(0.,1.,0.));
#6161=DIRECTION('',(0.,0.,-1.));
#6162=DIRECTION('',(0.,-1.,0.));
#6163=DIRECTION('',(0.,0.,1.));
#6164=DIRECTION('',(0.,1.,0.));
#6165=DIRECTION('',(0.,0.,-1.));
#6166=DIRECTION('',(0.,-1.,0.));
#6167=DIRECTION('',(0.,0.,1.));
#6168=DIRECTION('',(0.,1.,0.));
#6169=DIRECTION('',(0.,0.,-1.));
#6170=DIRECTION('',(0.,-1.,0.));
#6171=DIRECTION('',(0.,0.,1.));
#6172=DIRECTION('',(0.,1.,0.));
#6173=DIRECTION('',(0.,0.,-1.));
#6174=DIRECTION('',(0.,-1.,0.));
#6175=DIRECTION('',(0.,0.,1.));
#6176=DIRECTION('',(0.,1.,0.));
#6177=DIRECTION('',(0.,0.,-1.));
#6178=DIRECTION('',(0.,-1.,0.));
#6179=DIRECTION('',(0.,0.,1.));
#6180=DIRECTION('',(0.,1.,0.));
#6181=DIRECTION('',(0.,0.,-1.));
#6182=DIRECTION('',(0.,1.,0.));
#6183=DIRECTION('',(0.,-2.06413710084641E-16,-1.));
#6184=DIRECTION('',(0.,-0.819152044288992,-0.573576436351046));
#6185=DIRECTION('center_axis',(0.,0.,-1.));
#6186=DIRECTION('ref_axis',(-1.,0.,0.));
#6187=DIRECTION('',(0.,-1.,0.));
#6188=DIRECTION('',(1.,0.,0.));
#6189=DIRECTION('',(0.,1.,0.));
#6190=DIRECTION('',(-1.,0.,0.));
#6191=DIRECTION('',(0.,-1.,0.));
#6192=DIRECTION('',(1.,0.,0.));
#6193=DIRECTION('',(0.,1.,0.));
#6194=DIRECTION('',(-1.,0.,0.));
#6195=DIRECTION('',(0.,-1.,0.));
#6196=DIRECTION('',(1.,0.,0.));
#6197=DIRECTION('',(0.,1.,0.));
#6198=DIRECTION('',(-1.,0.,0.));
#6199=DIRECTION('',(0.,-1.,0.));
#6200=DIRECTION('',(1.,0.,0.));
#6201=DIRECTION('',(0.,1.,0.));
#6202=DIRECTION('',(-1.,0.,0.));
#6203=DIRECTION('',(0.,-1.,0.));
#6204=DIRECTION('',(1.,0.,0.));
#6205=DIRECTION('',(0.,1.,0.));
#6206=DIRECTION('',(-1.,0.,0.));
#6207=DIRECTION('',(0.,-1.,0.));
#6208=DIRECTION('',(1.,0.,0.));
#6209=DIRECTION('center_axis',(0.,0.,-1.));
#6210=DIRECTION('ref_axis',(-5.63393175923981E-11,-1.,0.));
#6211=DIRECTION('',(-1.,-7.17019037057469E-15,0.));
#6212=DIRECTION('center_axis',(0.,0.,-1.));
#6213=DIRECTION('ref_axis',(1.,0.,0.));
#6214=DIRECTION('',(-6.85852062392971E-15,-1.,0.));
#6215=DIRECTION('center_axis',(0.,0.,-1.));
#6216=DIRECTION('ref_axis',(1.37907703256041E-10,1.,0.));
#6217=DIRECTION('',(1.,1.11022302515617E-14,0.));
#6218=DIRECTION('center_axis',(0.,0.,-1.));
#6219=DIRECTION('ref_axis',(-1.,1.50030138454406E-15,0.));
#6220=DIRECTION('',(1.39212918517504E-15,1.,0.));
#6221=DIRECTION('center_axis',(0.,0.,-1.));
#6222=DIRECTION('ref_axis',(-5.63408178937827E-11,-1.,0.));
#6223=DIRECTION('',(-1.,-7.17019037057469E-15,0.));
#6224=DIRECTION('center_axis',(0.,0.,-1.));
#6225=DIRECTION('ref_axis',(1.,0.,0.));
#6226=DIRECTION('',(-6.85852062392971E-15,-1.,0.));
#6227=DIRECTION('center_axis',(0.,0.,-1.));
#6228=DIRECTION('ref_axis',(1.37909203557425E-10,1.,0.));
#6229=DIRECTION('',(1.,1.11022302515617E-14,0.));
#6230=DIRECTION('center_axis',(0.,0.,-1.));
#6231=DIRECTION('ref_axis',(-1.,1.50030138454406E-15,0.));
#6232=DIRECTION('',(1.39212918517504E-15,1.,0.));
#6233=DIRECTION('center_axis',(0.,0.,-1.));
#6234=DIRECTION('ref_axis',(1.37907703256041E-10,1.,0.));
#6235=DIRECTION('',(1.,1.11022302515617E-14,0.));
#6236=DIRECTION('center_axis',(0.,0.,-1.));
#6237=DIRECTION('ref_axis',(-1.,1.50030138454406E-15,0.));
#6238=DIRECTION('',(1.39212918517504E-15,1.,0.));
#6239=DIRECTION('center_axis',(0.,0.,-1.));
#6240=DIRECTION('ref_axis',(-5.63393175923981E-11,-1.,0.));
#6241=DIRECTION('',(-1.,-7.17019037057469E-15,0.));
#6242=DIRECTION('center_axis',(0.,0.,-1.));
#6243=DIRECTION('ref_axis',(1.,0.,0.));
#6244=DIRECTION('',(-6.85852062392971E-15,-1.,0.));
#6245=DIRECTION('center_axis',(0.,0.,-1.));
#6246=DIRECTION('ref_axis',(-5.63393175923981E-11,-1.,0.));
#6247=DIRECTION('',(-1.,-7.17019037057469E-15,0.));
#6248=DIRECTION('center_axis',(0.,0.,-1.));
#6249=DIRECTION('ref_axis',(1.,0.,0.));
#6250=DIRECTION('',(-6.85852062392971E-15,-1.,0.));
#6251=DIRECTION('center_axis',(0.,0.,-1.));
#6252=DIRECTION('ref_axis',(1.37907703256041E-10,1.,0.));
#6253=DIRECTION('',(1.,1.11022302515617E-14,0.));
#6254=DIRECTION('center_axis',(0.,0.,-1.));
#6255=DIRECTION('ref_axis',(-1.,1.50030138454406E-15,0.));
#6256=DIRECTION('',(1.39212918517504E-15,1.,0.));
#6257=DIRECTION('center_axis',(0.,0.,-1.));
#6258=DIRECTION('ref_axis',(-5.63408178937827E-11,-1.,0.));
#6259=DIRECTION('',(-1.,-7.17019037057469E-15,0.));
#6260=DIRECTION('center_axis',(0.,0.,-1.));
#6261=DIRECTION('ref_axis',(1.,0.,0.));
#6262=DIRECTION('',(-6.85852062392971E-15,-1.,0.));
#6263=DIRECTION('center_axis',(0.,0.,-1.));
#6264=DIRECTION('ref_axis',(1.37907703256041E-10,1.,0.));
#6265=DIRECTION('',(1.,1.11022302515617E-14,0.));
#6266=DIRECTION('center_axis',(0.,0.,-1.));
#6267=DIRECTION('ref_axis',(-1.,1.50030138454406E-15,0.));
#6268=DIRECTION('',(1.39212918517504E-15,1.,0.));
#6269=DIRECTION('center_axis',(0.,0.,-1.));
#6270=DIRECTION('ref_axis',(1.,0.,0.));
#6271=DIRECTION('',(-6.85852062392971E-15,-1.,0.));
#6272=DIRECTION('center_axis',(0.,0.,-1.));
#6273=DIRECTION('ref_axis',(1.37907703256041E-10,1.,0.));
#6274=DIRECTION('',(1.,1.11022302515617E-14,0.));
#6275=DIRECTION('center_axis',(0.,0.,-1.));
#6276=DIRECTION('ref_axis',(-1.,1.50030138454406E-15,0.));
#6277=DIRECTION('',(1.39212918517504E-15,1.,0.));
#6278=DIRECTION('center_axis',(0.,0.,-1.));
#6279=DIRECTION('ref_axis',(-5.63393175923981E-11,-1.,0.));
#6280=DIRECTION('',(-1.,-7.17019037057469E-15,0.));
#6281=DIRECTION('center_axis',(-1.,0.,0.));
#6282=DIRECTION('ref_axis',(0.,0.,1.));
#6283=DIRECTION('',(0.,1.,0.));
#6284=DIRECTION('',(0.,0.,-1.));
#6285=DIRECTION('',(0.,-0.70710678118655,-0.707106781186545));
#6286=DIRECTION('',(0.,-1.,0.));
#6287=DIRECTION('',(0.,0.,1.));
#6288=DIRECTION('center_axis',(0.707106781186549,0.707106781186546,0.));
#6289=DIRECTION('ref_axis',(0.,0.,-1.));
#6290=DIRECTION('',(0.678598344545846,-0.678598344545849,0.28108463771482));
#6291=DIRECTION('',(-0.707106781186546,0.707106781186549,0.));
#6292=DIRECTION('center_axis',(0.500000000000001,0.707106781186546,0.5));
#6293=DIRECTION('ref_axis',(0.707106781186547,0.,-0.707106781186548));
#6294=DIRECTION('',(0.281084637714821,-0.678598344545847,0.678598344545847));
#6295=DIRECTION('',(0.707106781186547,0.,-0.707106781186548));
#6296=DIRECTION('center_axis',(0.,0.,1.));
#6297=DIRECTION('ref_axis',(-1.,0.,0.));
#6298=DIRECTION('',(-1.,0.,0.));
#6299=DIRECTION('',(0.,-1.,0.));
#6300=DIRECTION('',(1.,0.,0.));
#6301=DIRECTION('',(0.,-1.,0.));
#6302=DIRECTION('center_axis',(0.,1.,0.));
#6303=DIRECTION('ref_axis',(0.,0.,1.));
#6304=DIRECTION('center_axis',(0.,1.,0.));
#6305=DIRECTION('ref_axis',(-1.,0.,0.));
#6306=DIRECTION('center_axis',(0.,1.,0.));
#6307=DIRECTION('ref_axis',(0.,0.,1.));
#6308=DIRECTION('center_axis',(0.,1.,0.));
#6309=DIRECTION('ref_axis',(-1.,0.,0.));
#6310=DIRECTION('center_axis',(0.,1.,0.));
#6311=DIRECTION('ref_axis',(0.,0.,1.));
#6312=DIRECTION('center_axis',(0.,1.,0.));
#6313=DIRECTION('ref_axis',(-1.,0.,0.));
#6314=DIRECTION('center_axis',(0.,1.,0.));
#6315=DIRECTION('ref_axis',(-1.,0.,0.));
#6316=DIRECTION('',(0.,-1.,0.));
#6317=DIRECTION('center_axis',(0.,1.,0.));
#6318=DIRECTION('ref_axis',(-1.,0.,0.));
#6319=DIRECTION('center_axis',(0.,1.,0.));
#6320=DIRECTION('ref_axis',(-1.,0.,0.));
#6321=DIRECTION('',(0.,-1.,0.));
#6322=DIRECTION('center_axis',(0.,1.,0.));
#6323=DIRECTION('ref_axis',(-1.,0.,0.));
#6324=DIRECTION('center_axis',(0.,1.,0.));
#6325=DIRECTION('ref_axis',(-1.,0.,0.));
#6326=DIRECTION('',(0.,-1.,0.));
#6327=DIRECTION('center_axis',(0.,1.,0.));
#6328=DIRECTION('ref_axis',(-1.,0.,0.));
#6329=DIRECTION('center_axis',(0.,1.,0.));
#6330=DIRECTION('ref_axis',(-1.,0.,0.));
#6331=DIRECTION('',(0.,0.,-1.));
#6332=DIRECTION('center_axis',(0.,-1.,0.));
#6333=DIRECTION('ref_axis',(-1.,0.,0.));
#6334=DIRECTION('',(0.,0.,1.));
#6335=DIRECTION('',(-1.,0.,0.));
#6336=DIRECTION('center_axis',(0.,0.,-1.));
#6337=DIRECTION('ref_axis',(-1.,0.,0.));
#6338=DIRECTION('',(0.,-1.,0.));
#6339=DIRECTION('',(0.,1.,0.));
#6340=DIRECTION('',(-1.,0.,0.));
#6341=DIRECTION('center_axis',(0.,1.,0.));
#6342=DIRECTION('ref_axis',(0.,0.,1.));
#6343=DIRECTION('',(0.,0.,1.));
#6344=DIRECTION('',(-1.,0.,5.27551797559265E-17));
#6345=DIRECTION('',(0.,0.,-1.));
#6346=DIRECTION('center_axis',(0.,1.,0.));
#6347=DIRECTION('ref_axis',(-1.,0.,0.));
#6348=DIRECTION('',(1.,0.,0.));
#6349=DIRECTION('center_axis',(0.,-1.,0.));
#6350=DIRECTION('ref_axis',(-1.,0.,0.));
#6351=DIRECTION('',(-1.,0.,0.));
#6352=DIRECTION('',(0.707106781186546,0.,-0.707106781186549));
#6353=DIRECTION('',(0.,0.,1.));
#6354=DIRECTION('',(-0.707106781186548,0.,-0.707106781186547));
#6355=DIRECTION('center_axis',(0.707106781186547,0.,-0.707106781186548));
#6356=DIRECTION('ref_axis',(-0.707106781186548,0.,-0.707106781186547));
#6357=DIRECTION('',(-0.577350269189627,-0.577350269189625,-0.577350269189625));
#6358=DIRECTION('',(0.,-1.,0.));
#6359=DIRECTION('',(0.,1.,0.));
#6360=DIRECTION('center_axis',(0.707106781186549,0.,0.707106781186546));
#6361=DIRECTION('ref_axis',(0.707106781186546,0.,-0.707106781186549));
#6362=DIRECTION('',(0.577350269189625,0.577350269189624,-0.577350269189628));
#6363=DIRECTION('',(0.,-1.,0.));
#6364=DIRECTION('',(0.,1.,0.));
#6365=DIRECTION('center_axis',(0.,0.,1.));
#6366=DIRECTION('ref_axis',(-5.63408178937827E-11,-1.,0.));
#6367=DIRECTION('center_axis',(0.,0.,1.));
#6368=DIRECTION('ref_axis',(-5.63408178937827E-11,-1.,0.));
#6369=DIRECTION('',(0.,0.,1.));
#6370=DIRECTION('center_axis',(0.,0.,1.));
#6371=DIRECTION('ref_axis',(-5.63408178937827E-11,-1.,0.));
#6372=DIRECTION('',(0.,0.,1.));
#6373=DIRECTION('center_axis',(7.17019037057469E-15,-1.,0.));
#6374=DIRECTION('ref_axis',(1.,7.17019037057469E-15,0.));
#6375=DIRECTION('',(1.,7.17019037057469E-15,0.));
#6376=DIRECTION('',(1.,7.17019037057469E-15,0.));
#6377=DIRECTION('',(0.,0.,1.));
#6378=DIRECTION('center_axis',(0.,0.,1.));
#6379=DIRECTION('ref_axis',(1.,0.,0.));
#6380=DIRECTION('center_axis',(0.,0.,1.));
#6381=DIRECTION('ref_axis',(1.,0.,0.));
#6382=DIRECTION('center_axis',(0.,0.,1.));
#6383=DIRECTION('ref_axis',(1.,0.,0.));
#6384=DIRECTION('',(0.,0.,1.));
#6385=DIRECTION('center_axis',(1.,-6.85852062392971E-15,0.));
#6386=DIRECTION('ref_axis',(6.85852062392971E-15,1.,0.));
#6387=DIRECTION('',(6.85852062392971E-15,1.,0.));
#6388=DIRECTION('',(6.85852062392971E-15,1.,0.));
#6389=DIRECTION('',(0.,0.,1.));
#6390=DIRECTION('center_axis',(0.,0.,1.));
#6391=DIRECTION('ref_axis',(1.37909203557425E-10,1.,0.));
#6392=DIRECTION('center_axis',(0.,0.,1.));
#6393=DIRECTION('ref_axis',(1.37909203557425E-10,1.,0.));
#6394=DIRECTION('center_axis',(0.,0.,1.));
#6395=DIRECTION('ref_axis',(1.37909203557425E-10,1.,0.));
#6396=DIRECTION('',(0.,0.,1.));
#6397=DIRECTION('center_axis',(-1.11022302515617E-14,1.,0.));
#6398=DIRECTION('ref_axis',(-1.,-1.11022302515617E-14,0.));
#6399=DIRECTION('',(-1.,-1.11022302515617E-14,0.));
#6400=DIRECTION('',(-1.,-1.11022302515617E-14,0.));
#6401=DIRECTION('',(0.,0.,1.));
#6402=DIRECTION('center_axis',(0.,0.,1.));
#6403=DIRECTION('ref_axis',(-1.,1.50030138454406E-15,0.));
#6404=DIRECTION('center_axis',(0.,0.,1.));
#6405=DIRECTION('ref_axis',(-1.,1.50030138454406E-15,0.));
#6406=DIRECTION('center_axis',(0.,0.,1.));
#6407=DIRECTION('ref_axis',(-1.,1.50030138454406E-15,0.));
#6408=DIRECTION('',(0.,0.,1.));
#6409=DIRECTION('center_axis',(-1.,1.39212918517504E-15,0.));
#6410=DIRECTION('ref_axis',(-1.39212918517504E-15,-1.,0.));
#6411=DIRECTION('',(-1.39212918517504E-15,-1.,0.));
#6412=DIRECTION('',(-1.39212918517504E-15,-1.,0.));
#6413=DIRECTION('center_axis',(0.,0.,1.));
#6414=DIRECTION('ref_axis',(-5.63393175923981E-11,-1.,0.));
#6415=DIRECTION('center_axis',(0.,0.,1.));
#6416=DIRECTION('ref_axis',(-5.63393175923981E-11,-1.,0.));
#6417=DIRECTION('',(0.,0.,1.));
#6418=DIRECTION('center_axis',(0.,0.,1.));
#6419=DIRECTION('ref_axis',(-5.63393175923981E-11,-1.,0.));
#6420=DIRECTION('',(0.,0.,1.));
#6421=DIRECTION('center_axis',(7.17019037057469E-15,-1.,0.));
#6422=DIRECTION('ref_axis',(1.,7.17019037057469E-15,0.));
#6423=DIRECTION('',(1.,7.17019037057469E-15,0.));
#6424=DIRECTION('',(1.,7.17019037057469E-15,0.));
#6425=DIRECTION('',(0.,0.,1.));
#6426=DIRECTION('center_axis',(0.,0.,1.));
#6427=DIRECTION('ref_axis',(1.,0.,0.));
#6428=DIRECTION('center_axis',(0.,0.,1.));
#6429=DIRECTION('ref_axis',(1.,0.,0.));
#6430=DIRECTION('center_axis',(0.,0.,1.));
#6431=DIRECTION('ref_axis',(1.,0.,0.));
#6432=DIRECTION('',(0.,0.,1.));
#6433=DIRECTION('center_axis',(1.,-6.85852062392971E-15,0.));
#6434=DIRECTION('ref_axis',(6.85852062392971E-15,1.,0.));
#6435=DIRECTION('',(6.85852062392971E-15,1.,0.));
#6436=DIRECTION('',(6.85852062392971E-15,1.,0.));
#6437=DIRECTION('',(0.,0.,1.));
#6438=DIRECTION('center_axis',(0.,0.,1.));
#6439=DIRECTION('ref_axis',(1.37907703256041E-10,1.,0.));
#6440=DIRECTION('center_axis',(0.,0.,1.));
#6441=DIRECTION('ref_axis',(1.37907703256041E-10,1.,0.));
#6442=DIRECTION('center_axis',(0.,0.,1.));
#6443=DIRECTION('ref_axis',(1.37907703256041E-10,1.,0.));
#6444=DIRECTION('',(0.,0.,1.));
#6445=DIRECTION('center_axis',(-1.11022302515617E-14,1.,0.));
#6446=DIRECTION('ref_axis',(-1.,-1.11022302515617E-14,0.));
#6447=DIRECTION('',(-1.,-1.11022302515617E-14,0.));
#6448=DIRECTION('',(-1.,-1.11022302515617E-14,0.));
#6449=DIRECTION('',(0.,0.,1.));
#6450=DIRECTION('center_axis',(0.,0.,1.));
#6451=DIRECTION('ref_axis',(-1.,1.50030138454406E-15,0.));
#6452=DIRECTION('center_axis',(0.,0.,1.));
#6453=DIRECTION('ref_axis',(-1.,1.50030138454406E-15,0.));
#6454=DIRECTION('center_axis',(0.,0.,1.));
#6455=DIRECTION('ref_axis',(-1.,1.50030138454406E-15,0.));
#6456=DIRECTION('',(0.,0.,1.));
#6457=DIRECTION('center_axis',(-1.,1.39212918517504E-15,0.));
#6458=DIRECTION('ref_axis',(-1.39212918517504E-15,-1.,0.));
#6459=DIRECTION('',(-1.39212918517504E-15,-1.,0.));
#6460=DIRECTION('',(-1.39212918517504E-15,-1.,0.));
#6461=DIRECTION('center_axis',(0.,0.,1.));
#6462=DIRECTION('ref_axis',(-5.63393175923981E-11,-1.,0.));
#6463=DIRECTION('center_axis',(0.,0.,1.));
#6464=DIRECTION('ref_axis',(-5.63393175923981E-11,-1.,0.));
#6465=DIRECTION('',(0.,0.,1.));
#6466=DIRECTION('center_axis',(0.,0.,1.));
#6467=DIRECTION('ref_axis',(-5.63393175923981E-11,-1.,0.));
#6468=DIRECTION('',(0.,0.,1.));
#6469=DIRECTION('center_axis',(7.17019037057469E-15,-1.,0.));
#6470=DIRECTION('ref_axis',(1.,7.17019037057469E-15,0.));
#6471=DIRECTION('',(1.,7.17019037057469E-15,0.));
#6472=DIRECTION('',(1.,7.17019037057469E-15,0.));
#6473=DIRECTION('',(0.,0.,1.));
#6474=DIRECTION('center_axis',(0.,0.,1.));
#6475=DIRECTION('ref_axis',(1.,0.,0.));
#6476=DIRECTION('center_axis',(0.,0.,1.));
#6477=DIRECTION('ref_axis',(1.,0.,0.));
#6478=DIRECTION('center_axis',(0.,0.,1.));
#6479=DIRECTION('ref_axis',(1.,0.,0.));
#6480=DIRECTION('',(0.,0.,1.));
#6481=DIRECTION('center_axis',(1.,-6.85852062392971E-15,0.));
#6482=DIRECTION('ref_axis',(6.85852062392971E-15,1.,0.));
#6483=DIRECTION('',(6.85852062392971E-15,1.,0.));
#6484=DIRECTION('',(6.85852062392971E-15,1.,0.));
#6485=DIRECTION('',(0.,0.,1.));
#6486=DIRECTION('center_axis',(0.,0.,1.));
#6487=DIRECTION('ref_axis',(1.37907703256041E-10,1.,0.));
#6488=DIRECTION('center_axis',(0.,0.,1.));
#6489=DIRECTION('ref_axis',(1.37907703256041E-10,1.,0.));
#6490=DIRECTION('center_axis',(0.,0.,1.));
#6491=DIRECTION('ref_axis',(1.37907703256041E-10,1.,0.));
#6492=DIRECTION('',(0.,0.,1.));
#6493=DIRECTION('center_axis',(-1.11022302515617E-14,1.,0.));
#6494=DIRECTION('ref_axis',(-1.,-1.11022302515617E-14,0.));
#6495=DIRECTION('',(-1.,-1.11022302515617E-14,0.));
#6496=DIRECTION('',(-1.,-1.11022302515617E-14,0.));
#6497=DIRECTION('',(0.,0.,1.));
#6498=DIRECTION('center_axis',(0.,0.,1.));
#6499=DIRECTION('ref_axis',(-1.,1.50030138454406E-15,0.));
#6500=DIRECTION('center_axis',(0.,0.,1.));
#6501=DIRECTION('ref_axis',(-1.,1.50030138454406E-15,0.));
#6502=DIRECTION('center_axis',(0.,0.,1.));
#6503=DIRECTION('ref_axis',(-1.,1.50030138454406E-15,0.));
#6504=DIRECTION('',(0.,0.,1.));
#6505=DIRECTION('center_axis',(-1.,1.39212918517504E-15,0.));
#6506=DIRECTION('ref_axis',(-1.39212918517504E-15,-1.,0.));
#6507=DIRECTION('',(-1.39212918517504E-15,-1.,0.));
#6508=DIRECTION('',(-1.39212918517504E-15,-1.,0.));
#6509=DIRECTION('center_axis',(0.,0.,1.));
#6510=DIRECTION('ref_axis',(-5.63408178937827E-11,-1.,0.));
#6511=DIRECTION('center_axis',(0.,0.,1.));
#6512=DIRECTION('ref_axis',(-5.63408178937827E-11,-1.,0.));
#6513=DIRECTION('',(0.,0.,1.));
#6514=DIRECTION('center_axis',(0.,0.,1.));
#6515=DIRECTION('ref_axis',(-5.63408178937827E-11,-1.,0.));
#6516=DIRECTION('',(0.,0.,1.));
#6517=DIRECTION('center_axis',(7.17019037057469E-15,-1.,0.));
#6518=DIRECTION('ref_axis',(1.,7.17019037057469E-15,0.));
#6519=DIRECTION('',(1.,7.17019037057469E-15,0.));
#6520=DIRECTION('',(1.,7.17019037057469E-15,0.));
#6521=DIRECTION('',(0.,0.,1.));
#6522=DIRECTION('center_axis',(0.,0.,1.));
#6523=DIRECTION('ref_axis',(1.,0.,0.));
#6524=DIRECTION('center_axis',(0.,0.,1.));
#6525=DIRECTION('ref_axis',(1.,0.,0.));
#6526=DIRECTION('center_axis',(0.,0.,1.));
#6527=DIRECTION('ref_axis',(1.,0.,0.));
#6528=DIRECTION('',(0.,0.,1.));
#6529=DIRECTION('center_axis',(1.,-6.85852062392971E-15,0.));
#6530=DIRECTION('ref_axis',(6.85852062392971E-15,1.,0.));
#6531=DIRECTION('',(6.85852062392971E-15,1.,0.));
#6532=DIRECTION('',(6.85852062392971E-15,1.,0.));
#6533=DIRECTION('',(0.,0.,1.));
#6534=DIRECTION('center_axis',(0.,0.,1.));
#6535=DIRECTION('ref_axis',(1.37907703256041E-10,1.,0.));
#6536=DIRECTION('center_axis',(0.,0.,1.));
#6537=DIRECTION('ref_axis',(1.37907703256041E-10,1.,0.));
#6538=DIRECTION('center_axis',(0.,0.,1.));
#6539=DIRECTION('ref_axis',(1.37907703256041E-10,1.,0.));
#6540=DIRECTION('',(0.,0.,1.));
#6541=DIRECTION('center_axis',(-1.11022302515617E-14,1.,0.));
#6542=DIRECTION('ref_axis',(-1.,-1.11022302515617E-14,0.));
#6543=DIRECTION('',(-1.,-1.11022302515617E-14,0.));
#6544=DIRECTION('',(-1.,-1.11022302515617E-14,0.));
#6545=DIRECTION('',(0.,0.,1.));
#6546=DIRECTION('center_axis',(0.,0.,1.));
#6547=DIRECTION('ref_axis',(-1.,1.50030138454406E-15,0.));
#6548=DIRECTION('center_axis',(0.,0.,1.));
#6549=DIRECTION('ref_axis',(-1.,1.50030138454406E-15,0.));
#6550=DIRECTION('center_axis',(0.,0.,1.));
#6551=DIRECTION('ref_axis',(-1.,1.50030138454406E-15,0.));
#6552=DIRECTION('',(0.,0.,1.));
#6553=DIRECTION('center_axis',(-1.,1.39212918517504E-15,0.));
#6554=DIRECTION('ref_axis',(-1.39212918517504E-15,-1.,0.));
#6555=DIRECTION('',(-1.39212918517504E-15,-1.,0.));
#6556=DIRECTION('',(-1.39212918517504E-15,-1.,0.));
#6557=DIRECTION('center_axis',(0.,0.,1.));
#6558=DIRECTION('ref_axis',(-5.63393175923981E-11,-1.,0.));
#6559=DIRECTION('center_axis',(0.,0.,1.));
#6560=DIRECTION('ref_axis',(-5.63393175923981E-11,-1.,0.));
#6561=DIRECTION('',(0.,0.,1.));
#6562=DIRECTION('center_axis',(0.,0.,1.));
#6563=DIRECTION('ref_axis',(-5.63393175923981E-11,-1.,0.));
#6564=DIRECTION('',(0.,0.,1.));
#6565=DIRECTION('center_axis',(7.17019037057469E-15,-1.,0.));
#6566=DIRECTION('ref_axis',(1.,7.17019037057469E-15,0.));
#6567=DIRECTION('',(1.,7.17019037057469E-15,0.));
#6568=DIRECTION('',(1.,7.17019037057469E-15,0.));
#6569=DIRECTION('',(0.,0.,1.));
#6570=DIRECTION('center_axis',(0.,0.,1.));
#6571=DIRECTION('ref_axis',(1.,0.,0.));
#6572=DIRECTION('center_axis',(0.,0.,1.));
#6573=DIRECTION('ref_axis',(1.,0.,0.));
#6574=DIRECTION('center_axis',(0.,0.,1.));
#6575=DIRECTION('ref_axis',(1.,0.,0.));
#6576=DIRECTION('',(0.,0.,1.));
#6577=DIRECTION('center_axis',(1.,-6.85852062392971E-15,0.));
#6578=DIRECTION('ref_axis',(6.85852062392971E-15,1.,0.));
#6579=DIRECTION('',(6.85852062392971E-15,1.,0.));
#6580=DIRECTION('',(6.85852062392971E-15,1.,0.));
#6581=DIRECTION('',(0.,0.,1.));
#6582=DIRECTION('center_axis',(0.,0.,1.));
#6583=DIRECTION('ref_axis',(1.37907703256041E-10,1.,0.));
#6584=DIRECTION('center_axis',(0.,0.,1.));
#6585=DIRECTION('ref_axis',(1.37907703256041E-10,1.,0.));
#6586=DIRECTION('center_axis',(0.,0.,1.));
#6587=DIRECTION('ref_axis',(1.37907703256041E-10,1.,0.));
#6588=DIRECTION('',(0.,0.,1.));
#6589=DIRECTION('center_axis',(-1.11022302515617E-14,1.,0.));
#6590=DIRECTION('ref_axis',(-1.,-1.11022302515617E-14,0.));
#6591=DIRECTION('',(-1.,-1.11022302515617E-14,0.));
#6592=DIRECTION('',(-1.,-1.11022302515617E-14,0.));
#6593=DIRECTION('',(0.,0.,1.));
#6594=DIRECTION('center_axis',(0.,0.,1.));
#6595=DIRECTION('ref_axis',(-1.,1.50030138454406E-15,0.));
#6596=DIRECTION('center_axis',(0.,0.,1.));
#6597=DIRECTION('ref_axis',(-1.,1.50030138454406E-15,0.));
#6598=DIRECTION('center_axis',(0.,0.,1.));
#6599=DIRECTION('ref_axis',(-1.,1.50030138454406E-15,0.));
#6600=DIRECTION('',(0.,0.,1.));
#6601=DIRECTION('center_axis',(-1.,1.39212918517504E-15,0.));
#6602=DIRECTION('ref_axis',(-1.39212918517504E-15,-1.,0.));
#6603=DIRECTION('',(-1.39212918517504E-15,-1.,0.));
#6604=DIRECTION('',(-1.39212918517504E-15,-1.,0.));
#6605=DIRECTION('center_axis',(0.,0.,1.));
#6606=DIRECTION('ref_axis',(-5.63393175923981E-11,-1.,0.));
#6607=DIRECTION('center_axis',(0.,0.,1.));
#6608=DIRECTION('ref_axis',(-5.63393175923981E-11,-1.,0.));
#6609=DIRECTION('',(0.,0.,1.));
#6610=DIRECTION('center_axis',(0.,0.,1.));
#6611=DIRECTION('ref_axis',(-5.63393175923981E-11,-1.,0.));
#6612=DIRECTION('',(0.,0.,1.));
#6613=DIRECTION('center_axis',(7.17019037057469E-15,-1.,0.));
#6614=DIRECTION('ref_axis',(1.,7.17019037057469E-15,0.));
#6615=DIRECTION('',(1.,7.17019037057469E-15,0.));
#6616=DIRECTION('',(1.,7.17019037057469E-15,0.));
#6617=DIRECTION('',(0.,0.,1.));
#6618=DIRECTION('center_axis',(0.,0.,1.));
#6619=DIRECTION('ref_axis',(1.,0.,0.));
#6620=DIRECTION('center_axis',(0.,0.,1.));
#6621=DIRECTION('ref_axis',(1.,0.,0.));
#6622=DIRECTION('center_axis',(0.,0.,1.));
#6623=DIRECTION('ref_axis',(1.,0.,0.));
#6624=DIRECTION('',(0.,0.,1.));
#6625=DIRECTION('center_axis',(1.,-6.85852062392971E-15,0.));
#6626=DIRECTION('ref_axis',(6.85852062392971E-15,1.,0.));
#6627=DIRECTION('',(6.85852062392971E-15,1.,0.));
#6628=DIRECTION('',(6.85852062392971E-15,1.,0.));
#6629=DIRECTION('',(0.,0.,1.));
#6630=DIRECTION('center_axis',(0.,0.,1.));
#6631=DIRECTION('ref_axis',(1.37907703256041E-10,1.,0.));
#6632=DIRECTION('center_axis',(0.,0.,1.));
#6633=DIRECTION('ref_axis',(1.37907703256041E-10,1.,0.));
#6634=DIRECTION('center_axis',(0.,0.,1.));
#6635=DIRECTION('ref_axis',(1.37907703256041E-10,1.,0.));
#6636=DIRECTION('',(0.,0.,1.));
#6637=DIRECTION('center_axis',(-1.11022302515617E-14,1.,0.));
#6638=DIRECTION('ref_axis',(-1.,-1.11022302515617E-14,0.));
#6639=DIRECTION('',(-1.,-1.11022302515617E-14,0.));
#6640=DIRECTION('',(-1.,-1.11022302515617E-14,0.));
#6641=DIRECTION('',(0.,0.,1.));
#6642=DIRECTION('center_axis',(0.,0.,1.));
#6643=DIRECTION('ref_axis',(-1.,1.50030138454406E-15,0.));
#6644=DIRECTION('center_axis',(0.,0.,1.));
#6645=DIRECTION('ref_axis',(-1.,1.50030138454406E-15,0.));
#6646=DIRECTION('center_axis',(0.,0.,1.));
#6647=DIRECTION('ref_axis',(-1.,1.50030138454406E-15,0.));
#6648=DIRECTION('',(0.,0.,1.));
#6649=DIRECTION('center_axis',(-1.,1.39212918517504E-15,0.));
#6650=DIRECTION('ref_axis',(-1.39212918517504E-15,-1.,0.));
#6651=DIRECTION('',(-1.39212918517504E-15,-1.,0.));
#6652=DIRECTION('',(-1.39212918517504E-15,-1.,0.));
#6653=DIRECTION('center_axis',(-5.07009023343187E-15,0.70710678118655,-0.707106781186545));
#6654=DIRECTION('ref_axis',(-1.,0.,7.17019037057474E-15));
#6655=DIRECTION('',(-1.05635820620246E-10,0.707106781186533,0.707106781186562));
#6656=DIRECTION('',(-3.73053968183263E-11,-0.707106781186546,-0.707106781186549));
#6657=DIRECTION('center_axis',(0.,0.,-1.));
#6658=DIRECTION('ref_axis',(-5.63393175923981E-11,-1.,0.));
#6659=DIRECTION('',(-0.707106781186558,1.30841038223645E-15,-0.707106781186537));
#6660=DIRECTION('center_axis',(0.707106781186537,-9.84383987124962E-16,
-0.707106781186558));
#6661=DIRECTION('ref_axis',(-0.707106781186558,0.,-0.707106781186537));
#6662=DIRECTION('',(-0.707106781186548,2.61682076447294E-15,-0.707106781186548));
#6663=DIRECTION('center_axis',(0.,0.,-1.));
#6664=DIRECTION('ref_axis',(-1.,1.50030138454406E-15,0.));
#6665=DIRECTION('',(0.,0.70710678118733,-0.707106781185765));
#6666=DIRECTION('center_axis',(7.85046229717371E-15,-0.70710678118655,-0.707106781186545));
#6667=DIRECTION('ref_axis',(-1.,0.,-1.11022302515617E-14));
#6668=DIRECTION('',(9.13375119631644E-11,0.70710678118654,-0.707106781186555));
#6669=DIRECTION('center_axis',(0.,0.,-1.));
#6670=DIRECTION('ref_axis',(1.37907703256041E-10,1.,0.));
#6671=DIRECTION('',(0.707106781186537,-5.23364152894595E-15,-0.707106781186558));
#6672=DIRECTION('center_axis',(-0.707106781186548,4.84970644208849E-15,
-0.707106781186548));
#6673=DIRECTION('ref_axis',(-0.707106781186548,0.,0.707106781186548));
#6674=DIRECTION('',(0.707106781186537,0.,-0.707106781186558));
#6675=DIRECTION('center_axis',(0.,0.,-1.));
#6676=DIRECTION('ref_axis',(1.,0.,0.));
#6677=DIRECTION('center_axis',(0.707106781186553,-9.84383987124984E-16,
-0.707106781186542));
#6678=DIRECTION('ref_axis',(-0.707106781186542,0.,-0.707106781186553));
#6679=DIRECTION('',(0.707106781186548,-1.30841038223647E-15,0.707106781186548));
#6680=DIRECTION('',(-0.707106781186548,2.61682076447294E-15,-0.707106781186548));
#6681=DIRECTION('center_axis',(0.,0.,-1.));
#6682=DIRECTION('ref_axis',(-1.,1.50030138454406E-15,0.));
#6683=DIRECTION('',(0.,0.707106781186702,-0.707106781186393));
#6684=DIRECTION('center_axis',(7.85046229717371E-15,-0.70710678118655,-0.707106781186545));
#6685=DIRECTION('ref_axis',(-1.,0.,-1.11022302515617E-14));
#6686=DIRECTION('',(9.13479792462216E-11,0.707106781186545,-0.70710678118655));
#6687=DIRECTION('center_axis',(0.,0.,-1.));
#6688=DIRECTION('ref_axis',(1.37907703256041E-10,1.,0.));
#6689=DIRECTION('',(0.707106781186542,-5.23364152894591E-15,-0.707106781186553));
#6690=DIRECTION('center_axis',(-0.707106781186553,4.84970644208853E-15,
-0.707106781186542));
#6691=DIRECTION('ref_axis',(-0.707106781186542,0.,0.707106781186553));
#6692=DIRECTION('',(0.707106781186548,0.,-0.707106781186548));
#6693=DIRECTION('center_axis',(0.,0.,-1.));
#6694=DIRECTION('ref_axis',(1.,0.,0.));
#6695=DIRECTION('',(0.,-0.707106781186443,-0.707106781186652));
#6696=DIRECTION('center_axis',(-5.07009023343187E-15,0.70710678118655,-0.707106781186545));
#6697=DIRECTION('ref_axis',(-1.,0.,7.17019037057474E-15));
#6698=DIRECTION('',(-3.73158641013842E-11,-0.707106781186545,-0.70710678118655));
#6699=DIRECTION('center_axis',(0.,0.,-1.));
#6700=DIRECTION('ref_axis',(-5.63408178937827E-11,-1.,0.));
#6701=DIRECTION('center_axis',(0.707106781186553,-9.84383987124984E-16,
-0.707106781186542));
#6702=DIRECTION('ref_axis',(-0.707106781186542,0.,-0.707106781186553));
#6703=DIRECTION('',(0.707106781186548,-1.30841038223647E-15,0.707106781186548));
#6704=DIRECTION('',(-0.707106781186548,2.61682076447294E-15,-0.707106781186548));
#6705=DIRECTION('center_axis',(0.,0.,-1.));
#6706=DIRECTION('ref_axis',(-1.,1.50030138454406E-15,0.));
#6707=DIRECTION('',(0.,0.707106781186859,-0.707106781186236));
#6708=DIRECTION('center_axis',(7.85046229717371E-15,-0.70710678118655,-0.707106781186545));
#6709=DIRECTION('ref_axis',(-1.,0.,-1.11022302515617E-14));
#6710=DIRECTION('',(9.13479792462216E-11,0.707106781186545,-0.70710678118655));
#6711=DIRECTION('center_axis',(0.,0.,-1.));
#6712=DIRECTION('ref_axis',(1.37907703256041E-10,1.,0.));
#6713=DIRECTION('',(0.707106781186542,-5.23364152894591E-15,-0.707106781186553));
#6714=DIRECTION('center_axis',(-0.707106781186553,4.84970644208853E-15,
-0.707106781186542));
#6715=DIRECTION('ref_axis',(-0.707106781186542,0.,0.707106781186553));
#6716=DIRECTION('',(0.707106781186548,0.,-0.707106781186548));
#6717=DIRECTION('center_axis',(0.,0.,-1.));
#6718=DIRECTION('ref_axis',(1.,0.,0.));
#6719=DIRECTION('',(0.,-0.707106781186342,-0.707106781186753));
#6720=DIRECTION('center_axis',(-5.07009023343187E-15,0.70710678118655,-0.707106781186545));
#6721=DIRECTION('ref_axis',(-1.,0.,7.17019037057474E-15));
#6722=DIRECTION('',(-3.73158641013842E-11,-0.707106781186546,-0.707106781186549));
#6723=DIRECTION('center_axis',(0.,0.,-1.));
#6724=DIRECTION('ref_axis',(-5.63393175923981E-11,-1.,0.));
#6725=DIRECTION('center_axis',(-0.707106781186537,4.84970644208842E-15,
-0.707106781186558));
#6726=DIRECTION('ref_axis',(-0.707106781186558,0.,0.707106781186537));
#6727=DIRECTION('',(-0.707106781186537,2.61682076447298E-15,0.707106781186558));
#6728=DIRECTION('',(0.707106781186537,0.,-0.707106781186558));
#6729=DIRECTION('center_axis',(0.,0.,-1.));
#6730=DIRECTION('ref_axis',(1.,0.,0.));
#6731=DIRECTION('',(0.,-0.707106781186139,-0.707106781186956));
#6732=DIRECTION('center_axis',(-5.07009023343187E-15,0.70710678118655,-0.707106781186545));
#6733=DIRECTION('ref_axis',(-1.,0.,7.17019037057474E-15));
#6734=DIRECTION('',(-3.73053968183263E-11,-0.707106781186546,-0.707106781186549));
#6735=DIRECTION('center_axis',(0.,0.,-1.));
#6736=DIRECTION('ref_axis',(-5.63393175923981E-11,-1.,0.));
#6737=DIRECTION('',(-0.707106781186548,1.30841038223647E-15,-0.707106781186548));
#6738=DIRECTION('center_axis',(0.707106781186548,-9.84383987124977E-16,
-0.707106781186548));
#6739=DIRECTION('ref_axis',(-0.707106781186548,0.,-0.707106781186548));
#6740=DIRECTION('',(-0.707106781186548,2.61682076447294E-15,-0.707106781186548));
#6741=DIRECTION('center_axis',(0.,0.,-1.));
#6742=DIRECTION('ref_axis',(-1.,1.50030138454406E-15,0.));
#6743=DIRECTION('',(0.,0.707106781187173,-0.707106781185922));
#6744=DIRECTION('center_axis',(7.85046229717371E-15,-0.70710678118655,-0.707106781186545));
#6745=DIRECTION('ref_axis',(-1.,0.,-1.11022302515617E-14));
#6746=DIRECTION('',(9.13375119631644E-11,0.70710678118654,-0.707106781186555));
#6747=DIRECTION('center_axis',(0.,0.,-1.));
#6748=DIRECTION('ref_axis',(1.37907703256041E-10,1.,0.));
#6749=DIRECTION('center_axis',(0.707106781186548,-9.84383987124977E-16,
-0.707106781186548));
#6750=DIRECTION('ref_axis',(-0.707106781186548,0.,-0.707106781186548));
#6751=DIRECTION('',(0.707106781186545,-1.30841038223647E-15,0.70710678118655));
#6752=DIRECTION('',(-0.707106781186545,2.61682076447295E-15,-0.70710678118655));
#6753=DIRECTION('center_axis',(0.,0.,-1.));
#6754=DIRECTION('ref_axis',(-1.,1.50030138454406E-15,0.));
#6755=DIRECTION('',(0.,0.707106781186545,-0.70710678118655));
#6756=DIRECTION('center_axis',(7.85046229717371E-15,-0.70710678118655,-0.707106781186545));
#6757=DIRECTION('ref_axis',(-1.,0.,-1.11022302515617E-14));
#6758=DIRECTION('',(9.1347979246222E-11,0.707106781186542,-0.707106781186553));
#6759=DIRECTION('center_axis',(0.,0.,-1.));
#6760=DIRECTION('ref_axis',(1.37909203557425E-10,1.,0.));
#6761=DIRECTION('',(0.707106781186545,-5.23364152894589E-15,-0.70710678118655));
#6762=DIRECTION('center_axis',(-0.707106781186553,4.84970644208853E-15,
-0.707106781186542));
#6763=DIRECTION('ref_axis',(-0.707106781186542,0.,0.707106781186553));
#6764=DIRECTION('',(0.707106781186545,0.,-0.70710678118655));
#6765=DIRECTION('center_axis',(0.,0.,-1.));
#6766=DIRECTION('ref_axis',(1.,0.,0.));
#6767=DIRECTION('',(0.,-0.707106781186545,-0.70710678118655));
#6768=DIRECTION('center_axis',(-5.07009023343187E-15,0.70710678118655,-0.707106781186545));
#6769=DIRECTION('ref_axis',(-1.,0.,7.17019037057474E-15));
#6770=DIRECTION('',(-3.73158641013842E-11,-0.707106781186545,-0.70710678118655));
#6771=DIRECTION('center_axis',(0.,0.,-1.));
#6772=DIRECTION('ref_axis',(-5.63408178937827E-11,-1.,0.));
#6773=DIRECTION('center_axis',(0.707106781186537,-9.84383987124962E-16,
-0.707106781186558));
#6774=DIRECTION('ref_axis',(-0.707106781186558,0.,-0.707106781186537));
#6775=DIRECTION('',(0.707106781186548,-1.30841038223647E-15,0.707106781186548));
#6776=DIRECTION('',(-0.707106781186548,2.61682076447294E-15,-0.707106781186548));
#6777=DIRECTION('center_axis',(0.,0.,-1.));
#6778=DIRECTION('ref_axis',(-1.,1.50030138454406E-15,0.));
#6779=DIRECTION('',(0.,0.707106781187016,-0.707106781186079));
#6780=DIRECTION('center_axis',(7.85046229717371E-15,-0.70710678118655,-0.707106781186545));
#6781=DIRECTION('ref_axis',(-1.,0.,-1.11022302515617E-14));
#6782=DIRECTION('',(9.13375119631644E-11,0.70710678118654,-0.707106781186555));
#6783=DIRECTION('center_axis',(0.,0.,-1.));
#6784=DIRECTION('ref_axis',(1.37907703256041E-10,1.,0.));
#6785=DIRECTION('',(0.707106781186558,-5.2336415289458E-15,-0.707106781186537));
#6786=DIRECTION('center_axis',(-0.707106781186527,4.84970644208835E-15,
-0.707106781186568));
#6787=DIRECTION('ref_axis',(-0.707106781186568,0.,0.707106781186527));
#6788=DIRECTION('',(0.707106781186537,0.,-0.707106781186558));
#6789=DIRECTION('center_axis',(0.,0.,-1.));
#6790=DIRECTION('ref_axis',(1.,0.,0.));
#6791=DIRECTION('',(0.,-0.70710678118624,-0.707106781186855));
#6792=DIRECTION('center_axis',(-5.07009023343187E-15,0.70710678118655,-0.707106781186545));
#6793=DIRECTION('ref_axis',(-1.,0.,7.17019037057474E-15));
#6794=DIRECTION('',(-3.73053968183263E-11,-0.707106781186546,-0.707106781186549));
#6795=DIRECTION('center_axis',(0.,0.,-1.));
#6796=DIRECTION('ref_axis',(-5.63393175923981E-11,-1.,0.));
#6797=DIRECTION('center_axis',(-0.707106781186545,0.,-0.70710678118655));
#6798=DIRECTION('ref_axis',(-0.70710678118655,0.,0.707106781186545));
#6799=DIRECTION('',(-0.577350269189629,0.577350269189624,0.577350269189624));
#6800=DIRECTION('',(0.,-1.,0.));
#6801=DIRECTION('',(-0.70710678118655,0.,0.707106781186545));
#6802=DIRECTION('',(0.,1.,0.));
#6803=DIRECTION('center_axis',(0.,1.,0.));
#6804=DIRECTION('ref_axis',(-1.,0.,0.));
#6805=DIRECTION('',(1.,0.,0.));
#6806=DIRECTION('',(0.,0.,-1.));
#6807=DIRECTION('',(0.70710678118654,0.,0.707106781186555));
#6808=DIRECTION('',(-1.,0.,0.));
#6809=DIRECTION('center_axis',(0.,-1.,0.));
#6810=DIRECTION('ref_axis',(-1.,0.,0.));
#6811=DIRECTION('center_axis',(-0.707106781186555,0.,0.70710678118654));
#6812=DIRECTION('ref_axis',(0.70710678118654,0.,0.707106781186555));
#6813=DIRECTION('',(0.577350269189623,-0.577350269189619,0.577350269189636));
#6814=DIRECTION('',(0.,-1.,0.));
#6815=DIRECTION('',(0.,1.,0.));
#6816=DIRECTION('center_axis',(0.,0.,1.));
#6817=DIRECTION('ref_axis',(1.,0.,0.));
#6818=DIRECTION('',(-1.,0.,0.));
#6819=DIRECTION('',(0.,1.,0.));
#6820=DIRECTION('center_axis',(0.,1.,0.));
#6821=DIRECTION('ref_axis',(-1.,0.,0.));
#6822=DIRECTION('center_axis',(0.,-1.,0.));
#6823=DIRECTION('ref_axis',(-1.,0.,0.));
#6824=DIRECTION('',(0.,1.,0.));
#6825=DIRECTION('center_axis',(0.,0.,-1.));
#6826=DIRECTION('ref_axis',(-1.,0.,0.));
#6827=DIRECTION('',(1.,0.,0.));
#6828=DIRECTION('center_axis',(-0.5,-0.707106781186549,0.499999999999998));
#6829=DIRECTION('ref_axis',(0.707106781186546,0.,0.707106781186548));
#6830=DIRECTION('',(-0.281084637714829,0.678598344545848,0.678598344545842));
#6831=DIRECTION('',(0.707106781186547,0.,0.707106781186549));
#6832=DIRECTION('',(0.678598344545836,-0.678598344545851,-0.281084637714839));
#6833=DIRECTION('',(-0.707106781186547,0.,-0.707106781186549));
#6834=DIRECTION('center_axis',(0.500000000000001,-0.707106781186547,0.5));
#6835=DIRECTION('ref_axis',(0.707106781186547,0.,-0.707106781186548));
#6836=DIRECTION('',(-0.707106781186547,0.,0.707106781186549));
#6837=DIRECTION('',(-0.678598344545848,-0.678598344545847,-0.281084637714818));
#6838=DIRECTION('',(0.707106781186547,0.,-0.707106781186549));
#6839=DIRECTION('',(0.281084637714825,0.678598344545849,0.678598344545844));
#6840=DIRECTION('center_axis',(0.,0.,-1.));
#6841=DIRECTION('ref_axis',(-1.,0.,0.));
#6842=DIRECTION('',(1.,0.,0.));
#6843=DIRECTION('',(0.,1.,0.));
#6844=DIRECTION('center_axis',(0.,1.,0.));
#6845=DIRECTION('ref_axis',(1.,0.,-1.22464679914735E-16));
#6846=DIRECTION('center_axis',(0.,-1.,0.));
#6847=DIRECTION('ref_axis',(-1.,0.,0.));
#6848=DIRECTION('',(0.,1.,0.));
#6849=DIRECTION('center_axis',(0.,0.,1.));
#6850=DIRECTION('ref_axis',(1.,0.,0.));
#6851=DIRECTION('',(-1.,0.,0.));
#6852=DIRECTION('center_axis',(-1.,0.,0.));
#6853=DIRECTION('ref_axis',(0.,0.,1.));
#6854=DIRECTION('',(0.,1.,0.));
#6855=DIRECTION('',(0.,0.,-1.));
#6856=DIRECTION('',(0.,1.,0.));
#6857=DIRECTION('center_axis',(0.,1.,0.));
#6858=DIRECTION('ref_axis',(-1.,0.,0.));
#6859=DIRECTION('center_axis',(0.,-1.,0.));
#6860=DIRECTION('ref_axis',(-1.,0.,0.));
#6861=DIRECTION('',(0.,1.,0.));
#6862=DIRECTION('center_axis',(1.,0.,0.));
#6863=DIRECTION('ref_axis',(0.,0.,-1.));
#6864=DIRECTION('',(0.,0.,1.));
#6865=DIRECTION('',(0.,-1.,0.));
#6866=DIRECTION('center_axis',(-0.707106781186549,0.,-0.707106781186547));
#6867=DIRECTION('ref_axis',(-0.707106781186547,0.,0.707106781186549));
#6868=DIRECTION('',(0.,1.,0.));
#6869=DIRECTION('',(0.,-1.,0.));
#6870=DIRECTION('center_axis',(0.707106781186549,0.,-0.707106781186547));
#6871=DIRECTION('ref_axis',(-0.707106781186547,0.,-0.707106781186549));
#6872=DIRECTION('',(0.,-1.,0.));
#6873=DIRECTION('',(0.,-1.,0.));
#6874=DIRECTION('center_axis',(-0.500000000000007,-0.707106781186538,-0.500000000000006));
#6875=DIRECTION('ref_axis',(-0.707106781186547,0.,0.707106781186548));
#6876=DIRECTION('',(0.707106781186547,0.,-0.707106781186548));
#6877=DIRECTION('',(0.,-0.577350269189636,0.816496580927719));
#6878=DIRECTION('',(0.707106781186547,-1.45956534130724E-16,-0.707106781186548));
#6879=DIRECTION('',(-0.816496580927718,0.577350269189637,4.30744238969412E-17));
#6880=DIRECTION('center_axis',(5.27551797559265E-17,0.,1.));
#6881=DIRECTION('ref_axis',(1.,0.,-5.27551797559265E-17));
#6882=DIRECTION('',(-1.,1.0889392379603E-32,5.27551797559265E-17));
#6883=DIRECTION('',(-0.816496580927722,-0.577350269189631,4.30744238969414E-17));
#6884=DIRECTION('',(-1.,0.,5.27551797559265E-17));
#6885=DIRECTION('',(-1.,0.,5.27551797559265E-17));
#6886=DIRECTION('center_axis',(0.500000000000003,-0.707106781186543,-0.500000000000004));
#6887=DIRECTION('ref_axis',(-0.707106781186548,0.,-0.707106781186547));
#6888=DIRECTION('',(0.707106781186548,0.,0.707106781186547));
#6889=DIRECTION('',(-0.707106781186548,0.,-0.707106781186547));
#6890=DIRECTION('',(-0.678598344545851,-0.678598344545849,0.281084637714804));
#6891=DIRECTION('center_axis',(0.,0.573576436351046,-0.819152044288992));
#6892=DIRECTION('ref_axis',(0.,0.819152044288992,0.573576436351046));
#6893=DIRECTION('',(0.,-0.819152044288992,-0.573576436351046));
#6894=DIRECTION('',(1.,0.,0.));
#6895=DIRECTION('center_axis',(5.27551797559265E-17,0.,1.));
#6896=DIRECTION('ref_axis',(1.,0.,-5.27551797559265E-17));
#6897=DIRECTION('',(1.,-1.0889392379603E-32,-5.27551797559265E-17));
#6898=DIRECTION('',(0.,1.,0.));
#6899=DIRECTION('',(1.,0.,-5.27551797559265E-17));
#6900=DIRECTION('',(0.,1.,0.));
#6901=DIRECTION('center_axis',(-0.707106781186547,0.,0.707106781186548));
#6902=DIRECTION('ref_axis',(0.707106781186548,0.,0.707106781186547));
#6903=DIRECTION('',(0.707106781186548,1.45956534130724E-16,0.707106781186547));
#6904=DIRECTION('',(0.707106781186548,0.,0.707106781186547));
#6905=DIRECTION('center_axis',(0.707106781186547,-0.707106781186548,0.));
#6906=DIRECTION('ref_axis',(0.,0.,-1.));
#6907=DIRECTION('',(0.707106781186548,0.707106781186547,0.));
#6908=DIRECTION('',(0.,0.,1.));
#6909=DIRECTION('',(0.,0.,-1.));
#6910=DIRECTION('center_axis',(0.,-1.,0.));
#6911=DIRECTION('ref_axis',(0.,0.,-1.));
#6912=DIRECTION('',(-1.,0.,0.));
#6913=DIRECTION('',(0.,0.,1.));
#6914=DIRECTION('',(1.,0.,0.));
#6915=DIRECTION('center_axis',(0.707106781186547,-0.707106781186548,0.));
#6916=DIRECTION('ref_axis',(0.,0.,-1.));
#6917=DIRECTION('',(-0.707106781186548,-0.707106781186547,0.));
#6918=DIRECTION('',(0.,0.,-1.));
#6919=DIRECTION('',(0.707106781186548,0.707106781186547,0.));
#6920=DIRECTION('',(0.,0.,1.));
#6921=DIRECTION('center_axis',(0.,-1.,0.));
#6922=DIRECTION('ref_axis',(0.,0.,-1.));
#6923=DIRECTION('',(-1.,0.,0.));
#6924=DIRECTION('',(0.,0.,1.));
#6925=DIRECTION('',(1.,0.,0.));
#6926=DIRECTION('center_axis',(0.707106781186547,-0.707106781186548,0.));
#6927=DIRECTION('ref_axis',(0.,0.,-1.));
#6928=DIRECTION('',(0.707106781186548,0.707106781186547,0.));
#6929=DIRECTION('',(0.,0.,1.));
#6930=DIRECTION('',(-0.707106781186548,-0.707106781186547,0.));
#6931=DIRECTION('',(0.,0.,-1.));
#6932=DIRECTION('center_axis',(0.707106781186547,-0.707106781186548,0.));
#6933=DIRECTION('ref_axis',(0.,0.,-1.));
#6934=DIRECTION('',(0.,0.,1.));
#6935=DIRECTION('',(-0.707106781186548,-0.707106781186547,0.));
#6936=DIRECTION('',(0.,0.,-1.));
#6937=DIRECTION('center_axis',(0.,-1.,0.));
#6938=DIRECTION('ref_axis',(0.,0.,-1.));
#6939=DIRECTION('',(-1.,0.,0.));
#6940=DIRECTION('',(0.,0.,1.));
#6941=DIRECTION('',(1.,0.,0.));
#6942=DIRECTION('center_axis',(0.707106781186547,-0.707106781186548,0.));
#6943=DIRECTION('ref_axis',(0.,0.,-1.));
#6944=DIRECTION('',(0.,0.,-1.));
#6945=DIRECTION('',(0.707106781186548,0.707106781186547,0.));
#6946=DIRECTION('',(0.,0.,1.));
#6947=DIRECTION('center_axis',(0.,-1.,0.));
#6948=DIRECTION('ref_axis',(0.,0.,-1.));
#6949=DIRECTION('',(-1.,0.,0.));
#6950=DIRECTION('',(0.,0.,1.));
#6951=DIRECTION('',(1.,0.,0.));
#6952=DIRECTION('center_axis',(0.707106781186547,-0.707106781186548,0.));
#6953=DIRECTION('ref_axis',(0.,0.,-1.));
#6954=DIRECTION('',(0.707106781186548,0.707106781186547,0.));
#6955=DIRECTION('',(0.,0.,1.));
#6956=DIRECTION('',(-0.707106781186548,-0.707106781186547,0.));
#6957=DIRECTION('',(0.,0.,-1.));
#6958=DIRECTION('center_axis',(0.,-1.,0.));
#6959=DIRECTION('ref_axis',(0.,0.,-1.));
#6960=DIRECTION('',(-1.,0.,0.));
#6961=DIRECTION('',(0.,0.,1.));
#6962=DIRECTION('',(1.,0.,0.));
#6963=DIRECTION('center_axis',(0.707106781186547,-0.707106781186548,0.));
#6964=DIRECTION('ref_axis',(0.,0.,-1.));
#6965=DIRECTION('',(0.707106781186548,0.707106781186547,0.));
#6966=DIRECTION('',(0.,0.,1.));
#6967=DIRECTION('',(-0.707106781186548,-0.707106781186547,0.));
#6968=DIRECTION('',(0.,0.,-1.));
#6969=DIRECTION('center_axis',(0.707106781186547,-0.707106781186548,0.));
#6970=DIRECTION('ref_axis',(0.,0.,-1.));
#6971=DIRECTION('',(0.,0.,-1.));
#6972=DIRECTION('',(0.,0.,1.));
#6973=DIRECTION('center_axis',(-1.,0.,0.));
#6974=DIRECTION('ref_axis',(0.,0.,1.));
#6975=DIRECTION('',(0.,-1.,0.));
#6976=DIRECTION('',(0.,1.,0.));
#6977=DIRECTION('',(0.,-1.,0.));
#6978=DIRECTION('',(0.,1.,0.));
#6979=DIRECTION('',(0.,-1.,0.));
#6980=DIRECTION('',(0.,1.,0.));
#6981=DIRECTION('',(0.,0.,1.));
#6982=DIRECTION('',(0.,1.,0.));
#6983=DIRECTION('',(0.,-1.,0.));
#6984=DIRECTION('',(0.,1.,0.));
#6985=DIRECTION('',(0.,-1.,0.));
#6986=DIRECTION('',(0.,1.,0.));
#6987=DIRECTION('center_axis',(0.,-1.,0.));
#6988=DIRECTION('ref_axis',(0.,0.,-1.));
#6989=DIRECTION('',(-1.,0.,0.));
#6990=DIRECTION('center_axis',(0.,-0.707106781186545,0.70710678118655));
#6991=DIRECTION('ref_axis',(1.,0.,0.));
#6992=DIRECTION('',(-1.,0.,0.));
#6993=DIRECTION('',(1.,0.,0.));
#6994=DIRECTION('center_axis',(0.,-1.,0.));
#6995=DIRECTION('ref_axis',(0.,0.,-1.));
#6996=DIRECTION('',(1.,0.,0.));
#6997=DIRECTION('',(0.,0.,-1.));
#6998=DIRECTION('center_axis',(0.,-0.707106781186545,0.70710678118655));
#6999=DIRECTION('ref_axis',(1.,0.,0.));
#7000=DIRECTION('',(1.,0.,0.));
#7001=DIRECTION('',(0.,0.70710678118655,0.707106781186545));
#7002=DIRECTION('',(1.,0.,0.));
#7003=DIRECTION('',(0.,0.70710678118655,0.707106781186545));
#7004=DIRECTION('center_axis',(0.,-1.,0.));
#7005=DIRECTION('ref_axis',(0.,0.,-1.));
#7006=DIRECTION('',(1.,0.,0.));
#7007=DIRECTION('',(0.,0.,1.));
#7008=DIRECTION('',(0.,0.,-1.));
#7009=DIRECTION('center_axis',(0.,-0.707106781186545,0.70710678118655));
#7010=DIRECTION('ref_axis',(1.,0.,0.));
#7011=DIRECTION('',(0.,0.70710678118655,0.707106781186545));
#7012=DIRECTION('',(-1.,0.,0.));
#7013=DIRECTION('',(0.,-0.70710678118655,-0.707106781186545));
#7014=DIRECTION('',(1.,0.,0.));
#7015=DIRECTION('center_axis',(0.,-1.,0.));
#7016=DIRECTION('ref_axis',(0.,0.,-1.));
#7017=DIRECTION('',(1.,0.,0.));
#7018=DIRECTION('',(0.,0.,1.));
#7019=DIRECTION('',(0.,0.,-1.));
#7020=DIRECTION('center_axis',(0.,-0.707106781186545,0.70710678118655));
#7021=DIRECTION('ref_axis',(1.,0.,0.));
#7022=DIRECTION('',(0.,0.70710678118655,0.707106781186545));
#7023=DIRECTION('',(-1.,0.,0.));
#7024=DIRECTION('',(0.,-0.70710678118655,-0.707106781186545));
#7025=DIRECTION('',(1.,0.,0.));
#7026=DIRECTION('center_axis',(0.,-1.,0.));
#7027=DIRECTION('ref_axis',(0.,0.,-1.));
#7028=DIRECTION('',(1.,0.,0.));
#7029=DIRECTION('',(0.,0.,1.));
#7030=DIRECTION('',(0.,0.,-1.));
#7031=DIRECTION('center_axis',(0.,-0.707106781186545,0.70710678118655));
#7032=DIRECTION('ref_axis',(1.,0.,0.));
#7033=DIRECTION('',(0.,-0.70710678118655,-0.707106781186545));
#7034=DIRECTION('',(1.,0.,0.));
#7035=DIRECTION('',(0.,0.70710678118655,0.707106781186545));
#7036=DIRECTION('',(-1.,0.,0.));
#7037=DIRECTION('center_axis',(0.,-1.,0.));
#7038=DIRECTION('ref_axis',(0.,0.,-1.));
#7039=DIRECTION('',(1.,0.,0.));
#7040=DIRECTION('',(0.,0.,1.));
#7041=DIRECTION('',(0.,0.,-1.));
#7042=DIRECTION('center_axis',(0.,-0.707106781186545,0.70710678118655));
#7043=DIRECTION('ref_axis',(1.,0.,0.));
#7044=DIRECTION('',(2.85471356124323E-15,-0.70710678118655,-0.707106781186545));
#7045=DIRECTION('',(1.,0.,0.));
#7046=DIRECTION('',(0.,0.70710678118655,0.707106781186545));
#7047=DIRECTION('',(-1.,0.,0.));
#7048=DIRECTION('center_axis',(0.,-0.707106781186545,0.70710678118655));
#7049=DIRECTION('ref_axis',(1.,0.,0.));
#7050=DIRECTION('',(1.,0.,0.));
#7051=DIRECTION('',(-1.,0.,0.));
#7052=DIRECTION('center_axis',(0.,0.,-1.));
#7053=DIRECTION('ref_axis',(-1.,0.,0.));
#7054=DIRECTION('',(0.,1.,0.));
#7055=DIRECTION('',(1.,0.,0.));
#7056=DIRECTION('',(0.,-1.,0.));
#7057=DIRECTION('',(0.,-1.,0.));
#7058=DIRECTION('',(0.,-1.,0.));
#7059=DIRECTION('',(0.,-1.,0.));
#7060=DIRECTION('',(0.,-1.,0.));
#7061=DIRECTION('',(0.,-1.,0.));
#7062=DIRECTION('',(0.,-1.,0.));
#7063=DIRECTION('',(0.,-1.,0.));
#7064=DIRECTION('',(0.,-1.,0.));
#7065=DIRECTION('center_axis',(0.,-1.,0.));
#7066=DIRECTION('ref_axis',(0.,0.,-1.));
#7067=DIRECTION('',(0.,0.,-1.));
#7068=DIRECTION('center_axis',(-0.707106781186555,-0.70710678118654,0.));
#7069=DIRECTION('ref_axis',(0.,0.,1.));
#7070=DIRECTION('',(-0.70710678118654,0.707106781186555,0.));
#7071=DIRECTION('',(0.,0.,-1.));
#7072=DIRECTION('',(0.,0.,1.));
#7073=DIRECTION('center_axis',(-0.707106781186555,-0.70710678118654,0.));
#7074=DIRECTION('ref_axis',(0.,0.,1.));
#7075=DIRECTION('',(-0.70710678118654,0.707106781186555,0.));
#7076=DIRECTION('',(0.,0.,-1.));
#7077=DIRECTION('',(0.70710678118654,-0.707106781186555,0.));
#7078=DIRECTION('',(0.,0.,1.));
#7079=DIRECTION('center_axis',(-0.707106781186555,-0.70710678118654,0.));
#7080=DIRECTION('ref_axis',(0.,0.,1.));
#7081=DIRECTION('',(-0.70710678118654,0.707106781186555,0.));
#7082=DIRECTION('',(0.,0.,-1.));
#7083=DIRECTION('',(0.70710678118654,-0.707106781186555,0.));
#7084=DIRECTION('',(0.,0.,1.));
#7085=DIRECTION('center_axis',(-0.707106781186545,-0.70710678118655,0.));
#7086=DIRECTION('ref_axis',(0.,0.,1.));
#7087=DIRECTION('',(0.,0.,-1.));
#7088=DIRECTION('',(0.70710678118654,-0.707106781186555,0.));
#7089=DIRECTION('',(0.,0.,1.));
#7090=DIRECTION('center_axis',(-0.707106781186545,-0.70710678118655,0.));
#7091=DIRECTION('ref_axis',(0.,0.,1.));
#7092=DIRECTION('',(0.,0.,1.));
#7093=DIRECTION('',(-0.70710678118655,0.707106781186545,0.));
#7094=DIRECTION('',(0.,0.,-1.));
#7095=DIRECTION('center_axis',(-0.707106781186545,-0.70710678118655,0.));
#7096=DIRECTION('ref_axis',(0.,0.,1.));
#7097=DIRECTION('',(-0.70710678118655,0.707106781186545,0.));
#7098=DIRECTION('',(0.,0.,-1.));
#7099=DIRECTION('',(0.70710678118655,-0.707106781186545,0.));
#7100=DIRECTION('',(0.,0.,1.));
#7101=DIRECTION('center_axis',(1.,0.,0.));
#7102=DIRECTION('ref_axis',(0.,0.,-1.));
#7103=DIRECTION('',(0.,0.,1.));
#7104=DIRECTION('',(0.,0.,-1.));
#7105=DIRECTION('',(0.,1.,0.));
#7106=DIRECTION('',(0.,0.,1.));
#7107=DIRECTION('',(0.,-1.,0.));
#7108=DIRECTION('',(0.,0.,-1.));
#7109=DIRECTION('',(0.,1.,0.));
#7110=DIRECTION('',(0.,-1.,0.));
#7111=DIRECTION('',(0.,0.,-1.));
#7112=DIRECTION('',(0.,1.,0.));
#7113=DIRECTION('',(0.,-1.,0.));
#7114=DIRECTION('',(0.,0.,-1.));
#7115=DIRECTION('',(0.,1.,0.));
#7116=DIRECTION('',(0.,-1.,0.));
#7117=DIRECTION('',(0.,0.,-1.));
#7118=DIRECTION('',(0.,1.,0.));
#7119=DIRECTION('',(0.,-1.,0.));
#7120=DIRECTION('',(0.,0.,-1.));
#7121=DIRECTION('',(0.,1.,0.));
#7122=DIRECTION('',(0.,0.819152044288992,0.573576436351046));
#7123=DIRECTION('center_axis',(-0.707106781186545,-0.70710678118655,0.));
#7124=DIRECTION('ref_axis',(0.,0.,1.));
#7125=DIRECTION('',(0.70710678118655,-0.707106781186545,0.));
#7126=DIRECTION('',(-0.70710678118655,0.707106781186545,0.));
#7127=DIRECTION('',(0.,0.,-1.));
#7128=DIRECTION('center_axis',(0.,1.,0.));
#7129=DIRECTION('ref_axis',(0.,0.,1.));
#7130=DIRECTION('',(1.,0.,0.));
#7131=DIRECTION('',(0.,0.,-1.));
#7132=DIRECTION('',(-1.,0.,0.));
#7133=DIRECTION('',(1.,0.,0.));
#7134=DIRECTION('',(0.,0.,-1.));
#7135=DIRECTION('',(-1.,0.,0.));
#7136=DIRECTION('',(1.,0.,0.));
#7137=DIRECTION('',(0.,0.,-1.));
#7138=DIRECTION('',(-1.,0.,0.));
#7139=DIRECTION('',(1.,0.,0.));
#7140=DIRECTION('',(0.,0.,-1.));
#7141=DIRECTION('',(-1.,0.,0.));
#7142=DIRECTION('',(1.,0.,0.));
#7143=DIRECTION('',(0.,0.,-1.));
#7144=DIRECTION('',(-1.,0.,0.));
#7145=DIRECTION('',(1.,0.,0.));
#7146=DIRECTION('',(0.,0.,-1.));
#7147=DIRECTION('',(1.,0.,0.));
#7148=DIRECTION('',(0.,0.,1.));
#7149=DIRECTION('',(0.,0.,1.));
#7150=DIRECTION('',(1.,0.,0.));
#7151=DIRECTION('',(0.,0.,-1.));
#7152=DIRECTION('',(0.,0.,1.));
#7153=DIRECTION('',(1.,0.,0.));
#7154=DIRECTION('',(0.,0.,-1.));
#7155=DIRECTION('',(0.,0.,1.));
#7156=DIRECTION('',(1.,0.,0.));
#7157=DIRECTION('',(0.,0.,-1.));
#7158=DIRECTION('',(0.,0.,1.));
#7159=DIRECTION('',(1.,0.,0.));
#7160=DIRECTION('',(0.,0.,-1.));
#7161=DIRECTION('',(0.,0.,1.));
#7162=DIRECTION('',(1.,0.,0.));
#7163=DIRECTION('',(-1.,0.,0.));
#7164=DIRECTION('',(0.,0.,1.));
#7165=DIRECTION('',(1.,0.,0.));
#7166=DIRECTION('',(-1.,0.,0.));
#7167=DIRECTION('',(0.,0.,1.));
#7168=DIRECTION('',(1.,0.,0.));
#7169=DIRECTION('',(-1.,0.,0.));
#7170=DIRECTION('',(0.,0.,1.));
#7171=DIRECTION('',(1.,0.,0.));
#7172=DIRECTION('',(-1.,0.,0.));
#7173=DIRECTION('',(0.,0.,1.));
#7174=DIRECTION('',(1.,0.,0.));
#7175=DIRECTION('',(-1.,0.,0.));
#7176=DIRECTION('',(0.,0.,1.));
#7177=DIRECTION('',(1.,0.,0.));
#7178=DIRECTION('',(-1.,0.,0.));
#7179=DIRECTION('',(0.,0.,1.));
#7180=DIRECTION('center_axis',(0.,-1.,0.));
#7181=DIRECTION('ref_axis',(0.,0.,-1.));
#7182=DIRECTION('',(1.,0.,0.));
#7183=DIRECTION('center_axis',(0.,-1.,0.));
#7184=DIRECTION('ref_axis',(0.,0.,-1.));
#7185=DIRECTION('',(1.,0.,0.));
#7186=DIRECTION('',(-1.,0.,0.));
#7187=DIRECTION('center_axis',(0.,-1.,0.));
#7188=DIRECTION('ref_axis',(0.,0.,-1.));
#7189=DIRECTION('',(1.,0.,0.));
#7190=DIRECTION('',(-1.,0.,0.));
#7191=DIRECTION('center_axis',(0.,-1.,0.));
#7192=DIRECTION('ref_axis',(0.,0.,-1.));
#7193=DIRECTION('',(-1.,0.,0.));
#7194=DIRECTION('',(1.,0.,0.));
#7195=DIRECTION('center_axis',(0.,-1.,0.));
#7196=DIRECTION('ref_axis',(0.,0.,-1.));
#7197=DIRECTION('',(-1.,0.,0.));
#7198=DIRECTION('',(1.,0.,0.));
#7199=DIRECTION('center_axis',(0.,-1.,0.));
#7200=DIRECTION('ref_axis',(0.,0.,-1.));
#7201=DIRECTION('',(-1.,0.,0.));
#7202=DIRECTION('',(1.,0.,0.));
#7203=DIRECTION('center_axis',(0.,0.573576436351046,-0.819152044288992));
#7204=DIRECTION('ref_axis',(0.,-0.819152044288992,-0.573576436351046));
#7205=DIRECTION('',(-1.,0.,0.));
#7206=DIRECTION('center_axis',(0.,1.,-2.06413710084641E-16));
#7207=DIRECTION('ref_axis',(0.,-2.06413710084641E-16,-1.));
#7208=DIRECTION('',(0.707106781186547,-1.45956534130724E-16,-0.707106781186548));
#7209=DIRECTION('center_axis',(0.707106781186548,0.,0.707106781186547));
#7210=DIRECTION('ref_axis',(0.707106781186547,0.,-0.707106781186548));
#7211=DIRECTION('center_axis',(3.73035453481309E-17,0.707106781186547,0.707106781186548));
#7212=DIRECTION('ref_axis',(1.,0.,-5.27551797559265E-17));
#7213=DIRECTION('',(-0.28108463771482,-0.678598344545847,0.678598344545847));
#7214=DIRECTION('center_axis',(-0.5,0.707106781186547,0.5));
#7215=DIRECTION('ref_axis',(0.707106781186548,0.,0.707106781186547));
#7216=DIRECTION('',(-0.678598344545846,-0.678598344545846,0.281084637714823));
#7217=DIRECTION('center_axis',(-0.707106781186548,0.707106781186548,0.));
#7218=DIRECTION('ref_axis',(0.,0.,1.));
#7219=DIRECTION('',(-0.707106781186548,-0.707106781186548,0.));
#7220=DIRECTION('center_axis',(0.,0.,1.));
#7221=DIRECTION('ref_axis',(-1.,0.,0.));
#7222=DIRECTION('',(0.,-1.,0.));
#7223=DIRECTION('center_axis',(1.,0.,0.));
#7224=DIRECTION('ref_axis',(0.,0.,1.));
#7225=DIRECTION('',(0.,-1.,0.));
#7226=DIRECTION('center_axis',(0.,0.,-1.));
#7227=DIRECTION('ref_axis',(1.,0.,0.));
#7228=DIRECTION('',(0.707106781186548,0.707106781186548,0.));
#7229=DIRECTION('center_axis',(-0.707106781186548,0.707106781186548,0.));
#7230=DIRECTION('ref_axis',(0.,0.,1.));
#7231=DIRECTION('',(-0.707106781186548,-0.707106781186548,0.));
#7232=DIRECTION('center_axis',(0.,0.,1.));
#7233=DIRECTION('ref_axis',(-1.,0.,0.));
#7234=DIRECTION('',(0.,-1.,0.));
#7235=DIRECTION('center_axis',(1.,0.,0.));
#7236=DIRECTION('ref_axis',(0.,0.,1.));
#7237=DIRECTION('',(0.,-1.,0.));
#7238=DIRECTION('center_axis',(0.,0.,-1.));
#7239=DIRECTION('ref_axis',(1.,0.,0.));
#7240=DIRECTION('',(0.707106781186548,0.707106781186548,0.));
#7241=DIRECTION('center_axis',(-0.707106781186548,0.707106781186548,0.));
#7242=DIRECTION('ref_axis',(0.,0.,1.));
#7243=DIRECTION('',(-0.707106781186548,-0.707106781186548,0.));
#7244=DIRECTION('center_axis',(0.,0.,1.));
#7245=DIRECTION('ref_axis',(-1.,0.,0.));
#7246=DIRECTION('',(0.,-1.,0.));
#7247=DIRECTION('center_axis',(1.,0.,0.));
#7248=DIRECTION('ref_axis',(0.,0.,1.));
#7249=DIRECTION('',(0.,-1.,0.));
#7250=DIRECTION('center_axis',(0.,0.,-1.));
#7251=DIRECTION('ref_axis',(1.,0.,0.));
#7252=DIRECTION('',(0.707106781186548,0.707106781186548,0.));
#7253=DIRECTION('center_axis',(-0.707106781186548,0.707106781186548,0.));
#7254=DIRECTION('ref_axis',(0.,0.,1.));
#7255=DIRECTION('',(-0.707106781186548,-0.707106781186548,0.));
#7256=DIRECTION('center_axis',(0.,0.,1.));
#7257=DIRECTION('ref_axis',(-1.,0.,0.));
#7258=DIRECTION('',(0.,-1.,0.));
#7259=DIRECTION('center_axis',(1.,0.,0.));
#7260=DIRECTION('ref_axis',(0.,0.,1.));
#7261=DIRECTION('',(0.,-1.,0.));
#7262=DIRECTION('center_axis',(0.,0.,-1.));
#7263=DIRECTION('ref_axis',(1.,0.,0.));
#7264=DIRECTION('',(0.707106781186548,0.707106781186548,0.));
#7265=DIRECTION('center_axis',(-0.707106781186548,0.707106781186548,0.));
#7266=DIRECTION('ref_axis',(0.,0.,1.));
#7267=DIRECTION('',(-0.707106781186548,-0.707106781186548,0.));
#7268=DIRECTION('center_axis',(0.,0.,1.));
#7269=DIRECTION('ref_axis',(-1.,0.,0.));
#7270=DIRECTION('',(0.,-1.,0.));
#7271=DIRECTION('center_axis',(1.,0.,0.));
#7272=DIRECTION('ref_axis',(0.,0.,1.));
#7273=DIRECTION('',(0.,-1.,0.));
#7274=DIRECTION('center_axis',(0.,0.,-1.));
#7275=DIRECTION('ref_axis',(1.,0.,0.));
#7276=DIRECTION('',(0.707106781186548,0.707106781186548,0.));
#7277=DIRECTION('center_axis',(-0.707106781186548,0.707106781186548,0.));
#7278=DIRECTION('ref_axis',(0.,0.,1.));
#7279=DIRECTION('',(-0.707106781186548,-0.707106781186548,0.));
#7280=DIRECTION('center_axis',(0.,0.,1.));
#7281=DIRECTION('ref_axis',(-1.,0.,0.));
#7282=DIRECTION('',(0.,-1.,0.));
#7283=DIRECTION('center_axis',(1.,0.,0.));
#7284=DIRECTION('ref_axis',(0.,0.,1.));
#7285=DIRECTION('center_axis',(0.,0.,1.));
#7286=DIRECTION('ref_axis',(1.,0.,0.));
#7287=DIRECTION('',(0.,-1.,0.));
#7288=DIRECTION('center_axis',(1.,0.,0.));
#7289=DIRECTION('ref_axis',(0.,0.,-1.));
#7290=DIRECTION('',(0.,0.707106781186549,0.707106781186546));
#7291=DIRECTION('center_axis',(0.,0.707106781186546,-0.707106781186549));
#7292=DIRECTION('ref_axis',(-1.,0.,0.));
#7293=DIRECTION('',(0.,-0.707106781186549,-0.707106781186546));
#7294=DIRECTION('center_axis',(-1.,0.,0.));
#7295=DIRECTION('ref_axis',(0.,0.,-1.));
#7296=DIRECTION('',(0.,-1.,0.));
#7297=DIRECTION('center_axis',(0.,0.,1.));
#7298=DIRECTION('ref_axis',(1.,0.,0.));
#7299=DIRECTION('',(0.,1.,0.));
#7300=DIRECTION('center_axis',(1.,0.,0.));
#7301=DIRECTION('ref_axis',(0.,0.,1.));
#7302=DIRECTION('',(0.,0.707106781186549,0.707106781186546));
#7303=DIRECTION('center_axis',(0.,0.707106781186546,-0.707106781186549));
#7304=DIRECTION('ref_axis',(-1.,0.,0.));
#7305=DIRECTION('',(0.,-0.707106781186549,-0.707106781186546));
#7306=DIRECTION('center_axis',(-1.,0.,0.));
#7307=DIRECTION('ref_axis',(0.,0.,-1.));
#7308=DIRECTION('',(0.,-1.,0.));
#7309=DIRECTION('center_axis',(0.,0.,1.));
#7310=DIRECTION('ref_axis',(1.,0.,0.));
#7311=DIRECTION('',(0.,1.,0.));
#7312=DIRECTION('center_axis',(1.,0.,0.));
#7313=DIRECTION('ref_axis',(0.,0.,1.));
#7314=DIRECTION('',(0.,0.707106781186549,0.707106781186546));
#7315=DIRECTION('center_axis',(0.,0.707106781186546,-0.707106781186549));
#7316=DIRECTION('ref_axis',(-1.,0.,0.));
#7317=DIRECTION('',(0.,-0.707106781186549,-0.707106781186546));
#7318=DIRECTION('center_axis',(-1.,0.,0.));
#7319=DIRECTION('ref_axis',(0.,0.,-1.));
#7320=DIRECTION('',(0.,-1.,0.));
#7321=DIRECTION('center_axis',(0.,0.,1.));
#7322=DIRECTION('ref_axis',(1.,0.,0.));
#7323=DIRECTION('',(0.,1.,0.));
#7324=DIRECTION('center_axis',(1.,0.,0.));
#7325=DIRECTION('ref_axis',(0.,0.,1.));
#7326=DIRECTION('',(0.,0.707106781186549,0.707106781186546));
#7327=DIRECTION('center_axis',(0.,0.707106781186546,-0.707106781186549));
#7328=DIRECTION('ref_axis',(-1.,0.,0.));
#7329=DIRECTION('',(0.,-0.707106781186549,-0.707106781186546));
#7330=DIRECTION('center_axis',(-1.,0.,0.));
#7331=DIRECTION('ref_axis',(0.,0.,-1.));
#7332=DIRECTION('',(0.,-1.,0.));
#7333=DIRECTION('center_axis',(0.,0.,1.));
#7334=DIRECTION('ref_axis',(1.,0.,0.));
#7335=DIRECTION('',(0.,1.,0.));
#7336=DIRECTION('center_axis',(1.,0.,0.));
#7337=DIRECTION('ref_axis',(0.,0.,1.));
#7338=DIRECTION('',(0.,0.707106781186549,0.707106781186546));
#7339=DIRECTION('center_axis',(0.,0.707106781186546,-0.707106781186549));
#7340=DIRECTION('ref_axis',(-1.,0.,0.));
#7341=DIRECTION('',(0.,-0.707106781186549,-0.707106781186546));
#7342=DIRECTION('center_axis',(-1.,0.,0.));
#7343=DIRECTION('ref_axis',(0.,0.,-1.));
#7344=DIRECTION('',(0.,-1.,0.));
#7345=DIRECTION('center_axis',(0.,0.,1.));
#7346=DIRECTION('ref_axis',(1.,0.,0.));
#7347=DIRECTION('center_axis',(0.,0.,-1.));
#7348=DIRECTION('ref_axis',(1.,0.,0.));
#7349=DIRECTION('',(0.,-1.,0.));
#7350=DIRECTION('center_axis',(-1.,0.,0.));
#7351=DIRECTION('ref_axis',(0.,0.,-1.));
#7352=DIRECTION('',(0.,-1.,0.));
#7353=DIRECTION('center_axis',(0.,0.,1.));
#7354=DIRECTION('ref_axis',(-1.,0.,0.));
#7355=DIRECTION('',(-0.707106781186546,0.707106781186549,0.));
#7356=DIRECTION('center_axis',(0.707106781186549,0.707106781186546,0.));
#7357=DIRECTION('ref_axis',(0.,0.,-1.));
#7358=DIRECTION('',(0.707106781186546,-0.707106781186549,0.));
#7359=DIRECTION('center_axis',(0.,0.,-1.));
#7360=DIRECTION('ref_axis',(1.,0.,0.));
#7361=DIRECTION('',(0.,-1.,0.));
#7362=DIRECTION('center_axis',(-1.,0.,0.));
#7363=DIRECTION('ref_axis',(0.,0.,-1.));
#7364=DIRECTION('',(0.,-1.,0.));
#7365=DIRECTION('center_axis',(0.,0.,1.));
#7366=DIRECTION('ref_axis',(-1.,0.,0.));
#7367=DIRECTION('',(-0.707106781186546,0.707106781186549,0.));
#7368=DIRECTION('center_axis',(0.707106781186549,0.707106781186546,0.));
#7369=DIRECTION('ref_axis',(0.,0.,-1.));
#7370=DIRECTION('',(0.707106781186546,-0.707106781186549,0.));
#7371=DIRECTION('center_axis',(0.,0.,-1.));
#7372=DIRECTION('ref_axis',(1.,0.,0.));
#7373=DIRECTION('',(0.,-1.,0.));
#7374=DIRECTION('center_axis',(-1.,0.,0.));
#7375=DIRECTION('ref_axis',(0.,0.,-1.));
#7376=DIRECTION('',(0.,-1.,0.));
#7377=DIRECTION('center_axis',(0.,0.,1.));
#7378=DIRECTION('ref_axis',(-1.,0.,0.));
#7379=DIRECTION('',(-0.707106781186546,0.707106781186549,0.));
#7380=DIRECTION('center_axis',(0.707106781186549,0.707106781186546,0.));
#7381=DIRECTION('ref_axis',(0.,0.,-1.));
#7382=DIRECTION('',(0.707106781186546,-0.707106781186549,0.));
#7383=DIRECTION('center_axis',(0.,0.,-1.));
#7384=DIRECTION('ref_axis',(1.,0.,0.));
#7385=DIRECTION('',(0.,-1.,0.));
#7386=DIRECTION('center_axis',(-1.,0.,0.));
#7387=DIRECTION('ref_axis',(0.,0.,-1.));
#7388=DIRECTION('',(0.,-1.,0.));
#7389=DIRECTION('center_axis',(0.,0.,1.));
#7390=DIRECTION('ref_axis',(-1.,0.,0.));
#7391=DIRECTION('',(-0.707106781186546,0.707106781186549,0.));
#7392=DIRECTION('center_axis',(0.707106781186549,0.707106781186546,0.));
#7393=DIRECTION('ref_axis',(0.,0.,-1.));
#7394=DIRECTION('',(0.707106781186546,-0.707106781186549,0.));
#7395=DIRECTION('center_axis',(0.,0.,-1.));
#7396=DIRECTION('ref_axis',(1.,0.,0.));
#7397=DIRECTION('',(0.,-1.,0.));
#7398=DIRECTION('center_axis',(-1.,0.,0.));
#7399=DIRECTION('ref_axis',(0.,0.,-1.));
#7400=DIRECTION('',(0.,-1.,0.));
#7401=DIRECTION('center_axis',(0.,0.,1.));
#7402=DIRECTION('ref_axis',(-1.,0.,0.));
#7403=DIRECTION('',(-0.707106781186546,0.707106781186549,0.));
#7404=DIRECTION('center_axis',(0.707106781186549,0.707106781186546,0.));
#7405=DIRECTION('ref_axis',(0.,0.,-1.));
#7406=DIRECTION('',(0.707106781186546,-0.707106781186549,0.));
#7407=DIRECTION('center_axis',(0.,0.,-1.));
#7408=DIRECTION('ref_axis',(1.,0.,0.));
#7409=DIRECTION('',(0.,-1.,0.));
#7410=DIRECTION('center_axis',(-1.,0.,0.));
#7411=DIRECTION('ref_axis',(0.,0.,-1.));
#7412=CARTESIAN_POINT('',(0.,0.,0.));
#7413=CARTESIAN_POINT('Origin',(-1.5,14.3,-38.4142135623731));
#7414=CARTESIAN_POINT('',(-2.,13.8,-58.9000000000001));
#7415=CARTESIAN_POINT('',(-2.,13.8,-45.25));
#7416=CARTESIAN_POINT('',(-2.,13.8,-38.4142135623731));
#7417=CARTESIAN_POINT('',(-1.,14.8,-45.25));
#7418=CARTESIAN_POINT('',(-1.75,14.05,-45.25));
#7419=CARTESIAN_POINT('',(-1.00000000000001,14.8,-58.485786437627));
#7420=CARTESIAN_POINT('',(-1.,14.8,-38.4142135623731));
#7421=CARTESIAN_POINT('',(-1.,14.8,-58.485786437627));
#7422=CARTESIAN_POINT('Origin',(0.878553390593264,14.3,-61.0714466094068));
#7423=CARTESIAN_POINT('',(0.999999999999996,13.8,-61.9000000000001));
#7424=CARTESIAN_POINT('',(0.52499999999999,13.8,-61.4250000000001));
#7425=CARTESIAN_POINT('',(1.41421356237309,14.8,-60.9000000000001));
#7426=CARTESIAN_POINT('',(1.23210678118654,14.8,-60.7178932188135));
#7427=CARTESIAN_POINT('',(1.41421356237309,14.8,-60.9000000000001));
#7428=CARTESIAN_POINT('Origin',(56.4142135623731,14.3,-61.4000000000001));
#7429=CARTESIAN_POINT('',(8.56,14.8,-60.9000000000001));
#7430=CARTESIAN_POINT('',(56.4142135623731,14.8,-60.9000000000001));
#7431=CARTESIAN_POINT('',(8.56,13.8,-61.9000000000001));
#7432=CARTESIAN_POINT('',(8.56,17.295771948572,-58.4042280514281));
#7433=CARTESIAN_POINT('',(56.4142135623731,13.8,-61.9000000000001));
#7434=CARTESIAN_POINT('Origin',(38.,14.8,-26.));
#7435=CARTESIAN_POINT('',(5.00000000000001,14.8,-45.25));
#7436=CARTESIAN_POINT('',(17.5,14.8,-45.25));
#7437=CARTESIAN_POINT('',(5.00000000000001,14.8,-43.25));
#7438=CARTESIAN_POINT('',(5.00000000000001,14.8,-35.625));
#7439=CARTESIAN_POINT('',(-1.,14.8,-43.25));
#7440=CARTESIAN_POINT('',(21.5,14.8,-43.25));
#7441=CARTESIAN_POINT('',(-1.,14.8,-41.25));
#7442=CARTESIAN_POINT('',(-1.,14.8,-38.4142135623731));
#7443=CARTESIAN_POINT('',(5.00000000000001,14.8,-41.25));
#7444=CARTESIAN_POINT('',(17.5,14.8,-41.25));
#7445=CARTESIAN_POINT('',(5.00000000000001,14.8,-39.25));
#7446=CARTESIAN_POINT('',(5.00000000000001,14.8,-33.625));
#7447=CARTESIAN_POINT('',(-1.,14.8,-39.25));
#7448=CARTESIAN_POINT('',(21.5,14.8,-39.25));
#7449=CARTESIAN_POINT('',(-1.,14.8,-37.25));
#7450=CARTESIAN_POINT('',(-1.,14.8,-38.4142135623731));
#7451=CARTESIAN_POINT('',(5.00000000000001,14.8,-37.25));
#7452=CARTESIAN_POINT('',(17.5,14.8,-37.25));
#7453=CARTESIAN_POINT('',(5.00000000000001,14.8,-35.25));
#7454=CARTESIAN_POINT('',(5.00000000000001,14.8,-31.625));
#7455=CARTESIAN_POINT('',(-1.,14.8,-35.25));
#7456=CARTESIAN_POINT('',(21.5,14.8,-35.25));
#7457=CARTESIAN_POINT('',(-1.,14.8,-21.25));
#7458=CARTESIAN_POINT('',(-1.,14.8,-38.4142135623731));
#7459=CARTESIAN_POINT('',(5.00000000000001,14.8,-21.25));
#7460=CARTESIAN_POINT('',(17.5,14.8,-21.25));
#7461=CARTESIAN_POINT('',(5.00000000000001,14.8,-19.25));
#7462=CARTESIAN_POINT('',(5.00000000000001,14.8,-23.625));
#7463=CARTESIAN_POINT('',(-1.,14.8,-19.25));
#7464=CARTESIAN_POINT('',(21.5,14.8,-19.25));
#7465=CARTESIAN_POINT('',(-1.,14.8,-17.25));
#7466=CARTESIAN_POINT('',(-1.,14.8,-38.4142135623731));
#7467=CARTESIAN_POINT('',(5.00000000000001,14.8,-17.25));
#7468=CARTESIAN_POINT('',(17.5,14.8,-17.25));
#7469=CARTESIAN_POINT('',(5.00000000000001,14.8,-15.25));
#7470=CARTESIAN_POINT('',(5.00000000000001,14.8,-21.625));
#7471=CARTESIAN_POINT('',(-1.,14.8,-15.25));
#7472=CARTESIAN_POINT('',(21.5,14.8,-15.25));
#7473=CARTESIAN_POINT('',(-1.,14.8,-13.25));
#7474=CARTESIAN_POINT('',(-1.,14.8,-38.4142135623731));
#7475=CARTESIAN_POINT('',(5.00000000000001,14.8,-13.25));
#7476=CARTESIAN_POINT('',(17.5,14.8,-13.25));
#7477=CARTESIAN_POINT('',(5.00000000000001,14.8,-11.25));
#7478=CARTESIAN_POINT('',(5.00000000000001,14.8,-19.625));
#7479=CARTESIAN_POINT('',(-1.,14.8,-11.25));
#7480=CARTESIAN_POINT('',(21.5,14.8,-11.25));
#7481=CARTESIAN_POINT('',(-1.,14.8,-1.58578643762691));
#7482=CARTESIAN_POINT('',(-1.,14.8,-38.4142135623731));
#7483=CARTESIAN_POINT('',(1.58578643762691,14.8,1.));
#7484=CARTESIAN_POINT('',(2.5,14.8,1.91421356237309));
#7485=CARTESIAN_POINT('',(84.4142135623731,14.8,1.));
#7486=CARTESIAN_POINT('',(19.5857864376269,14.8,1.));
#7487=CARTESIAN_POINT('',(87.,14.8,-1.58578643762691));
#7488=CARTESIAN_POINT('',(81.9142135623731,14.8,3.49999999999997));
#7489=CARTESIAN_POINT('',(87.,14.8,-11.25));
#7490=CARTESIAN_POINT('',(87.,14.8,-13.5857864376269));
#7491=CARTESIAN_POINT('',(81.,14.8,-11.25));
#7492=CARTESIAN_POINT('',(63.5,14.8,-11.25));
#7493=CARTESIAN_POINT('',(81.,14.8,-13.25));
#7494=CARTESIAN_POINT('',(81.,14.8,-18.625));
#7495=CARTESIAN_POINT('',(87.,14.8,-13.25));
#7496=CARTESIAN_POINT('',(59.5,14.8,-13.25));
#7497=CARTESIAN_POINT('',(87.,14.8,-15.25));
#7498=CARTESIAN_POINT('',(87.,14.8,-13.5857864376269));
#7499=CARTESIAN_POINT('',(81.,14.8,-15.25));
#7500=CARTESIAN_POINT('',(63.5,14.8,-15.25));
#7501=CARTESIAN_POINT('',(81.,14.8,-17.25));
#7502=CARTESIAN_POINT('',(81.,14.8,-20.625));
#7503=CARTESIAN_POINT('',(87.,14.8,-17.25));
#7504=CARTESIAN_POINT('',(59.5,14.8,-17.25));
#7505=CARTESIAN_POINT('',(87.,14.8,-19.25));
#7506=CARTESIAN_POINT('',(87.,14.8,-13.5857864376269));
#7507=CARTESIAN_POINT('',(81.,14.8,-19.25));
#7508=CARTESIAN_POINT('',(63.5,14.8,-19.25));
#7509=CARTESIAN_POINT('',(81.,14.8,-21.25));
#7510=CARTESIAN_POINT('',(81.,14.8,-22.625));
#7511=CARTESIAN_POINT('',(87.,14.8,-21.25));
#7512=CARTESIAN_POINT('',(59.5,14.8,-21.25));
#7513=CARTESIAN_POINT('',(87.,14.8,-35.25));
#7514=CARTESIAN_POINT('',(87.,14.8,-13.5857864376269));
#7515=CARTESIAN_POINT('',(81.,14.8,-35.25));
#7516=CARTESIAN_POINT('',(63.5,14.8,-35.25));
#7517=CARTESIAN_POINT('',(81.,14.8,-37.25));
#7518=CARTESIAN_POINT('',(81.,14.8,-30.625));
#7519=CARTESIAN_POINT('',(87.,14.8,-37.25));
#7520=CARTESIAN_POINT('',(59.5,14.8,-37.25));
#7521=CARTESIAN_POINT('',(87.,14.8,-39.25));
#7522=CARTESIAN_POINT('',(87.,14.8,-13.5857864376269));
#7523=CARTESIAN_POINT('',(81.,14.8,-39.25));
#7524=CARTESIAN_POINT('',(63.5,14.8,-39.25));
#7525=CARTESIAN_POINT('',(81.,14.8,-41.25));
#7526=CARTESIAN_POINT('',(81.,14.8,-32.625));
#7527=CARTESIAN_POINT('',(87.,14.8,-41.25));
#7528=CARTESIAN_POINT('',(59.5,14.8,-41.25));
#7529=CARTESIAN_POINT('',(87.,14.8,-43.25));
#7530=CARTESIAN_POINT('',(87.,14.8,-13.5857864376269));
#7531=CARTESIAN_POINT('',(81.,14.8,-43.25));
#7532=CARTESIAN_POINT('',(63.5,14.8,-43.25));
#7533=CARTESIAN_POINT('',(81.,14.8,-45.25));
#7534=CARTESIAN_POINT('',(81.,14.8,-34.625));
#7535=CARTESIAN_POINT('',(87.,14.8,-45.25));
#7536=CARTESIAN_POINT('',(59.5,14.8,-45.25));
#7537=CARTESIAN_POINT('',(87.,14.8,-58.485786437627));
#7538=CARTESIAN_POINT('',(87.,14.8,-13.5857864376269));
#7539=CARTESIAN_POINT('',(84.5857864376269,14.8,-60.9000000000001));
#7540=CARTESIAN_POINT('',(82.2678932188134,14.8,-63.2178932188135));
#7541=CARTESIAN_POINT('',(70.66,14.8,-60.9000000000001));
#7542=CARTESIAN_POINT('',(56.4142135623731,14.8,-60.9000000000001));
#7543=CARTESIAN_POINT('',(70.66,14.8,-57.5169122057121));
#7544=CARTESIAN_POINT('',(70.66,14.8,-42.208456102856));
#7545=CARTESIAN_POINT('',(68.56,14.8,-57.5169122057121));
#7546=CARTESIAN_POINT('',(51.555,14.8,-57.5169122057121));
#7547=CARTESIAN_POINT('',(68.56,14.8,-60.9000000000001));
#7548=CARTESIAN_POINT('',(68.56,14.8,-42.208456102856));
#7549=CARTESIAN_POINT('',(58.66,14.8,-60.9000000000001));
#7550=CARTESIAN_POINT('',(56.4142135623731,14.8,-60.9000000000001));
#7551=CARTESIAN_POINT('',(58.66,14.8,-57.5169122057121));
#7552=CARTESIAN_POINT('',(58.66,14.8,-42.208456102856));
#7553=CARTESIAN_POINT('',(56.56,14.8,-57.5169122057121));
#7554=CARTESIAN_POINT('',(45.555,14.8,-57.5169122057121));
#7555=CARTESIAN_POINT('',(56.56,14.8,-60.9000000000001));
#7556=CARTESIAN_POINT('',(56.56,14.8,-42.208456102856));
#7557=CARTESIAN_POINT('',(46.66,14.8,-60.9000000000001));
#7558=CARTESIAN_POINT('',(56.4142135623731,14.8,-60.9000000000001));
#7559=CARTESIAN_POINT('',(46.66,14.8,-57.5169122057121));
#7560=CARTESIAN_POINT('',(46.66,14.8,-42.208456102856));
#7561=CARTESIAN_POINT('',(44.56,14.8,-57.5169122057121));
#7562=CARTESIAN_POINT('',(39.555,14.8,-57.5169122057121));
#7563=CARTESIAN_POINT('',(44.56,14.8,-60.9000000000001));
#7564=CARTESIAN_POINT('',(44.56,14.8,-42.208456102856));
#7565=CARTESIAN_POINT('',(34.66,14.8,-60.9000000000001));
#7566=CARTESIAN_POINT('',(56.4142135623731,14.8,-60.9000000000001));
#7567=CARTESIAN_POINT('',(34.66,14.8,-57.5169122057121));
#7568=CARTESIAN_POINT('',(34.66,14.8,-42.208456102856));
#7569=CARTESIAN_POINT('',(32.56,14.8,-57.5169122057121));
#7570=CARTESIAN_POINT('',(33.555,14.8,-57.5169122057121));
#7571=CARTESIAN_POINT('',(32.56,14.8,-60.9000000000001));
#7572=CARTESIAN_POINT('',(32.56,14.8,-42.208456102856));
#7573=CARTESIAN_POINT('',(22.66,14.8,-60.9000000000001));
#7574=CARTESIAN_POINT('',(56.4142135623731,14.8,-60.9000000000001));
#7575=CARTESIAN_POINT('',(22.66,14.8,-57.5169122057121));
#7576=CARTESIAN_POINT('',(22.66,14.8,-42.208456102856));
#7577=CARTESIAN_POINT('',(20.56,14.8,-57.5169122057121));
#7578=CARTESIAN_POINT('',(27.555,14.8,-57.5169122057121));
#7579=CARTESIAN_POINT('',(20.56,14.8,-60.9000000000001));
#7580=CARTESIAN_POINT('',(20.56,14.8,-42.208456102856));
#7581=CARTESIAN_POINT('',(10.66,14.8,-60.9000000000001));
#7582=CARTESIAN_POINT('',(56.4142135623731,14.8,-60.9000000000001));
#7583=CARTESIAN_POINT('',(10.66,14.8,-57.5169122057121));
#7584=CARTESIAN_POINT('',(10.66,14.8,-40.1507819021822));
#7585=CARTESIAN_POINT('',(8.56,14.8,-57.5169122057121));
#7586=CARTESIAN_POINT('',(23.555,14.8,-57.5169122057121));
#7587=CARTESIAN_POINT('',(8.56,14.8,-37.958456102856));
#7588=CARTESIAN_POINT('Origin',(-3.,14.8,-45.25));
#7589=CARTESIAN_POINT('',(-2.,10.8,-45.25));
#7590=CARTESIAN_POINT('',(-2.,6.9,-45.25));
#7591=CARTESIAN_POINT('',(-0.400000000000001,10.8,-45.25));
#7592=CARTESIAN_POINT('',(-3.,10.8,-45.25));
#7593=CARTESIAN_POINT('',(-0.400000000000001,12.2,-45.25));
#7594=CARTESIAN_POINT('',(-0.400000000000001,6.9,-45.25));
#7595=CARTESIAN_POINT('',(0.2,12.8,-45.25));
#7596=CARTESIAN_POINT('',(-0.250000000000002,12.35,-45.25));
#7597=CARTESIAN_POINT('',(5.00000000000001,12.8,-45.25));
#7598=CARTESIAN_POINT('',(17.5,12.8,-45.25));
#7599=CARTESIAN_POINT('',(5.00000000000001,14.8,-45.25));
#7600=CARTESIAN_POINT('Origin',(-2.,-1.,-50.8284271247463));
#7601=CARTESIAN_POINT('',(-2.,-1.,-58.9000000000001));
#7602=CARTESIAN_POINT('',(-2.,-1.,-58.9000000000001));
#7603=CARTESIAN_POINT('',(-2.,-1.,-11.0770540794189));
#7604=CARTESIAN_POINT('',(-2.,-1.,-50.8284271247463));
#7605=CARTESIAN_POINT('',(-2.,12.2,-1.83431457505077));
#7606=CARTESIAN_POINT('',(-2.,-10.3385179792005,-17.615954764162));
#7607=CARTESIAN_POINT('',(-2.,12.2,-1.17157287525381));
#7608=CARTESIAN_POINT('',(-2.,12.2,-26.3313708498985));
#7609=CARTESIAN_POINT('',(-2.,13.8,-1.17157287525381));
#7610=CARTESIAN_POINT('',(-2.,-1.,-1.17157287525381));
#7611=CARTESIAN_POINT('',(-2.,13.8,-11.25));
#7612=CARTESIAN_POINT('',(-2.,13.8,-38.4142135623731));
#7613=CARTESIAN_POINT('',(-2.,10.8,-11.25));
#7614=CARTESIAN_POINT('',(-2.,6.9,-11.25));
#7615=CARTESIAN_POINT('',(-2.,10.8,-13.25));
#7616=CARTESIAN_POINT('',(-2.,10.8,-31.5392135623731));
#7617=CARTESIAN_POINT('',(-2.,13.8,-13.25));
#7618=CARTESIAN_POINT('',(-2.,6.9,-13.25));
#7619=CARTESIAN_POINT('',(-2.,13.8,-15.25));
#7620=CARTESIAN_POINT('',(-2.,13.8,-38.4142135623731));
#7621=CARTESIAN_POINT('',(-2.,10.8,-15.25));
#7622=CARTESIAN_POINT('',(-2.,6.9,-15.25));
#7623=CARTESIAN_POINT('',(-2.,10.8,-17.25));
#7624=CARTESIAN_POINT('',(-2.,10.8,-33.5392135623731));
#7625=CARTESIAN_POINT('',(-2.,13.8,-17.25));
#7626=CARTESIAN_POINT('',(-2.,6.9,-17.25));
#7627=CARTESIAN_POINT('',(-2.,13.8,-19.25));
#7628=CARTESIAN_POINT('',(-2.,13.8,-38.4142135623731));
#7629=CARTESIAN_POINT('',(-2.,10.8,-19.25));
#7630=CARTESIAN_POINT('',(-2.,6.9,-19.25));
#7631=CARTESIAN_POINT('',(-2.,10.8,-21.25));
#7632=CARTESIAN_POINT('',(-2.,10.8,-35.5392135623731));
#7633=CARTESIAN_POINT('',(-2.,13.8,-21.25));
#7634=CARTESIAN_POINT('',(-2.,6.9,-21.25));
#7635=CARTESIAN_POINT('',(-2.,13.8,-35.25));
#7636=CARTESIAN_POINT('',(-2.,13.8,-38.4142135623731));
#7637=CARTESIAN_POINT('',(-2.,10.8,-35.25));
#7638=CARTESIAN_POINT('',(-2.,6.9,-35.25));
#7639=CARTESIAN_POINT('',(-2.,10.8,-37.25));
#7640=CARTESIAN_POINT('',(-2.,10.8,-43.5392135623731));
#7641=CARTESIAN_POINT('',(-2.,13.8,-37.25));
#7642=CARTESIAN_POINT('',(-2.,6.9,-37.25));
#7643=CARTESIAN_POINT('',(-2.,13.8,-39.25));
#7644=CARTESIAN_POINT('',(-2.,13.8,-38.4142135623731));
#7645=CARTESIAN_POINT('',(-2.,10.8,-39.25));
#7646=CARTESIAN_POINT('',(-2.,6.9,-39.25));
#7647=CARTESIAN_POINT('',(-2.,10.8,-41.25));
#7648=CARTESIAN_POINT('',(-2.,10.8,-45.5392135623731));
#7649=CARTESIAN_POINT('',(-2.,13.8,-41.25));
#7650=CARTESIAN_POINT('',(-2.,6.9,-41.25));
#7651=CARTESIAN_POINT('',(-2.,13.8,-43.25));
#7652=CARTESIAN_POINT('',(-2.,13.8,-38.4142135623731));
#7653=CARTESIAN_POINT('',(-2.,10.8,-43.25));
#7654=CARTESIAN_POINT('',(-2.,6.9,-43.25));
#7655=CARTESIAN_POINT('',(-2.,10.8,-47.5392135623731));
#7656=CARTESIAN_POINT('Origin',(82.6214466094067,14.3,-63.5714466094068));
#7657=CARTESIAN_POINT('',(88.,13.8,-58.9000000000001));
#7658=CARTESIAN_POINT('',(87.,14.8,-58.485786437627));
#7659=CARTESIAN_POINT('',(85.,13.8,-61.9000000000001));
#7660=CARTESIAN_POINT('',(82.975,13.8,-63.9250000000001));
#7661=CARTESIAN_POINT('',(85.,13.8,-61.9000000000001));
#7662=CARTESIAN_POINT('Origin',(87.5,14.3,-13.5857864376269));
#7663=CARTESIAN_POINT('',(88.,13.8,-45.25));
#7664=CARTESIAN_POINT('',(85.75,16.05,-45.25));
#7665=CARTESIAN_POINT('',(88.,13.8,-13.5857864376269));
#7666=CARTESIAN_POINT('Origin',(56.4142135623731,14.3,-61.4000000000001));
#7667=CARTESIAN_POINT('',(70.66,13.8,-61.9000000000001));
#7668=CARTESIAN_POINT('',(56.4142135623731,13.8,-61.9000000000001));
#7669=CARTESIAN_POINT('',(70.66,16.1996090489089,-59.5003909510912));
#7670=CARTESIAN_POINT('Origin',(70.66,14.8,-54.3015638043644));
#7671=CARTESIAN_POINT('',(70.66,12.8,-61.9000000000001));
#7672=CARTESIAN_POINT('',(70.66,6.9,-61.9000000000001));
#7673=CARTESIAN_POINT('',(70.66,12.8,-60.3000000000001));
#7674=CARTESIAN_POINT('',(70.66,12.8,-49.9169122057121));
#7675=CARTESIAN_POINT('',(70.66,12.2,-60.3000000000001));
#7676=CARTESIAN_POINT('',(70.66,12.8,-60.3000000000001));
#7677=CARTESIAN_POINT('',(70.66,12.8,-59.7000000000001));
#7678=CARTESIAN_POINT('',(70.66,12.5,-60.0000000000001));
#7679=CARTESIAN_POINT('',(70.66,12.8,-57.5169122057121));
#7680=CARTESIAN_POINT('',(70.66,12.8,-42.208456102856));
#7681=CARTESIAN_POINT('',(70.66,14.8,-57.5169122057121));
#7682=CARTESIAN_POINT('Origin',(-0.500000000000003,-1.,-60.4000000000001));
#7683=CARTESIAN_POINT('',(0.999999999999996,-1.,-61.9000000000001));
#7684=CARTESIAN_POINT('',(0.999999999999996,-1.,-61.9000000000001));
#7685=CARTESIAN_POINT('',(0.524999999999991,-1.,-61.4250000000001));
#7686=CARTESIAN_POINT('Origin',(38.,-1.,-26.));
#7687=CARTESIAN_POINT('',(85.,-1.,-61.9000000000001));
#7688=CARTESIAN_POINT('',(74.8284271247462,-1.,-61.9000000000001));
#7689=CARTESIAN_POINT('',(88.,-1.,-58.9000000000001));
#7690=CARTESIAN_POINT('',(82.975,-1.,-63.9250000000001));
#7691=CARTESIAN_POINT('',(88.,-1.,-11.0770540794189));
#7692=CARTESIAN_POINT('',(88.,-1.,-1.17157287525382));
#7693=CARTESIAN_POINT('',(86.4,-1.,-11.0770540794189));
#7694=CARTESIAN_POINT('',(67.2,-1.,-11.0770540794189));
#7695=CARTESIAN_POINT('',(86.4,-1.,-58.0656854249493));
#7696=CARTESIAN_POINT('',(86.4,-1.,-13.5857864376269));
#7697=CARTESIAN_POINT('',(84.1656854249492,-1.,-60.3000000000001));
#7698=CARTESIAN_POINT('',(83.0757359312881,-1.,-61.3899494936612));
#7699=CARTESIAN_POINT('',(1.83431457505076,-1.,-60.3000000000001));
#7700=CARTESIAN_POINT('',(56.4142135623731,-1.,-60.3000000000001));
#7701=CARTESIAN_POINT('',(-0.400000000000001,-1.,-58.0656854249493));
#7702=CARTESIAN_POINT('',(4.5100505063388,-1.,-62.9757359312881));
#7703=CARTESIAN_POINT('',(-0.4,-1.,-11.0770540794189));
#7704=CARTESIAN_POINT('',(-0.4,-1.,-38.4142135623731));
#7705=CARTESIAN_POINT('',(18.8,-1.,-11.0770540794189));
#7706=CARTESIAN_POINT('Origin',(86.5,-1.,-60.4000000000001));
#7707=CARTESIAN_POINT('',(88.,-1.,-58.9000000000001));
#7708=CARTESIAN_POINT('',(85.,-1.,-61.9000000000001));
#7709=CARTESIAN_POINT('Origin',(88.,-1.,-1.17157287525382));
#7710=CARTESIAN_POINT('',(88.,10.8,-45.25));
#7711=CARTESIAN_POINT('',(88.,6.9,-45.25));
#7712=CARTESIAN_POINT('',(88.,10.8,-43.25));
#7713=CARTESIAN_POINT('',(88.,10.8,-22.7107864376269));
#7714=CARTESIAN_POINT('',(88.,13.8,-43.25));
#7715=CARTESIAN_POINT('',(88.,6.9,-43.25));
#7716=CARTESIAN_POINT('',(88.,13.8,-41.25));
#7717=CARTESIAN_POINT('',(88.,13.8,-13.5857864376269));
#7718=CARTESIAN_POINT('',(88.,10.8,-41.25));
#7719=CARTESIAN_POINT('',(88.,6.9,-41.25));
#7720=CARTESIAN_POINT('',(88.,10.8,-39.25));
#7721=CARTESIAN_POINT('',(88.,10.8,-20.7107864376269));
#7722=CARTESIAN_POINT('',(88.,13.8,-39.25));
#7723=CARTESIAN_POINT('',(88.,6.9,-39.25));
#7724=CARTESIAN_POINT('',(88.,13.8,-37.25));
#7725=CARTESIAN_POINT('',(88.,13.8,-13.5857864376269));
#7726=CARTESIAN_POINT('',(88.,10.8,-37.25));
#7727=CARTESIAN_POINT('',(88.,6.9,-37.25));
#7728=CARTESIAN_POINT('',(88.,10.8,-35.25));
#7729=CARTESIAN_POINT('',(88.,10.8,-18.7107864376269));
#7730=CARTESIAN_POINT('',(88.,13.8,-35.25));
#7731=CARTESIAN_POINT('',(88.,6.9,-35.25));
#7732=CARTESIAN_POINT('',(88.,13.8,-21.25));
#7733=CARTESIAN_POINT('',(88.,13.8,-13.5857864376269));
#7734=CARTESIAN_POINT('',(88.,10.8,-21.25));
#7735=CARTESIAN_POINT('',(88.,6.9,-21.25));
#7736=CARTESIAN_POINT('',(88.,10.8,-19.25));
#7737=CARTESIAN_POINT('',(88.,10.8,-10.7107864376269));
#7738=CARTESIAN_POINT('',(88.,13.8,-19.25));
#7739=CARTESIAN_POINT('',(88.,6.9,-19.25));
#7740=CARTESIAN_POINT('',(88.,13.8,-17.25));
#7741=CARTESIAN_POINT('',(88.,13.8,-13.5857864376269));
#7742=CARTESIAN_POINT('',(88.,10.8,-17.25));
#7743=CARTESIAN_POINT('',(88.,6.9,-17.25));
#7744=CARTESIAN_POINT('',(88.,10.8,-15.25));
#7745=CARTESIAN_POINT('',(88.,10.8,-8.71078643762691));
#7746=CARTESIAN_POINT('',(88.,13.8,-15.25));
#7747=CARTESIAN_POINT('',(88.,6.9,-15.25));
#7748=CARTESIAN_POINT('',(88.,13.8,-13.25));
#7749=CARTESIAN_POINT('',(88.,13.8,-13.5857864376269));
#7750=CARTESIAN_POINT('',(88.,10.8,-13.25));
#7751=CARTESIAN_POINT('',(88.,6.9,-13.25));
#7752=CARTESIAN_POINT('',(88.,10.8,-11.25));
#7753=CARTESIAN_POINT('',(88.,10.8,-6.71078643762691));
#7754=CARTESIAN_POINT('',(88.,13.8,-11.25));
#7755=CARTESIAN_POINT('',(88.,6.9,-11.25));
#7756=CARTESIAN_POINT('',(88.,13.8,-1.17157287525382));
#7757=CARTESIAN_POINT('',(88.,13.8,-13.5857864376269));
#7758=CARTESIAN_POINT('',(88.,12.2,-1.17157287525382));
#7759=CARTESIAN_POINT('',(88.,-1.,-1.17157287525382));
#7760=CARTESIAN_POINT('',(88.,12.2,-1.83431457505077));
#7761=CARTESIAN_POINT('',(88.,12.2,3.87568652266362));
#7762=CARTESIAN_POINT('',(88.,7.92702689822187,-4.82628255148315));
#7763=CARTESIAN_POINT('Origin',(74.8284271247462,-1.,-61.9000000000001));
#7764=CARTESIAN_POINT('',(8.56,12.8,-61.9000000000001));
#7765=CARTESIAN_POINT('',(8.56,6.9,-61.9000000000001));
#7766=CARTESIAN_POINT('',(10.66,12.8,-61.9000000000001));
#7767=CARTESIAN_POINT('',(41.9692135623731,12.8,-61.9000000000001));
#7768=CARTESIAN_POINT('',(10.66,13.8,-61.9000000000001));
#7769=CARTESIAN_POINT('',(10.66,6.9,-61.9000000000001));
#7770=CARTESIAN_POINT('',(20.56,13.8,-61.9000000000001));
#7771=CARTESIAN_POINT('',(56.4142135623731,13.8,-61.9000000000001));
#7772=CARTESIAN_POINT('',(20.56,12.8,-61.9000000000001));
#7773=CARTESIAN_POINT('',(20.56,6.9,-61.9000000000001));
#7774=CARTESIAN_POINT('',(22.66,12.8,-61.9000000000001));
#7775=CARTESIAN_POINT('',(45.7192135623731,12.8,-61.9000000000001));
#7776=CARTESIAN_POINT('',(22.66,13.8,-61.9000000000001));
#7777=CARTESIAN_POINT('',(22.66,6.9,-61.9000000000001));
#7778=CARTESIAN_POINT('',(32.56,13.8,-61.9000000000001));
#7779=CARTESIAN_POINT('',(56.4142135623731,13.8,-61.9000000000001));
#7780=CARTESIAN_POINT('',(32.56,12.8,-61.9000000000001));
#7781=CARTESIAN_POINT('',(32.56,6.9,-61.9000000000001));
#7782=CARTESIAN_POINT('',(34.66,12.8,-61.9000000000001));
#7783=CARTESIAN_POINT('',(51.7192135623731,12.8,-61.9000000000001));
#7784=CARTESIAN_POINT('',(34.66,13.8,-61.9000000000001));
#7785=CARTESIAN_POINT('',(34.66,6.9,-61.9000000000001));
#7786=CARTESIAN_POINT('',(44.56,13.8,-61.9000000000001));
#7787=CARTESIAN_POINT('',(56.4142135623731,13.8,-61.9000000000001));
#7788=CARTESIAN_POINT('',(44.56,12.8,-61.9000000000001));
#7789=CARTESIAN_POINT('',(44.56,6.9,-61.9000000000001));
#7790=CARTESIAN_POINT('',(46.66,12.8,-61.9000000000001));
#7791=CARTESIAN_POINT('',(57.7192135623731,12.8,-61.9000000000001));
#7792=CARTESIAN_POINT('',(46.66,13.8,-61.9000000000001));
#7793=CARTESIAN_POINT('',(46.66,6.9,-61.9000000000001));
#7794=CARTESIAN_POINT('',(56.56,13.8,-61.9000000000001));
#7795=CARTESIAN_POINT('',(56.4142135623731,13.8,-61.9000000000001));
#7796=CARTESIAN_POINT('',(56.56,12.8,-61.9000000000001));
#7797=CARTESIAN_POINT('',(56.56,6.9,-61.9000000000001));
#7798=CARTESIAN_POINT('',(58.66,12.8,-61.9000000000001));
#7799=CARTESIAN_POINT('',(63.7192135623731,12.8,-61.9000000000001));
#7800=CARTESIAN_POINT('',(58.66,13.8,-61.9000000000001));
#7801=CARTESIAN_POINT('',(58.66,6.9,-61.9000000000001));
#7802=CARTESIAN_POINT('',(68.56,13.8,-61.9000000000001));
#7803=CARTESIAN_POINT('',(56.4142135623731,13.8,-61.9000000000001));
#7804=CARTESIAN_POINT('',(68.56,12.8,-61.9000000000001));
#7805=CARTESIAN_POINT('',(68.56,6.9,-61.9000000000001));
#7806=CARTESIAN_POINT('',(69.7192135623731,12.8,-61.9000000000001));
#7807=CARTESIAN_POINT('',(48.7081695100402,1.12387513704002,-61.9000000000001));
#7808=CARTESIAN_POINT('',(46.828169510056,3.00387513712342,-61.9000000000001));
#7809=CARTESIAN_POINT('Origin',(48.7081695101394,3.00387513712342,-61.9000000000001));
#7810=CARTESIAN_POINT('',(49.3081695097879,1.12387513704028,-61.9000000000001));
#7811=CARTESIAN_POINT('',(43.7682983174011,1.12387513704024,-61.9000000000001));
#7812=CARTESIAN_POINT('',(51.188169509756,3.00387513724413,-61.9000000000001));
#7813=CARTESIAN_POINT('Origin',(49.3081695095519,3.00387513724413,-61.9000000000001));
#7814=CARTESIAN_POINT('',(51.188169509756,9.38387513383091,-61.9000000000001));
#7815=CARTESIAN_POINT('',(51.188169509756,1.00193756862214,-61.9000000000001));
#7816=CARTESIAN_POINT('',(49.3081695097948,11.263875134035,-61.9000000000001));
#7817=CARTESIAN_POINT('Origin',(49.3081695095519,9.38387513383092,-61.9000000000001));
#7818=CARTESIAN_POINT('',(48.708169510043,11.2638751340354,-61.9000000000001));
#7819=CARTESIAN_POINT('',(44.068298317251,11.2638751340354,-61.9000000000001));
#7820=CARTESIAN_POINT('',(46.828169510056,9.38387513395164,-61.9000000000001));
#7821=CARTESIAN_POINT('Origin',(48.7081695101394,9.38387513395163,-61.9000000000001));
#7822=CARTESIAN_POINT('',(46.828169510056,4.19193756697584,-61.9000000000001));
#7823=CARTESIAN_POINT('',(12.7081695100402,1.12387513704002,-61.9000000000001));
#7824=CARTESIAN_POINT('',(10.828169510056,3.00387513712342,-61.9000000000001));
#7825=CARTESIAN_POINT('Origin',(12.7081695101394,3.00387513712342,-61.9000000000001));
#7826=CARTESIAN_POINT('',(13.3081695097879,1.12387513704002,-61.9000000000001));
#7827=CARTESIAN_POINT('',(43.7682983174011,1.12387513704024,-61.9000000000001));
#7828=CARTESIAN_POINT('',(15.188169509756,3.00387513724413,-61.9000000000001));
#7829=CARTESIAN_POINT('Origin',(13.3081695095519,3.00387513724413,-61.9000000000001));
#7830=CARTESIAN_POINT('',(15.188169509756,9.38387513383091,-61.9000000000001));
#7831=CARTESIAN_POINT('',(15.1881695097559,1.00193756862227,-61.9000000000001));
#7832=CARTESIAN_POINT('',(13.3081695097947,11.263875134035,-61.9000000000001));
#7833=CARTESIAN_POINT('Origin',(13.3081695095519,9.38387513383092,-61.9000000000001));
#7834=CARTESIAN_POINT('',(12.708169510043,11.263875134035,-61.9000000000001));
#7835=CARTESIAN_POINT('',(44.068298317251,11.2638751340354,-61.9000000000001));
#7836=CARTESIAN_POINT('',(10.828169510056,9.38387513395164,-61.9000000000001));
#7837=CARTESIAN_POINT('Origin',(12.7081695101394,9.38387513395163,-61.9000000000001));
#7838=CARTESIAN_POINT('',(10.828169510056,4.19193756697586,-61.9000000000001));
#7839=CARTESIAN_POINT('',(61.3081695097948,11.263875134035,-61.9000000000001));
#7840=CARTESIAN_POINT('',(63.188169509756,9.38387513383091,-61.9000000000001));
#7841=CARTESIAN_POINT('Origin',(61.3081695095519,9.38387513383092,-61.9000000000001));
#7842=CARTESIAN_POINT('',(60.708169510043,11.2638751340356,-61.9000000000001));
#7843=CARTESIAN_POINT('',(44.068298317251,11.2638751340354,-61.9000000000001));
#7844=CARTESIAN_POINT('',(58.828169510056,9.38387513395164,-61.9000000000001));
#7845=CARTESIAN_POINT('Origin',(60.7081695101394,9.38387513395163,-61.9000000000001));
#7846=CARTESIAN_POINT('',(58.828169510056,3.00387513712342,-61.9000000000001));
#7847=CARTESIAN_POINT('',(58.828169510056,4.19193756697583,-61.9000000000001));
#7848=CARTESIAN_POINT('',(60.7081695100402,1.12387513704002,-61.9000000000001));
#7849=CARTESIAN_POINT('Origin',(60.7081695101394,3.00387513712342,-61.9000000000001));
#7850=CARTESIAN_POINT('',(61.3081695097879,1.12387513704037,-61.9000000000001));
#7851=CARTESIAN_POINT('',(43.7682983174011,1.12387513704024,-61.9000000000001));
#7852=CARTESIAN_POINT('',(63.188169509756,3.00387513724413,-61.9000000000001));
#7853=CARTESIAN_POINT('Origin',(61.3081695095519,3.00387513724413,-61.9000000000001));
#7854=CARTESIAN_POINT('',(63.188169509756,1.0019375686221,-61.9000000000001));
#7855=CARTESIAN_POINT('',(36.7081695100402,1.12387513704002,-61.9000000000001));
#7856=CARTESIAN_POINT('',(34.828169510056,3.00387513712342,-61.9000000000001));
#7857=CARTESIAN_POINT('Origin',(36.7081695101394,3.00387513712342,-61.9000000000001));
#7858=CARTESIAN_POINT('',(37.3081695097879,1.12387513704019,-61.9000000000001));
#7859=CARTESIAN_POINT('',(43.7682983174011,1.12387513704024,-61.9000000000001));
#7860=CARTESIAN_POINT('',(39.188169509756,3.00387513724413,-61.9000000000001));
#7861=CARTESIAN_POINT('Origin',(37.3081695095519,3.00387513724413,-61.9000000000001));
#7862=CARTESIAN_POINT('',(39.188169509756,9.38387513383091,-61.9000000000001));
#7863=CARTESIAN_POINT('',(39.1881695097559,1.00193756862218,-61.9000000000001));
#7864=CARTESIAN_POINT('',(37.3081695097948,11.263875134035,-61.9000000000001));
#7865=CARTESIAN_POINT('Origin',(37.3081695095519,9.38387513383092,-61.9000000000001));
#7866=CARTESIAN_POINT('',(36.708169510043,11.2638751340353,-61.9000000000001));
#7867=CARTESIAN_POINT('',(44.068298317251,11.2638751340354,-61.9000000000001));
#7868=CARTESIAN_POINT('',(34.828169510056,9.38387513395164,-61.9000000000001));
#7869=CARTESIAN_POINT('Origin',(36.7081695101394,9.38387513395163,-61.9000000000001));
#7870=CARTESIAN_POINT('',(34.828169510056,4.19193756697584,-61.9000000000001));
#7871=CARTESIAN_POINT('',(24.7081695100402,1.12387513704002,-61.9000000000001));
#7872=CARTESIAN_POINT('',(22.828169510056,3.00387513712342,-61.9000000000001));
#7873=CARTESIAN_POINT('Origin',(24.7081695101394,3.00387513712342,-61.9000000000001));
#7874=CARTESIAN_POINT('',(25.3081695097879,1.12387513704011,-61.9000000000001));
#7875=CARTESIAN_POINT('',(43.7682983174011,1.12387513704024,-61.9000000000001));
#7876=CARTESIAN_POINT('',(27.188169509756,3.00387513724413,-61.9000000000001));
#7877=CARTESIAN_POINT('Origin',(25.3081695095519,3.00387513724413,-61.9000000000001));
#7878=CARTESIAN_POINT('',(27.188169509756,9.38387513383091,-61.9000000000001));
#7879=CARTESIAN_POINT('',(27.1881695097559,1.00193756862223,-61.9000000000001));
#7880=CARTESIAN_POINT('',(25.3081695097947,11.263875134035,-61.9000000000001));
#7881=CARTESIAN_POINT('Origin',(25.3081695095519,9.38387513383092,-61.9000000000001));
#7882=CARTESIAN_POINT('',(24.708169510043,11.2638751340352,-61.9000000000001));
#7883=CARTESIAN_POINT('',(44.068298317251,11.2638751340354,-61.9000000000001));
#7884=CARTESIAN_POINT('',(22.828169510056,9.38387513395164,-61.9000000000001));
#7885=CARTESIAN_POINT('Origin',(24.7081695101394,9.38387513395163,-61.9000000000001));
#7886=CARTESIAN_POINT('',(22.828169510056,4.19193756697585,-61.9000000000001));
#7887=CARTESIAN_POINT('',(75.188169509756,3.00387513724413,-61.9000000000001));
#7888=CARTESIAN_POINT('',(73.3081695098327,1.12387513704003,-61.9000000000001));
#7889=CARTESIAN_POINT('Origin',(73.3081695095519,3.00387513724413,-61.9000000000001));
#7890=CARTESIAN_POINT('',(75.188169509756,9.38387513383091,-61.9000000000001));
#7891=CARTESIAN_POINT('',(75.1881695097559,1.00193756862206,-61.9000000000001));
#7892=CARTESIAN_POINT('',(73.3081695097948,11.263875134035,-61.9000000000001));
#7893=CARTESIAN_POINT('Origin',(73.3081695095519,9.38387513383092,-61.9000000000001));
#7894=CARTESIAN_POINT('',(72.708169510043,11.2638751340357,-61.9000000000001));
#7895=CARTESIAN_POINT('',(44.068298317251,11.2638751340354,-61.9000000000001));
#7896=CARTESIAN_POINT('',(70.828169510056,9.38387513395164,-61.9000000000001));
#7897=CARTESIAN_POINT('Origin',(72.7081695101394,9.38387513395163,-61.9000000000001));
#7898=CARTESIAN_POINT('',(70.828169510056,3.00387513712342,-61.9000000000001));
#7899=CARTESIAN_POINT('',(70.828169510056,4.19193756697582,-61.9000000000001));
#7900=CARTESIAN_POINT('',(72.7081695100402,1.12387513704002,-61.9000000000001));
#7901=CARTESIAN_POINT('Origin',(72.7081695101394,3.00387513712342,-61.9000000000001));
#7902=CARTESIAN_POINT('',(43.7682983174011,1.12387513704024,-61.9000000000001));
#7903=CARTESIAN_POINT('Origin',(8.56,14.8,-49.9169122057121));
#7904=CARTESIAN_POINT('',(8.56,12.8,-57.5169122057121));
#7905=CARTESIAN_POINT('',(8.56,14.8,-57.5169122057121));
#7906=CARTESIAN_POINT('',(8.56,12.8,-59.7000000000001));
#7907=CARTESIAN_POINT('',(8.56,12.8,-55.1084561028561));
#7908=CARTESIAN_POINT('',(8.56,12.2,-60.3000000000001));
#7909=CARTESIAN_POINT('',(8.56,15.595771948572,-56.9042280514281));
#7910=CARTESIAN_POINT('',(8.56,12.8,-60.3000000000001));
#7911=CARTESIAN_POINT('',(8.56,1.31989117587832,-60.3000000000001));
#7912=CARTESIAN_POINT('',(8.56,12.8,-49.9169122057121));
#7913=CARTESIAN_POINT('Origin',(87.5,14.3,-13.5857864376269));
#7914=CARTESIAN_POINT('',(85.6300833980507,16.1699166019493,-2.15322447347437));
#7915=CARTESIAN_POINT('',(87.75,14.05,-11.25));
#7916=CARTESIAN_POINT('Origin',(82.2677669529664,14.3,3.85355339059325));
#7917=CARTESIAN_POINT('',(84.8284271247462,13.8,2.));
#7918=CARTESIAN_POINT('',(84.4142135623731,14.8,1.));
#7919=CARTESIAN_POINT('',(82.6213203435597,13.8,4.20710678118652));
#7920=CARTESIAN_POINT('Origin',(89.,14.8,-11.25));
#7921=CARTESIAN_POINT('',(86.4,10.8,-11.25));
#7922=CARTESIAN_POINT('',(89.,10.8,-11.25));
#7923=CARTESIAN_POINT('',(86.4,12.8,-11.25));
#7924=CARTESIAN_POINT('',(86.4,6.9,-11.25));
#7925=CARTESIAN_POINT('',(81.,12.8,-11.25));
#7926=CARTESIAN_POINT('',(63.5,12.8,-11.25));
#7927=CARTESIAN_POINT('',(81.,14.8,-11.25));
#7928=CARTESIAN_POINT('Origin',(38.,12.4,-26.));
#7929=CARTESIAN_POINT('',(44.75,12.4,-3.));
#7930=CARTESIAN_POINT('Origin',(43.,12.4,-3.));
#7931=CARTESIAN_POINT('Origin',(38.,12.4,-26.));
#7932=CARTESIAN_POINT('',(4.75,12.4,-29.));
#7933=CARTESIAN_POINT('Origin',(3.,12.4,-29.));
#7934=CARTESIAN_POINT('Origin',(38.,12.4,-26.));
#7935=CARTESIAN_POINT('',(84.75,12.4,-29.));
#7936=CARTESIAN_POINT('Origin',(83.,12.4,-29.));
#7937=CARTESIAN_POINT('Origin',(43.,-1.,-3.));
#7938=CARTESIAN_POINT('',(44.75,1.51,-3.));
#7939=CARTESIAN_POINT('',(44.75,-1.,-3.));
#7940=CARTESIAN_POINT('Origin',(43.,1.51,-3.));
#7941=CARTESIAN_POINT('Origin',(3.,-1.,-29.));
#7942=CARTESIAN_POINT('',(4.75,1.51,-29.));
#7943=CARTESIAN_POINT('',(4.75,-1.,-29.));
#7944=CARTESIAN_POINT('Origin',(3.,1.51,-29.));
#7945=CARTESIAN_POINT('Origin',(83.,-1.,-29.));
#7946=CARTESIAN_POINT('',(84.75,1.51,-29.));
#7947=CARTESIAN_POINT('',(84.75,-1.,-29.));
#7948=CARTESIAN_POINT('Origin',(83.,1.51,-29.));
#7949=CARTESIAN_POINT('Origin',(43.,1.51,-2.55));
#7950=CARTESIAN_POINT('',(39.8,1.51,2.22044604925031E-15));
#7951=CARTESIAN_POINT('',(39.8,1.51,-3.));
#7952=CARTESIAN_POINT('',(39.8,1.51,-2.775));
#7953=CARTESIAN_POINT('',(46.2,1.51,-3.));
#7954=CARTESIAN_POINT('Origin',(43.,1.51,-3.));
#7955=CARTESIAN_POINT('',(46.2,1.51,2.22044604925031E-15));
#7956=CARTESIAN_POINT('',(46.2,1.51,-1.075));
#7957=CARTESIAN_POINT('',(43.,1.51,2.22044604925031E-15));
#7958=CARTESIAN_POINT('Origin',(43.,5.5,2.22044604925031E-15));
#7959=CARTESIAN_POINT('',(39.8,12.599,2.22044604925031E-15));
#7960=CARTESIAN_POINT('',(39.8,2.25,2.22044604925031E-15));
#7961=CARTESIAN_POINT('',(46.2,12.599,2.22044604925031E-15));
#7962=CARTESIAN_POINT('',(46.2,2.25,2.22044604925031E-15));
#7963=CARTESIAN_POINT('',(26.0857864376269,12.599,2.22044604925031E-15));
#7964=CARTESIAN_POINT('Origin',(4.17157287525382,12.599,2.));
#7965=CARTESIAN_POINT('',(46.2,12.599,0.400000000000001));
#7966=CARTESIAN_POINT('',(46.2,12.599,1.2));
#7967=CARTESIAN_POINT('',(39.8,12.599,0.400000000000002));
#7968=CARTESIAN_POINT('',(2.67157287525382,12.599,0.400000000000004));
#7969=CARTESIAN_POINT('',(39.8,12.599,-0.500000000000001));
#7970=CARTESIAN_POINT('Origin',(83.45,1.51,-29.));
#7971=CARTESIAN_POINT('',(0.199999999999996,1.51,-32.2));
#7972=CARTESIAN_POINT('',(3.,1.51,-32.2));
#7973=CARTESIAN_POINT('',(84.925,1.51,-32.2));
#7974=CARTESIAN_POINT('',(3.,1.51,-25.8));
#7975=CARTESIAN_POINT('Origin',(3.,1.51,-29.));
#7976=CARTESIAN_POINT('',(0.199999999999996,1.51,-25.8));
#7977=CARTESIAN_POINT('',(83.225,1.51,-25.8));
#7978=CARTESIAN_POINT('',(-0.400000000000001,1.51,-25.2));
#7979=CARTESIAN_POINT('',(21.6624999999999,1.51,-47.2625));
#7980=CARTESIAN_POINT('',(-0.400000000000001,1.51,-32.8));
#7981=CARTESIAN_POINT('',(-0.400000000000001,1.51,-39.9142135623731));
#7982=CARTESIAN_POINT('',(21.6625,1.51,-10.7375));
#7983=CARTESIAN_POINT('Origin',(-0.100000000000003,-1.,-32.5));
#7984=CARTESIAN_POINT('',(0.199999999999998,12.8,-32.2));
#7985=CARTESIAN_POINT('',(-0.400000000000001,12.2,-32.8));
#7986=CARTESIAN_POINT('',(-3.33570226039552,9.26429773960449,-35.7357022603956));
#7987=CARTESIAN_POINT('',(0.199999999999996,-1.,-32.2));
#7988=CARTESIAN_POINT('',(-0.400000000000001,-1.,-32.8));
#7989=CARTESIAN_POINT('Origin',(-0.100000000000003,-1.,-25.5));
#7990=CARTESIAN_POINT('',(-0.400000000000001,12.2,-25.2));
#7991=CARTESIAN_POINT('',(0.199999999999998,12.8,-25.8));
#7992=CARTESIAN_POINT('',(-0.197631072937802,12.4023689270622,-25.4023689270622));
#7993=CARTESIAN_POINT('',(-0.400000000000001,-1.,-25.2));
#7994=CARTESIAN_POINT('',(0.199999999999996,-1.,-25.8));
#7995=CARTESIAN_POINT('Origin',(12.7081695101394,3.00387513712342,-54.0000000000001));
#7996=CARTESIAN_POINT('',(11.128169510056,3.00387513712342,-61.6000000000001));
#7997=CARTESIAN_POINT('',(12.708169510056,1.42387513704002,-61.6000000000001));
#7998=CARTESIAN_POINT('Origin',(12.7081695101394,3.00387513712342,-61.6000000000001));
#7999=CARTESIAN_POINT('',(11.128169510056,3.00387513712342,-60.3000000000001));
#8000=CARTESIAN_POINT('',(11.128169510056,3.00387513712342,-54.0000000000001));
#8001=CARTESIAN_POINT('',(12.708169510056,1.42387513704002,-60.3000000000001));
#8002=CARTESIAN_POINT('Origin',(12.7081695101394,3.00387513712342,-60.3000000000001));
#8003=CARTESIAN_POINT('',(12.708169510056,1.42387513704002,-54.0000000000001));
#8004=CARTESIAN_POINT('Origin',(12.708169510056,1.42387513704002,-54.0000000000001));
#8005=CARTESIAN_POINT('',(13.3081695097879,1.42387513704002,-61.6000000000001));
#8006=CARTESIAN_POINT('',(43.7682983174011,1.42387513704024,-61.6000000000001));
#8007=CARTESIAN_POINT('',(13.3081695097879,1.42387513704002,-60.3000000000001));
#8008=CARTESIAN_POINT('',(46.2682983174011,1.42387513704026,-60.3000000000001));
#8009=CARTESIAN_POINT('',(13.3081695097879,1.42387513704002,-54.0000000000001));
#8010=CARTESIAN_POINT('Origin',(13.3081695095519,3.00387513724413,-54.0000000000001));
#8011=CARTESIAN_POINT('',(14.888169509756,3.00387513724413,-61.6000000000001));
#8012=CARTESIAN_POINT('Origin',(13.3081695095519,3.00387513724413,-61.6000000000001));
#8013=CARTESIAN_POINT('',(14.888169509756,3.00387513724413,-60.3000000000001));
#8014=CARTESIAN_POINT('Origin',(13.3081695095519,3.00387513724413,-60.3000000000001));
#8015=CARTESIAN_POINT('',(14.888169509756,3.00387513724413,-54.0000000000001));
#8016=CARTESIAN_POINT('Origin',(14.888169509756,3.00387513724413,-54.0000000000001));
#8017=CARTESIAN_POINT('',(14.888169509756,9.38387513383091,-61.6000000000001));
#8018=CARTESIAN_POINT('',(14.8881695097559,1.00193756862227,-61.6000000000001));
#8019=CARTESIAN_POINT('',(14.888169509756,9.38387513383091,-60.3000000000001));
#8020=CARTESIAN_POINT('',(14.8881695097559,1.30193756862229,-60.3000000000001));
#8021=CARTESIAN_POINT('',(14.888169509756,9.38387513383091,-54.0000000000001));
#8022=CARTESIAN_POINT('Origin',(13.3081695095519,9.38387513383092,-54.0000000000001));
#8023=CARTESIAN_POINT('',(13.308169509756,10.963875134035,-61.6000000000001));
#8024=CARTESIAN_POINT('Origin',(13.3081695095519,9.38387513383092,-61.6000000000001));
#8025=CARTESIAN_POINT('',(13.308169509756,10.963875134035,-60.3000000000001));
#8026=CARTESIAN_POINT('Origin',(13.3081695095519,9.38387513383092,-60.3000000000001));
#8027=CARTESIAN_POINT('',(13.308169509756,10.963875134035,-54.0000000000001));
#8028=CARTESIAN_POINT('Origin',(13.308169509756,10.963875134035,-54.0000000000001));
#8029=CARTESIAN_POINT('',(12.708169510043,10.963875134035,-61.6000000000001));
#8030=CARTESIAN_POINT('',(44.068298317251,10.9638751340354,-61.6000000000001));
#8031=CARTESIAN_POINT('',(12.708169510043,10.963875134035,-60.3000000000001));
#8032=CARTESIAN_POINT('',(46.568298317251,10.9638751340354,-60.3000000000001));
#8033=CARTESIAN_POINT('',(12.708169510043,10.963875134035,-54.0000000000001));
#8034=CARTESIAN_POINT('Origin',(12.7081695101394,9.38387513395163,-54.0000000000001));
#8035=CARTESIAN_POINT('',(11.128169510056,9.38387513395163,-61.6000000000001));
#8036=CARTESIAN_POINT('Origin',(12.7081695101394,9.38387513395163,-61.6000000000001));
#8037=CARTESIAN_POINT('',(11.128169510056,9.38387513395163,-60.3000000000001));
#8038=CARTESIAN_POINT('Origin',(12.7081695101394,9.38387513395163,-60.3000000000001));
#8039=CARTESIAN_POINT('',(11.128169510056,9.38387513395163,-54.0000000000001));
#8040=CARTESIAN_POINT('Origin',(11.128169510056,9.38387513395163,-54.0000000000001));
#8041=CARTESIAN_POINT('',(11.128169510056,4.19193756697586,-61.6000000000001));
#8042=CARTESIAN_POINT('',(11.128169510056,4.49193756697586,-60.3000000000001));
#8043=CARTESIAN_POINT('Origin',(60.7081695101394,3.00387513712342,-54.0000000000001));
#8044=CARTESIAN_POINT('',(59.128169510056,3.00387513712342,-61.6000000000001));
#8045=CARTESIAN_POINT('',(60.708169510056,1.42387513704002,-61.6000000000001));
#8046=CARTESIAN_POINT('Origin',(60.7081695101394,3.00387513712342,-61.6000000000001));
#8047=CARTESIAN_POINT('',(59.128169510056,3.00387513712342,-60.3000000000001));
#8048=CARTESIAN_POINT('',(59.128169510056,3.00387513712342,-54.0000000000001));
#8049=CARTESIAN_POINT('',(60.708169510056,1.42387513704002,-60.3000000000001));
#8050=CARTESIAN_POINT('Origin',(60.7081695101394,3.00387513712342,-60.3000000000001));
#8051=CARTESIAN_POINT('',(60.708169510056,1.42387513704002,-54.0000000000001));
#8052=CARTESIAN_POINT('Origin',(12.708169510056,1.42387513704002,-54.0000000000001));
#8053=CARTESIAN_POINT('',(61.3081695097879,1.42387513704002,-61.6000000000001));
#8054=CARTESIAN_POINT('',(43.7682983174011,1.42387513704024,-61.6000000000001));
#8055=CARTESIAN_POINT('',(61.3081695097879,1.42387513704002,-60.3000000000001));
#8056=CARTESIAN_POINT('',(46.2682983174011,1.42387513704026,-60.3000000000001));
#8057=CARTESIAN_POINT('',(61.3081695097879,1.42387513704002,-54.0000000000001));
#8058=CARTESIAN_POINT('Origin',(61.3081695095519,3.00387513724413,-54.0000000000001));
#8059=CARTESIAN_POINT('',(62.888169509756,3.00387513724413,-61.6000000000001));
#8060=CARTESIAN_POINT('Origin',(61.3081695095519,3.00387513724413,-61.6000000000001));
#8061=CARTESIAN_POINT('',(62.888169509756,3.00387513724413,-60.3000000000001));
#8062=CARTESIAN_POINT('Origin',(61.3081695095519,3.00387513724413,-60.3000000000001));
#8063=CARTESIAN_POINT('',(62.888169509756,3.00387513724413,-54.0000000000001));
#8064=CARTESIAN_POINT('Origin',(62.888169509756,3.00387513724413,-54.0000000000001));
#8065=CARTESIAN_POINT('',(62.888169509756,9.38387513383091,-61.6000000000001));
#8066=CARTESIAN_POINT('',(62.8881695097559,1.0019375686221,-61.6000000000001));
#8067=CARTESIAN_POINT('',(62.888169509756,9.38387513383091,-60.3000000000001));
#8068=CARTESIAN_POINT('',(62.8881695097559,1.30193756862212,-60.3000000000001));
#8069=CARTESIAN_POINT('',(62.888169509756,9.38387513383091,-54.0000000000001));
#8070=CARTESIAN_POINT('Origin',(61.3081695095519,9.38387513383092,-54.0000000000001));
#8071=CARTESIAN_POINT('',(61.308169509756,10.963875134035,-61.6000000000001));
#8072=CARTESIAN_POINT('Origin',(61.3081695095519,9.38387513383092,-61.6000000000001));
#8073=CARTESIAN_POINT('',(61.308169509756,10.963875134035,-60.3000000000001));
#8074=CARTESIAN_POINT('Origin',(61.3081695095519,9.38387513383092,-60.3000000000001));
#8075=CARTESIAN_POINT('',(61.308169509756,10.963875134035,-54.0000000000001));
#8076=CARTESIAN_POINT('Origin',(13.308169509756,10.963875134035,-54.0000000000001));
#8077=CARTESIAN_POINT('',(60.708169510043,10.963875134035,-61.6000000000001));
#8078=CARTESIAN_POINT('',(44.068298317251,10.9638751340354,-61.6000000000001));
#8079=CARTESIAN_POINT('',(60.708169510043,10.963875134035,-60.3000000000001));
#8080=CARTESIAN_POINT('',(46.568298317251,10.9638751340354,-60.3000000000001));
#8081=CARTESIAN_POINT('',(60.708169510043,10.963875134035,-54.0000000000001));
#8082=CARTESIAN_POINT('Origin',(60.7081695101394,9.38387513395163,-54.0000000000001));
#8083=CARTESIAN_POINT('',(59.128169510056,9.38387513395163,-61.6000000000001));
#8084=CARTESIAN_POINT('Origin',(60.7081695101394,9.38387513395163,-61.6000000000001));
#8085=CARTESIAN_POINT('',(59.128169510056,9.38387513395163,-60.3000000000001));
#8086=CARTESIAN_POINT('Origin',(60.7081695101394,9.38387513395163,-60.3000000000001));
#8087=CARTESIAN_POINT('',(59.128169510056,9.38387513395163,-54.0000000000001));
#8088=CARTESIAN_POINT('Origin',(59.128169510056,9.38387513395163,-54.0000000000001));
#8089=CARTESIAN_POINT('',(59.128169510056,4.19193756697583,-61.6000000000001));
#8090=CARTESIAN_POINT('',(59.128169510056,4.49193756697583,-60.3000000000001));
#8091=CARTESIAN_POINT('Origin',(48.7081695101394,3.00387513712342,-54.0000000000001));
#8092=CARTESIAN_POINT('',(47.128169510056,3.00387513712342,-61.6000000000001));
#8093=CARTESIAN_POINT('',(48.708169510056,1.42387513704002,-61.6000000000001));
#8094=CARTESIAN_POINT('Origin',(48.7081695101394,3.00387513712342,-61.6000000000001));
#8095=CARTESIAN_POINT('',(47.128169510056,3.00387513712342,-60.3000000000001));
#8096=CARTESIAN_POINT('',(47.128169510056,3.00387513712342,-54.0000000000001));
#8097=CARTESIAN_POINT('',(48.708169510056,1.42387513704002,-60.3000000000001));
#8098=CARTESIAN_POINT('Origin',(48.7081695101394,3.00387513712342,-60.3000000000001));
#8099=CARTESIAN_POINT('',(48.708169510056,1.42387513704002,-54.0000000000001));
#8100=CARTESIAN_POINT('Origin',(12.708169510056,1.42387513704002,-54.0000000000001));
#8101=CARTESIAN_POINT('',(49.3081695097879,1.42387513704002,-61.6000000000001));
#8102=CARTESIAN_POINT('',(43.7682983174011,1.42387513704024,-61.6000000000001));
#8103=CARTESIAN_POINT('',(49.3081695097879,1.42387513704002,-60.3000000000001));
#8104=CARTESIAN_POINT('',(46.2682983174011,1.42387513704026,-60.3000000000001));
#8105=CARTESIAN_POINT('',(49.3081695097879,1.42387513704002,-54.0000000000001));
#8106=CARTESIAN_POINT('Origin',(49.3081695095519,3.00387513724413,-54.0000000000001));
#8107=CARTESIAN_POINT('',(50.888169509756,3.00387513724413,-61.6000000000001));
#8108=CARTESIAN_POINT('Origin',(49.3081695095519,3.00387513724413,-61.6000000000001));
#8109=CARTESIAN_POINT('',(50.888169509756,3.00387513724413,-60.3000000000001));
#8110=CARTESIAN_POINT('Origin',(49.3081695095519,3.00387513724413,-60.3000000000001));
#8111=CARTESIAN_POINT('',(50.888169509756,3.00387513724413,-54.0000000000001));
#8112=CARTESIAN_POINT('Origin',(50.888169509756,3.00387513724413,-54.0000000000001));
#8113=CARTESIAN_POINT('',(50.888169509756,9.38387513383091,-61.6000000000001));
#8114=CARTESIAN_POINT('',(50.8881695097559,1.00193756862215,-61.6000000000001));
#8115=CARTESIAN_POINT('',(50.888169509756,9.38387513383091,-60.3000000000001));
#8116=CARTESIAN_POINT('',(50.8881695097559,1.30193756862216,-60.3000000000001));
#8117=CARTESIAN_POINT('',(50.888169509756,9.38387513383091,-54.0000000000001));
#8118=CARTESIAN_POINT('Origin',(49.3081695095519,9.38387513383092,-54.0000000000001));
#8119=CARTESIAN_POINT('',(49.308169509756,10.963875134035,-61.6000000000001));
#8120=CARTESIAN_POINT('Origin',(49.3081695095519,9.38387513383092,-61.6000000000001));
#8121=CARTESIAN_POINT('',(49.308169509756,10.963875134035,-60.3000000000001));
#8122=CARTESIAN_POINT('Origin',(49.3081695095519,9.38387513383092,-60.3000000000001));
#8123=CARTESIAN_POINT('',(49.308169509756,10.963875134035,-54.0000000000001));
#8124=CARTESIAN_POINT('Origin',(13.308169509756,10.963875134035,-54.0000000000001));
#8125=CARTESIAN_POINT('',(48.708169510043,10.963875134035,-61.6000000000001));
#8126=CARTESIAN_POINT('',(44.068298317251,10.9638751340354,-61.6000000000001));
#8127=CARTESIAN_POINT('',(48.708169510043,10.963875134035,-60.3000000000001));
#8128=CARTESIAN_POINT('',(46.568298317251,10.9638751340354,-60.3000000000001));
#8129=CARTESIAN_POINT('',(48.708169510043,10.963875134035,-54.0000000000001));
#8130=CARTESIAN_POINT('Origin',(48.7081695101394,9.38387513395163,-54.0000000000001));
#8131=CARTESIAN_POINT('',(47.128169510056,9.38387513395163,-61.6000000000001));
#8132=CARTESIAN_POINT('Origin',(48.7081695101394,9.38387513395163,-61.6000000000001));
#8133=CARTESIAN_POINT('',(47.128169510056,9.38387513395163,-60.3000000000001));
#8134=CARTESIAN_POINT('Origin',(48.7081695101394,9.38387513395163,-60.3000000000001));
#8135=CARTESIAN_POINT('',(47.128169510056,9.38387513395163,-54.0000000000001));
#8136=CARTESIAN_POINT('Origin',(47.128169510056,9.38387513395163,-54.0000000000001));
#8137=CARTESIAN_POINT('',(47.128169510056,4.19193756697584,-61.6000000000001));
#8138=CARTESIAN_POINT('',(47.128169510056,4.49193756697584,-60.3000000000001));
#8139=CARTESIAN_POINT('Origin',(24.7081695101394,3.00387513712342,-54.0000000000001));
#8140=CARTESIAN_POINT('',(23.128169510056,3.00387513712342,-61.6000000000001));
#8141=CARTESIAN_POINT('',(24.708169510056,1.42387513704002,-61.6000000000001));
#8142=CARTESIAN_POINT('Origin',(24.7081695101394,3.00387513712342,-61.6000000000001));
#8143=CARTESIAN_POINT('',(23.128169510056,3.00387513712342,-60.3000000000001));
#8144=CARTESIAN_POINT('',(23.128169510056,3.00387513712342,-54.0000000000001));
#8145=CARTESIAN_POINT('',(24.708169510056,1.42387513704002,-60.3000000000001));
#8146=CARTESIAN_POINT('Origin',(24.7081695101394,3.00387513712342,-60.3000000000001));
#8147=CARTESIAN_POINT('',(24.708169510056,1.42387513704002,-54.0000000000001));
#8148=CARTESIAN_POINT('Origin',(12.708169510056,1.42387513704002,-54.0000000000001));
#8149=CARTESIAN_POINT('',(25.3081695097879,1.42387513704002,-61.6000000000001));
#8150=CARTESIAN_POINT('',(43.7682983174011,1.42387513704024,-61.6000000000001));
#8151=CARTESIAN_POINT('',(25.3081695097879,1.42387513704002,-60.3000000000001));
#8152=CARTESIAN_POINT('',(46.2682983174011,1.42387513704026,-60.3000000000001));
#8153=CARTESIAN_POINT('',(25.3081695097879,1.42387513704002,-54.0000000000001));
#8154=CARTESIAN_POINT('Origin',(25.3081695095519,3.00387513724413,-54.0000000000001));
#8155=CARTESIAN_POINT('',(26.888169509756,3.00387513724413,-61.6000000000001));
#8156=CARTESIAN_POINT('Origin',(25.3081695095519,3.00387513724413,-61.6000000000001));
#8157=CARTESIAN_POINT('',(26.888169509756,3.00387513724413,-60.3000000000001));
#8158=CARTESIAN_POINT('Origin',(25.3081695095519,3.00387513724413,-60.3000000000001));
#8159=CARTESIAN_POINT('',(26.888169509756,3.00387513724413,-54.0000000000001));
#8160=CARTESIAN_POINT('Origin',(26.888169509756,3.00387513724413,-54.0000000000001));
#8161=CARTESIAN_POINT('',(26.888169509756,9.38387513383091,-61.6000000000001));
#8162=CARTESIAN_POINT('',(26.8881695097559,1.00193756862223,-61.6000000000001));
#8163=CARTESIAN_POINT('',(26.888169509756,9.38387513383091,-60.3000000000001));
#8164=CARTESIAN_POINT('',(26.8881695097559,1.30193756862224,-60.3000000000001));
#8165=CARTESIAN_POINT('',(26.888169509756,9.38387513383091,-54.0000000000001));
#8166=CARTESIAN_POINT('Origin',(25.3081695095519,9.38387513383092,-54.0000000000001));
#8167=CARTESIAN_POINT('',(25.308169509756,10.963875134035,-61.6000000000001));
#8168=CARTESIAN_POINT('Origin',(25.3081695095519,9.38387513383092,-61.6000000000001));
#8169=CARTESIAN_POINT('',(25.308169509756,10.963875134035,-60.3000000000001));
#8170=CARTESIAN_POINT('Origin',(25.3081695095519,9.38387513383092,-60.3000000000001));
#8171=CARTESIAN_POINT('',(25.308169509756,10.963875134035,-54.0000000000001));
#8172=CARTESIAN_POINT('Origin',(13.308169509756,10.963875134035,-54.0000000000001));
#8173=CARTESIAN_POINT('',(24.708169510043,10.963875134035,-61.6000000000001));
#8174=CARTESIAN_POINT('',(44.068298317251,10.9638751340354,-61.6000000000001));
#8175=CARTESIAN_POINT('',(24.708169510043,10.963875134035,-60.3000000000001));
#8176=CARTESIAN_POINT('',(46.568298317251,10.9638751340354,-60.3000000000001));
#8177=CARTESIAN_POINT('',(24.708169510043,10.963875134035,-54.0000000000001));
#8178=CARTESIAN_POINT('Origin',(24.7081695101394,9.38387513395163,-54.0000000000001));
#8179=CARTESIAN_POINT('',(23.128169510056,9.38387513395163,-61.6000000000001));
#8180=CARTESIAN_POINT('Origin',(24.7081695101394,9.38387513395163,-61.6000000000001));
#8181=CARTESIAN_POINT('',(23.128169510056,9.38387513395163,-60.3000000000001));
#8182=CARTESIAN_POINT('Origin',(24.7081695101394,9.38387513395163,-60.3000000000001));
#8183=CARTESIAN_POINT('',(23.128169510056,9.38387513395163,-54.0000000000001));
#8184=CARTESIAN_POINT('Origin',(23.128169510056,9.38387513395163,-54.0000000000001));
#8185=CARTESIAN_POINT('',(23.128169510056,4.19193756697585,-61.6000000000001));
#8186=CARTESIAN_POINT('',(23.128169510056,4.49193756697586,-60.3000000000001));
#8187=CARTESIAN_POINT('Origin',(72.7081695101394,3.00387513712342,-54.0000000000001));
#8188=CARTESIAN_POINT('',(71.128169510056,3.00387513712342,-61.6000000000001));
#8189=CARTESIAN_POINT('',(72.708169510056,1.42387513704002,-61.6000000000001));
#8190=CARTESIAN_POINT('Origin',(72.7081695101394,3.00387513712342,-61.6000000000001));
#8191=CARTESIAN_POINT('',(71.128169510056,3.00387513712342,-60.3000000000001));
#8192=CARTESIAN_POINT('',(71.128169510056,3.00387513712342,-54.0000000000001));
#8193=CARTESIAN_POINT('',(72.708169510056,1.42387513704002,-60.3000000000001));
#8194=CARTESIAN_POINT('Origin',(72.7081695101394,3.00387513712342,-60.3000000000001));
#8195=CARTESIAN_POINT('',(72.708169510056,1.42387513704002,-54.0000000000001));
#8196=CARTESIAN_POINT('Origin',(12.708169510056,1.42387513704002,-54.0000000000001));
#8197=CARTESIAN_POINT('',(73.3081695097879,1.42387513704002,-61.6000000000001));
#8198=CARTESIAN_POINT('',(43.7682983174011,1.42387513704024,-61.6000000000001));
#8199=CARTESIAN_POINT('',(73.3081695097879,1.42387513704002,-60.3000000000001));
#8200=CARTESIAN_POINT('',(46.2682983174011,1.42387513704026,-60.3000000000001));
#8201=CARTESIAN_POINT('',(73.3081695097879,1.42387513704002,-54.0000000000001));
#8202=CARTESIAN_POINT('Origin',(73.3081695095519,3.00387513724413,-54.0000000000001));
#8203=CARTESIAN_POINT('',(74.888169509756,3.00387513724413,-61.6000000000001));
#8204=CARTESIAN_POINT('Origin',(73.3081695095519,3.00387513724413,-61.6000000000001));
#8205=CARTESIAN_POINT('',(74.888169509756,3.00387513724413,-60.3000000000001));
#8206=CARTESIAN_POINT('Origin',(73.3081695095519,3.00387513724413,-60.3000000000001));
#8207=CARTESIAN_POINT('',(74.888169509756,3.00387513724413,-54.0000000000001));
#8208=CARTESIAN_POINT('Origin',(74.888169509756,3.00387513724413,-54.0000000000001));
#8209=CARTESIAN_POINT('',(74.888169509756,9.38387513383091,-61.6000000000001));
#8210=CARTESIAN_POINT('',(74.8881695097559,1.00193756862206,-61.6000000000001));
#8211=CARTESIAN_POINT('',(74.888169509756,9.38387513383091,-60.3000000000001));
#8212=CARTESIAN_POINT('',(74.8881695097559,1.30193756862208,-60.3000000000001));
#8213=CARTESIAN_POINT('',(74.888169509756,9.38387513383091,-54.0000000000001));
#8214=CARTESIAN_POINT('Origin',(73.3081695095519,9.38387513383092,-54.0000000000001));
#8215=CARTESIAN_POINT('',(73.308169509756,10.963875134035,-61.6000000000001));
#8216=CARTESIAN_POINT('Origin',(73.3081695095519,9.38387513383092,-61.6000000000001));
#8217=CARTESIAN_POINT('',(73.308169509756,10.963875134035,-60.3000000000001));
#8218=CARTESIAN_POINT('Origin',(73.3081695095519,9.38387513383092,-60.3000000000001));
#8219=CARTESIAN_POINT('',(73.308169509756,10.963875134035,-54.0000000000001));
#8220=CARTESIAN_POINT('Origin',(13.308169509756,10.963875134035,-54.0000000000001));
#8221=CARTESIAN_POINT('',(72.708169510043,10.963875134035,-61.6000000000001));
#8222=CARTESIAN_POINT('',(44.068298317251,10.9638751340354,-61.6000000000001));
#8223=CARTESIAN_POINT('',(72.708169510043,10.963875134035,-60.3000000000001));
#8224=CARTESIAN_POINT('',(46.568298317251,10.9638751340354,-60.3000000000001));
#8225=CARTESIAN_POINT('',(72.708169510043,10.963875134035,-54.0000000000001));
#8226=CARTESIAN_POINT('Origin',(72.7081695101394,9.38387513395163,-54.0000000000001));
#8227=CARTESIAN_POINT('',(71.128169510056,9.38387513395163,-61.6000000000001));
#8228=CARTESIAN_POINT('Origin',(72.7081695101394,9.38387513395163,-61.6000000000001));
#8229=CARTESIAN_POINT('',(71.128169510056,9.38387513395163,-60.3000000000001));
#8230=CARTESIAN_POINT('Origin',(72.7081695101394,9.38387513395163,-60.3000000000001));
#8231=CARTESIAN_POINT('',(71.128169510056,9.38387513395163,-54.0000000000001));
#8232=CARTESIAN_POINT('Origin',(71.128169510056,9.38387513395163,-54.0000000000001));
#8233=CARTESIAN_POINT('',(71.128169510056,4.19193756697582,-61.6000000000001));
#8234=CARTESIAN_POINT('',(71.128169510056,4.49193756697582,-60.3000000000001));
#8235=CARTESIAN_POINT('Origin',(36.7081695101394,3.00387513712342,-54.0000000000001));
#8236=CARTESIAN_POINT('',(35.128169510056,3.00387513712342,-61.6000000000001));
#8237=CARTESIAN_POINT('',(36.708169510056,1.42387513704002,-61.6000000000001));
#8238=CARTESIAN_POINT('Origin',(36.7081695101394,3.00387513712342,-61.6000000000001));
#8239=CARTESIAN_POINT('',(35.128169510056,3.00387513712342,-60.3000000000001));
#8240=CARTESIAN_POINT('',(35.128169510056,3.00387513712342,-54.0000000000001));
#8241=CARTESIAN_POINT('',(36.708169510056,1.42387513704002,-60.3000000000001));
#8242=CARTESIAN_POINT('Origin',(36.7081695101394,3.00387513712342,-60.3000000000001));
#8243=CARTESIAN_POINT('',(36.708169510056,1.42387513704002,-54.0000000000001));
#8244=CARTESIAN_POINT('Origin',(12.708169510056,1.42387513704002,-54.0000000000001));
#8245=CARTESIAN_POINT('',(37.3081695097879,1.42387513704002,-61.6000000000001));
#8246=CARTESIAN_POINT('',(43.7682983174011,1.42387513704024,-61.6000000000001));
#8247=CARTESIAN_POINT('',(37.3081695097879,1.42387513704002,-60.3000000000001));
#8248=CARTESIAN_POINT('',(46.2682983174011,1.42387513704026,-60.3000000000001));
#8249=CARTESIAN_POINT('',(37.3081695097879,1.42387513704002,-54.0000000000001));
#8250=CARTESIAN_POINT('Origin',(37.3081695095519,3.00387513724413,-54.0000000000001));
#8251=CARTESIAN_POINT('',(38.888169509756,3.00387513724413,-61.6000000000001));
#8252=CARTESIAN_POINT('Origin',(37.3081695095519,3.00387513724413,-61.6000000000001));
#8253=CARTESIAN_POINT('',(38.888169509756,3.00387513724413,-60.3000000000001));
#8254=CARTESIAN_POINT('Origin',(37.3081695095519,3.00387513724413,-60.3000000000001));
#8255=CARTESIAN_POINT('',(38.888169509756,3.00387513724413,-54.0000000000001));
#8256=CARTESIAN_POINT('Origin',(38.888169509756,3.00387513724413,-54.0000000000001));
#8257=CARTESIAN_POINT('',(38.888169509756,9.38387513383091,-61.6000000000001));
#8258=CARTESIAN_POINT('',(38.8881695097559,1.00193756862219,-61.6000000000001));
#8259=CARTESIAN_POINT('',(38.888169509756,9.38387513383091,-60.3000000000001));
#8260=CARTESIAN_POINT('',(38.8881695097559,1.3019375686222,-60.3000000000001));
#8261=CARTESIAN_POINT('',(38.888169509756,9.38387513383091,-54.0000000000001));
#8262=CARTESIAN_POINT('Origin',(37.3081695095519,9.38387513383092,-54.0000000000001));
#8263=CARTESIAN_POINT('',(37.308169509756,10.963875134035,-61.6000000000001));
#8264=CARTESIAN_POINT('Origin',(37.3081695095519,9.38387513383092,-61.6000000000001));
#8265=CARTESIAN_POINT('',(37.308169509756,10.963875134035,-60.3000000000001));
#8266=CARTESIAN_POINT('Origin',(37.3081695095519,9.38387513383092,-60.3000000000001));
#8267=CARTESIAN_POINT('',(37.308169509756,10.963875134035,-54.0000000000001));
#8268=CARTESIAN_POINT('Origin',(13.308169509756,10.963875134035,-54.0000000000001));
#8269=CARTESIAN_POINT('',(36.708169510043,10.963875134035,-61.6000000000001));
#8270=CARTESIAN_POINT('',(44.068298317251,10.9638751340354,-61.6000000000001));
#8271=CARTESIAN_POINT('',(36.708169510043,10.963875134035,-60.3000000000001));
#8272=CARTESIAN_POINT('',(46.568298317251,10.9638751340354,-60.3000000000001));
#8273=CARTESIAN_POINT('',(36.708169510043,10.963875134035,-54.0000000000001));
#8274=CARTESIAN_POINT('Origin',(36.7081695101394,9.38387513395163,-54.0000000000001));
#8275=CARTESIAN_POINT('',(35.128169510056,9.38387513395163,-61.6000000000001));
#8276=CARTESIAN_POINT('Origin',(36.7081695101394,9.38387513395163,-61.6000000000001));
#8277=CARTESIAN_POINT('',(35.128169510056,9.38387513395163,-60.3000000000001));
#8278=CARTESIAN_POINT('Origin',(36.7081695101394,9.38387513395163,-60.3000000000001));
#8279=CARTESIAN_POINT('',(35.128169510056,9.38387513395163,-54.0000000000001));
#8280=CARTESIAN_POINT('Origin',(35.128169510056,9.38387513395163,-54.0000000000001));
#8281=CARTESIAN_POINT('',(35.128169510056,4.19193756697584,-61.6000000000001));
#8282=CARTESIAN_POINT('',(35.128169510056,4.49193756697585,-60.3000000000001));
#8283=CARTESIAN_POINT('Origin',(43.7682983174011,1.27387513704024,-61.7500000000001));
#8284=CARTESIAN_POINT('',(73.3081695098327,1.12387513704003,-61.9000000000001));
#8285=CARTESIAN_POINT('',(72.708169510056,1.42387513704002,-61.6000000000001));
#8286=CARTESIAN_POINT('Origin',(72.7081695101394,3.00387513712342,-61.7500000000001));
#8287=CARTESIAN_POINT('',(71.128169510056,3.00387513712342,-61.6000000000001));
#8288=CARTESIAN_POINT('Origin',(70.978169510056,4.19193756697582,-61.7500000000001));
#8289=CARTESIAN_POINT('',(71.128169510056,9.38387513395163,-61.6000000000001));
#8290=CARTESIAN_POINT('Origin',(72.7081695101394,9.38387513395163,-61.7500000000001));
#8291=CARTESIAN_POINT('',(72.708169510043,10.963875134035,-61.6000000000001));
#8292=CARTESIAN_POINT('Origin',(44.068298317251,11.1138751340354,-61.7500000000001));
#8293=CARTESIAN_POINT('',(73.308169509756,10.963875134035,-61.6000000000001));
#8294=CARTESIAN_POINT('Origin',(73.3081695095519,9.38387513383092,-61.7500000000001));
#8295=CARTESIAN_POINT('',(74.888169509756,9.38387513383091,-61.6000000000001));
#8296=CARTESIAN_POINT('Origin',(75.0381695097559,1.00193756862206,-61.7500000000001));
#8297=CARTESIAN_POINT('',(74.888169509756,3.00387513724413,-61.6000000000001));
#8298=CARTESIAN_POINT('Origin',(73.3081695095519,3.00387513724413,-61.7500000000001));
#8299=CARTESIAN_POINT('Origin',(22.978169510056,4.19193756697585,-61.7500000000001));
#8300=CARTESIAN_POINT('',(22.828169510056,3.00387513712342,-61.9000000000001));
#8301=CARTESIAN_POINT('',(23.128169510056,9.38387513395163,-61.6000000000001));
#8302=CARTESIAN_POINT('Origin',(24.7081695101394,9.38387513395163,-61.7500000000001));
#8303=CARTESIAN_POINT('',(24.708169510043,10.963875134035,-61.6000000000001));
#8304=CARTESIAN_POINT('Origin',(44.068298317251,11.1138751340354,-61.7500000000001));
#8305=CARTESIAN_POINT('',(25.308169509756,10.963875134035,-61.6000000000001));
#8306=CARTESIAN_POINT('Origin',(25.3081695095519,9.38387513383092,-61.7500000000001));
#8307=CARTESIAN_POINT('',(26.888169509756,9.38387513383091,-61.6000000000001));
#8308=CARTESIAN_POINT('Origin',(27.0381695097559,1.00193756862223,-61.7500000000001));
#8309=CARTESIAN_POINT('',(26.888169509756,3.00387513724413,-61.6000000000001));
#8310=CARTESIAN_POINT('Origin',(25.3081695095519,3.00387513724413,-61.7500000000001));
#8311=CARTESIAN_POINT('',(25.3081695097879,1.42387513704002,-61.6000000000001));
#8312=CARTESIAN_POINT('Origin',(43.7682983174011,1.27387513704024,-61.7500000000001));
#8313=CARTESIAN_POINT('',(24.708169510056,1.42387513704002,-61.6000000000001));
#8314=CARTESIAN_POINT('Origin',(24.7081695101394,3.00387513712342,-61.7500000000001));
#8315=CARTESIAN_POINT('Origin',(34.978169510056,4.19193756697584,-61.7500000000001));
#8316=CARTESIAN_POINT('',(34.828169510056,3.00387513712342,-61.9000000000001));
#8317=CARTESIAN_POINT('',(35.128169510056,9.38387513395163,-61.6000000000001));
#8318=CARTESIAN_POINT('Origin',(36.7081695101394,9.38387513395163,-61.7500000000001));
#8319=CARTESIAN_POINT('',(36.708169510043,10.963875134035,-61.6000000000001));
#8320=CARTESIAN_POINT('Origin',(44.068298317251,11.1138751340354,-61.7500000000001));
#8321=CARTESIAN_POINT('',(37.308169509756,10.963875134035,-61.6000000000001));
#8322=CARTESIAN_POINT('Origin',(37.3081695095519,9.38387513383092,-61.7500000000001));
#8323=CARTESIAN_POINT('',(38.888169509756,9.38387513383091,-61.6000000000001));
#8324=CARTESIAN_POINT('Origin',(39.0381695097559,1.00193756862219,-61.7500000000001));
#8325=CARTESIAN_POINT('',(38.888169509756,3.00387513724413,-61.6000000000001));
#8326=CARTESIAN_POINT('Origin',(37.3081695095519,3.00387513724413,-61.7500000000001));
#8327=CARTESIAN_POINT('',(37.3081695097879,1.42387513704002,-61.6000000000001));
#8328=CARTESIAN_POINT('Origin',(43.7682983174011,1.27387513704024,-61.7500000000001));
#8329=CARTESIAN_POINT('',(36.708169510056,1.42387513704002,-61.6000000000001));
#8330=CARTESIAN_POINT('Origin',(36.7081695101394,3.00387513712342,-61.7500000000001));
#8331=CARTESIAN_POINT('Origin',(63.0381695097559,1.0019375686221,-61.7500000000001));
#8332=CARTESIAN_POINT('',(63.188169509756,9.38387513383091,-61.9000000000001));
#8333=CARTESIAN_POINT('',(62.888169509756,3.00387513724413,-61.6000000000001));
#8334=CARTESIAN_POINT('Origin',(61.3081695095519,3.00387513724413,-61.7500000000001));
#8335=CARTESIAN_POINT('',(61.3081695097879,1.42387513704002,-61.6000000000001));
#8336=CARTESIAN_POINT('Origin',(43.7682983174011,1.27387513704024,-61.7500000000001));
#8337=CARTESIAN_POINT('',(60.708169510056,1.42387513704002,-61.6000000000001));
#8338=CARTESIAN_POINT('Origin',(60.7081695101394,3.00387513712342,-61.7500000000001));
#8339=CARTESIAN_POINT('',(59.128169510056,3.00387513712342,-61.6000000000001));
#8340=CARTESIAN_POINT('Origin',(58.978169510056,4.19193756697583,-61.7500000000001));
#8341=CARTESIAN_POINT('',(59.128169510056,9.38387513395163,-61.6000000000001));
#8342=CARTESIAN_POINT('Origin',(60.7081695101394,9.38387513395163,-61.7500000000001));
#8343=CARTESIAN_POINT('',(60.708169510043,10.963875134035,-61.6000000000001));
#8344=CARTESIAN_POINT('Origin',(44.068298317251,11.1138751340354,-61.7500000000001));
#8345=CARTESIAN_POINT('',(61.308169509756,10.963875134035,-61.6000000000001));
#8346=CARTESIAN_POINT('Origin',(61.3081695095519,9.38387513383092,-61.7500000000001));
#8347=CARTESIAN_POINT('Origin',(10.978169510056,4.19193756697586,-61.7500000000001));
#8348=CARTESIAN_POINT('',(10.828169510056,3.00387513712342,-61.9000000000001));
#8349=CARTESIAN_POINT('',(11.128169510056,9.38387513395163,-61.6000000000001));
#8350=CARTESIAN_POINT('Origin',(12.7081695101394,9.38387513395163,-61.7500000000001));
#8351=CARTESIAN_POINT('',(12.708169510043,10.963875134035,-61.6000000000001));
#8352=CARTESIAN_POINT('Origin',(44.068298317251,11.1138751340354,-61.7500000000001));
#8353=CARTESIAN_POINT('',(13.308169509756,10.963875134035,-61.6000000000001));
#8354=CARTESIAN_POINT('Origin',(13.3081695095519,9.38387513383092,-61.7500000000001));
#8355=CARTESIAN_POINT('',(14.888169509756,9.38387513383091,-61.6000000000001));
#8356=CARTESIAN_POINT('Origin',(15.0381695097559,1.00193756862227,-61.7500000000001));
#8357=CARTESIAN_POINT('',(14.888169509756,3.00387513724413,-61.6000000000001));
#8358=CARTESIAN_POINT('Origin',(13.3081695095519,3.00387513724413,-61.7500000000001));
#8359=CARTESIAN_POINT('',(13.3081695097879,1.42387513704002,-61.6000000000001));
#8360=CARTESIAN_POINT('Origin',(43.7682983174011,1.27387513704024,-61.7500000000001));
#8361=CARTESIAN_POINT('',(12.708169510056,1.42387513704002,-61.6000000000001));
#8362=CARTESIAN_POINT('Origin',(12.7081695101394,3.00387513712342,-61.7500000000001));
#8363=CARTESIAN_POINT('Origin',(46.978169510056,4.19193756697584,-61.7500000000001));
#8364=CARTESIAN_POINT('',(46.828169510056,3.00387513712342,-61.9000000000001));
#8365=CARTESIAN_POINT('',(47.128169510056,9.38387513395163,-61.6000000000001));
#8366=CARTESIAN_POINT('Origin',(48.7081695101394,9.38387513395163,-61.7500000000001));
#8367=CARTESIAN_POINT('',(48.708169510043,10.963875134035,-61.6000000000001));
#8368=CARTESIAN_POINT('Origin',(44.068298317251,11.1138751340354,-61.7500000000001));
#8369=CARTESIAN_POINT('',(49.308169509756,10.963875134035,-61.6000000000001));
#8370=CARTESIAN_POINT('Origin',(49.3081695095519,9.38387513383092,-61.7500000000001));
#8371=CARTESIAN_POINT('',(50.888169509756,9.38387513383091,-61.6000000000001));
#8372=CARTESIAN_POINT('Origin',(51.038169509756,1.00193756862214,-61.7500000000001));
#8373=CARTESIAN_POINT('',(50.888169509756,3.00387513724413,-61.6000000000001));
#8374=CARTESIAN_POINT('Origin',(49.3081695095519,3.00387513724413,-61.7500000000001));
#8375=CARTESIAN_POINT('',(49.3081695097879,1.42387513704002,-61.6000000000001));
#8376=CARTESIAN_POINT('Origin',(43.7682983174011,1.27387513704024,-61.7500000000001));
#8377=CARTESIAN_POINT('',(48.708169510056,1.42387513704002,-61.6000000000001));
#8378=CARTESIAN_POINT('Origin',(48.7081695101394,3.00387513712342,-61.7500000000001));
#8379=CARTESIAN_POINT('Origin',(86.1,-1.,-32.5));
#8380=CARTESIAN_POINT('',(86.4,12.2,-32.8));
#8381=CARTESIAN_POINT('',(85.8,12.8,-32.2));
#8382=CARTESIAN_POINT('',(85.1976310729378,13.4023689270622,-31.5976310729379));
#8383=CARTESIAN_POINT('',(86.4,1.51,-32.8));
#8384=CARTESIAN_POINT('',(86.4,-1.,-32.8));
#8385=CARTESIAN_POINT('',(85.8,1.51,-32.2));
#8386=CARTESIAN_POINT('',(84.5625,1.51,-30.9625000000001));
#8387=CARTESIAN_POINT('',(85.8,-1.,-32.2));
#8388=CARTESIAN_POINT('Origin',(83.45,1.51,-29.));
#8389=CARTESIAN_POINT('',(83.,1.51,-32.2));
#8390=CARTESIAN_POINT('',(84.925,1.51,-32.2));
#8391=CARTESIAN_POINT('',(86.4,1.51,-25.2));
#8392=CARTESIAN_POINT('',(86.4,1.51,-15.0857864376269));
#8393=CARTESIAN_POINT('',(85.8,1.51,-25.8));
#8394=CARTESIAN_POINT('',(84.5625,1.51,-27.0375000000001));
#8395=CARTESIAN_POINT('',(83.,1.51,-25.8));
#8396=CARTESIAN_POINT('',(83.225,1.51,-25.8));
#8397=CARTESIAN_POINT('Origin',(83.,1.51,-29.));
#8398=CARTESIAN_POINT('Origin',(86.1,-1.,-25.5));
#8399=CARTESIAN_POINT('',(85.8,12.8,-25.8));
#8400=CARTESIAN_POINT('',(86.4,12.2,-25.2));
#8401=CARTESIAN_POINT('',(90.3357022603955,8.26429773960452,-21.2642977396045));
#8402=CARTESIAN_POINT('',(85.8,-1.,-25.8));
#8403=CARTESIAN_POINT('',(86.4,-1.,-25.2));
#8404=CARTESIAN_POINT('Origin',(83.,-1.,-25.8));
#8405=CARTESIAN_POINT('',(83.,12.8,-25.8));
#8406=CARTESIAN_POINT('',(60.5,12.8,-25.8));
#8407=CARTESIAN_POINT('',(83.,12.4,-25.8));
#8408=CARTESIAN_POINT('Origin',(83.,-1.,-29.));
#8409=CARTESIAN_POINT('',(83.,12.8,-32.2));
#8410=CARTESIAN_POINT('Origin',(83.,12.8,-29.));
#8411=CARTESIAN_POINT('',(83.,-1.,-32.2));
#8412=CARTESIAN_POINT('Origin',(86.4,-1.,-32.2));
#8413=CARTESIAN_POINT('',(62.2,12.8,-32.2));
#8414=CARTESIAN_POINT('Origin',(82.4886038969321,12.5,-61.5528174593052));
#8415=CARTESIAN_POINT('',(84.1656854249493,12.2,-60.3000000000001));
#8416=CARTESIAN_POINT('',(83.9171572875254,12.8,-59.7000000000001));
#8417=CARTESIAN_POINT('',(83.0367802431406,14.9254182005557,-57.5745817994444));
#8418=CARTESIAN_POINT('',(86.4,12.2,-58.0656854249493));
#8419=CARTESIAN_POINT('',(82.7007359312881,12.2,-61.7649494936612));
#8420=CARTESIAN_POINT('',(85.8,12.8,-57.8171572875254));
#8421=CARTESIAN_POINT('',(81.3254099360965,17.2745900639036,-55.9637213969965));
#8422=CARTESIAN_POINT('',(82.2764718625762,12.8,-61.3406854249493));
#8423=CARTESIAN_POINT('Origin',(4.72218254069476,12.5,-62.7636038969322));
#8424=CARTESIAN_POINT('',(2.08284271247463,12.8,-59.7000000000001));
#8425=CARTESIAN_POINT('',(0.2,12.8,-57.8171572875255));
#8426=CARTESIAN_POINT('',(4.93431457505073,12.8,-62.5514718625762));
#8427=CARTESIAN_POINT('',(-0.400000000000001,12.2,-58.0656854249493));
#8428=CARTESIAN_POINT('',(0.2,12.8,-57.8171572875255));
#8429=CARTESIAN_POINT('',(1.83431457505076,12.2,-60.3000000000001));
#8430=CARTESIAN_POINT('',(4.5100505063388,12.2,-62.9757359312881));
#8431=CARTESIAN_POINT('',(3.95541402679521,17.3207870635435,-55.1792129364566));
#8432=CARTESIAN_POINT('Origin',(86.4,-1.,-32.2));
#8433=CARTESIAN_POINT('',(3.,12.8,-32.2));
#8434=CARTESIAN_POINT('',(62.2,12.8,-32.2));
#8435=CARTESIAN_POINT('',(3.,-1.,-32.2));
#8436=CARTESIAN_POINT('Origin',(3.,-1.,-29.));
#8437=CARTESIAN_POINT('',(3.,12.8,-25.8));
#8438=CARTESIAN_POINT('Origin',(3.,12.8,-29.));
#8439=CARTESIAN_POINT('',(3.,12.4,-25.8));
#8440=CARTESIAN_POINT('Origin',(83.,-1.,-25.8));
#8441=CARTESIAN_POINT('',(60.5,12.8,-25.8));
#8442=CARTESIAN_POINT('Origin',(39.8,-1.,-3.));
#8443=CARTESIAN_POINT('',(39.8,12.8,0.400000000000004));
#8444=CARTESIAN_POINT('',(39.8,-1.,0.400000000000002));
#8445=CARTESIAN_POINT('',(39.8,12.8,-3.));
#8446=CARTESIAN_POINT('',(39.8,12.8,-14.5));
#8447=CARTESIAN_POINT('',(39.8,-1.,-3.));
#8448=CARTESIAN_POINT('Origin',(43.,-1.,-3.));
#8449=CARTESIAN_POINT('',(46.2,12.8,-3.));
#8450=CARTESIAN_POINT('Origin',(43.,12.8,-3.));
#8451=CARTESIAN_POINT('',(46.2,12.4,-3.));
#8452=CARTESIAN_POINT('Origin',(46.2,-1.,0.4));
#8453=CARTESIAN_POINT('',(46.2,12.8,0.400000000000003));
#8454=CARTESIAN_POINT('',(46.2,12.8,-12.8));
#8455=CARTESIAN_POINT('',(46.2,-1.,0.400000000000002));
#8456=CARTESIAN_POINT('Origin',(2.30294372515229,-1.,-60.7686291501016));
#8457=CARTESIAN_POINT('',(-0.400000000000001,-1.,-58.0656854249493));
#8458=CARTESIAN_POINT('',(1.83431457505076,-1.,-60.3000000000001));
#8459=CARTESIAN_POINT('Origin',(86.8686291501015,-1.,-57.5970562748478));
#8460=CARTESIAN_POINT('',(84.1656854249493,-1.,-60.3000000000001));
#8461=CARTESIAN_POINT('',(86.4,-1.,-58.0656854249493));
#8462=CARTESIAN_POINT('Origin',(73.7778174593053,16.0355339059327,5.36360389693211));
#8463=CARTESIAN_POINT('',(83.3171572875253,12.8,0.400000000000001));
#8464=CARTESIAN_POINT('',(86.4,12.8,-2.68284271247475));
#8465=CARTESIAN_POINT('',(74.962132034356,12.8,8.75502525316932));
#8466=CARTESIAN_POINT('',(86.3999999999999,12.2,-1.8343145750508));
#8467=CARTESIAN_POINT('',(86.4,8.78648028029913,2.99313130797793));
#8468=CARTESIAN_POINT('',(84.1656854249491,12.2,0.400000000000001));
#8469=CARTESIAN_POINT('',(76.2556596229226,12.2,8.31002580202652));
#8470=CARTESIAN_POINT('',(55.2455844122722,32.6495995386644,0.400000000000005));
#8471=CARTESIAN_POINT('Origin',(1.17157287525382,-1.,0.400000000000004));
#8472=CARTESIAN_POINT('',(1.83431457505077,12.2,0.400000000000004));
#8473=CARTESIAN_POINT('',(38.7857864376269,12.2,0.400000000000002));
#8474=CARTESIAN_POINT('',(2.68284271247462,12.8,0.400000000000004));
#8475=CARTESIAN_POINT('',(-0.993131307978008,10.2006938426723,0.400000000000004));
#8476=CARTESIAN_POINT('',(19.5857864376269,12.8,0.400000000000005));
#8477=CARTESIAN_POINT('',(19.5857864376269,12.8,0.400000000000005));
#8478=CARTESIAN_POINT('Origin',(3.13639610306789,12.5,1.2778174593052));
#8479=CARTESIAN_POINT('',(0.2,12.8,-2.08284271247461));
#8480=CARTESIAN_POINT('',(3.34852813742386,12.8,1.06568542494924));
#8481=CARTESIAN_POINT('',(-0.400000000000003,12.2,-1.83431457505077));
#8482=CARTESIAN_POINT('',(2.92426406871193,12.2,1.48994949366116));
#8483=CARTESIAN_POINT('',(0.2,12.8,-2.08284271247461));
#8484=CARTESIAN_POINT('Origin',(-0.4,-1.,-11.0770540794189));
#8485=CARTESIAN_POINT('',(-0.400000000000001,-10.3385179792005,-17.615954764162));
#8486=CARTESIAN_POINT('',(-0.4,12.2,-1.83431457505077));
#8487=CARTESIAN_POINT('Origin',(1.17157287525382,-1.,2.));
#8488=CARTESIAN_POINT('',(1.17157287525382,12.2,2.));
#8489=CARTESIAN_POINT('',(84.8284271247462,12.2,2.));
#8490=CARTESIAN_POINT('',(38.7857864376269,12.2,2.));
#8491=CARTESIAN_POINT('',(84.8284271247462,-1.,2.));
#8492=CARTESIAN_POINT('',(1.17157287525382,13.8,2.));
#8493=CARTESIAN_POINT('',(19.5857864376269,13.8,2.));
#8494=CARTESIAN_POINT('',(1.17157287525382,-1.,2.));
#8495=CARTESIAN_POINT('Origin',(-2.,-1.,-1.17157287525381));
#8496=CARTESIAN_POINT('',(-1.76568542494924,12.2,-0.937258300203053));
#8497=CARTESIAN_POINT('',(1.79289321881346,13.8,2.62132034355964));
#8498=CARTESIAN_POINT('Origin',(-0.100000000000001,12.5,-38.4142135623731));
#8499=CARTESIAN_POINT('',(-0.400000000000001,12.2,-11.25));
#8500=CARTESIAN_POINT('',(0.2,12.8,-11.25));
#8501=CARTESIAN_POINT('',(1.75,14.35,-11.25));
#8502=CARTESIAN_POINT('',(0.2,12.8,-38.4142135623731));
#8503=CARTESIAN_POINT('',(-0.400000000000001,12.2,-44.6213203435597));
#8504=CARTESIAN_POINT('Origin',(1.,10.8,-12.25));
#8505=CARTESIAN_POINT('',(-0.400000000000001,10.8,-11.25));
#8506=CARTESIAN_POINT('',(5.00000000000001,10.8,-11.25));
#8507=CARTESIAN_POINT('',(-0.400000000000001,10.8,-13.25));
#8508=CARTESIAN_POINT('',(-0.400000000000001,10.8,-31.5392135623731));
#8509=CARTESIAN_POINT('',(-3.,10.8,-13.25));
#8510=CARTESIAN_POINT('Origin',(-0.100000000000001,12.5,-38.4142135623731));
#8511=CARTESIAN_POINT('',(0.2,12.8,-13.25));
#8512=CARTESIAN_POINT('',(-0.400000000000001,12.2,-13.25));
#8513=CARTESIAN_POINT('',(-0.250000000000002,12.35,-13.25));
#8514=CARTESIAN_POINT('',(-0.400000000000001,12.2,-15.25));
#8515=CARTESIAN_POINT('',(-0.400000000000001,12.2,-44.6213203435597));
#8516=CARTESIAN_POINT('',(0.2,12.8,-15.25));
#8517=CARTESIAN_POINT('',(1.75,14.35,-15.25));
#8518=CARTESIAN_POINT('',(0.2,12.8,-38.4142135623731));
#8519=CARTESIAN_POINT('Origin',(1.,10.8,-16.25));
#8520=CARTESIAN_POINT('',(-0.400000000000001,10.8,-15.25));
#8521=CARTESIAN_POINT('',(5.00000000000001,10.8,-15.25));
#8522=CARTESIAN_POINT('',(-0.400000000000001,10.8,-17.25));
#8523=CARTESIAN_POINT('',(-0.400000000000001,10.8,-33.5392135623731));
#8524=CARTESIAN_POINT('',(-3.,10.8,-17.25));
#8525=CARTESIAN_POINT('Origin',(-0.100000000000001,12.5,-38.4142135623731));
#8526=CARTESIAN_POINT('',(-0.400000000000001,12.2,-19.25));
#8527=CARTESIAN_POINT('',(0.2,12.8,-19.25));
#8528=CARTESIAN_POINT('',(1.75,14.35,-19.25));
#8529=CARTESIAN_POINT('',(0.2,12.8,-17.25));
#8530=CARTESIAN_POINT('',(0.2,12.8,-38.4142135623731));
#8531=CARTESIAN_POINT('',(-0.400000000000001,12.2,-17.25));
#8532=CARTESIAN_POINT('',(-0.250000000000002,12.35,-17.25));
#8533=CARTESIAN_POINT('',(-0.400000000000001,12.2,-44.6213203435597));
#8534=CARTESIAN_POINT('Origin',(-0.100000000000001,12.5,-38.4142135623731));
#8535=CARTESIAN_POINT('',(0.2,12.8,-21.25));
#8536=CARTESIAN_POINT('',(0.2,12.8,-38.4142135623731));
#8537=CARTESIAN_POINT('',(-0.400000000000001,12.2,-21.25));
#8538=CARTESIAN_POINT('',(-0.250000000000002,12.35,-21.25));
#8539=CARTESIAN_POINT('',(-0.400000000000001,12.2,-38.4142135623731));
#8540=CARTESIAN_POINT('Origin',(1.,10.8,-20.25));
#8541=CARTESIAN_POINT('',(-0.400000000000001,10.8,-19.25));
#8542=CARTESIAN_POINT('',(5.00000000000001,10.8,-19.25));
#8543=CARTESIAN_POINT('',(-0.400000000000001,10.8,-21.25));
#8544=CARTESIAN_POINT('',(-0.400000000000001,10.8,-35.5392135623731));
#8545=CARTESIAN_POINT('',(-3.,10.8,-21.25));
#8546=CARTESIAN_POINT('Origin',(-0.100000000000001,12.5,-38.4142135623731));
#8547=CARTESIAN_POINT('',(-0.400000000000001,12.2,-35.25));
#8548=CARTESIAN_POINT('',(-0.400000000000001,12.2,-38.4142135623731));
#8549=CARTESIAN_POINT('',(0.2,12.8,-35.25));
#8550=CARTESIAN_POINT('',(1.75,14.35,-35.25));
#8551=CARTESIAN_POINT('',(0.2,12.8,-38.4142135623731));
#8552=CARTESIAN_POINT('Origin',(1.,10.8,-36.25));
#8553=CARTESIAN_POINT('',(-0.400000000000001,10.8,-35.25));
#8554=CARTESIAN_POINT('',(5.00000000000001,10.8,-35.25));
#8555=CARTESIAN_POINT('',(-0.400000000000001,10.8,-37.25));
#8556=CARTESIAN_POINT('',(-0.400000000000001,10.8,-43.5392135623731));
#8557=CARTESIAN_POINT('',(-3.,10.8,-37.25));
#8558=CARTESIAN_POINT('Origin',(-0.100000000000001,12.5,-38.4142135623731));
#8559=CARTESIAN_POINT('',(-0.400000000000001,12.2,-39.25));
#8560=CARTESIAN_POINT('',(0.2,12.8,-39.25));
#8561=CARTESIAN_POINT('',(1.75,14.35,-39.25));
#8562=CARTESIAN_POINT('',(0.2,12.8,-37.25));
#8563=CARTESIAN_POINT('',(0.2,12.8,-38.4142135623731));
#8564=CARTESIAN_POINT('',(-0.400000000000001,12.2,-37.25));
#8565=CARTESIAN_POINT('',(-0.250000000000002,12.35,-37.25));
#8566=CARTESIAN_POINT('',(-0.400000000000001,12.2,-38.4142135623731));
#8567=CARTESIAN_POINT('Origin',(1.,10.8,-40.25));
#8568=CARTESIAN_POINT('',(-0.400000000000001,10.8,-39.25));
#8569=CARTESIAN_POINT('',(5.00000000000001,10.8,-39.25));
#8570=CARTESIAN_POINT('',(-0.400000000000001,10.8,-41.25));
#8571=CARTESIAN_POINT('',(-0.400000000000001,10.8,-45.5392135623731));
#8572=CARTESIAN_POINT('',(-3.,10.8,-41.25));
#8573=CARTESIAN_POINT('Origin',(-0.100000000000001,12.5,-38.4142135623731));
#8574=CARTESIAN_POINT('',(-0.400000000000001,12.2,-43.25));
#8575=CARTESIAN_POINT('',(0.2,12.8,-43.25));
#8576=CARTESIAN_POINT('',(1.75,14.35,-43.25));
#8577=CARTESIAN_POINT('',(0.2,12.8,-41.25));
#8578=CARTESIAN_POINT('',(0.2,12.8,-38.4142135623731));
#8579=CARTESIAN_POINT('',(-0.400000000000001,12.2,-41.25));
#8580=CARTESIAN_POINT('',(-0.250000000000002,12.35,-41.25));
#8581=CARTESIAN_POINT('',(-0.400000000000001,12.2,-38.4142135623731));
#8582=CARTESIAN_POINT('Origin',(-0.100000000000001,12.5,-38.4142135623731));
#8583=CARTESIAN_POINT('',(-0.400000000000001,12.2,-38.4142135623731));
#8584=CARTESIAN_POINT('',(0.2,12.8,-38.4142135623731));
#8585=CARTESIAN_POINT('Origin',(-0.400000000000001,-1.,-50.8284271247463));
#8586=CARTESIAN_POINT('',(-0.400000000000001,6.9,-21.25));
#8587=CARTESIAN_POINT('',(-0.400000000000001,6.9,-19.25));
#8588=CARTESIAN_POINT('',(-0.400000000000001,6.9,-17.25));
#8589=CARTESIAN_POINT('',(-0.400000000000001,6.9,-15.25));
#8590=CARTESIAN_POINT('',(-0.400000000000001,6.9,-13.25));
#8591=CARTESIAN_POINT('',(-0.400000000000001,6.9,-11.25));
#8592=CARTESIAN_POINT('',(-0.400000000000001,10.8,-43.25));
#8593=CARTESIAN_POINT('',(-0.400000000000001,10.8,-47.5392135623731));
#8594=CARTESIAN_POINT('',(-0.400000000000001,6.9,-43.25));
#8595=CARTESIAN_POINT('',(-0.400000000000001,6.9,-41.25));
#8596=CARTESIAN_POINT('',(-0.400000000000001,6.9,-39.25));
#8597=CARTESIAN_POINT('',(-0.400000000000001,6.9,-37.25));
#8598=CARTESIAN_POINT('',(-0.400000000000001,6.9,-35.25));
#8599=CARTESIAN_POINT('Origin',(1.,10.8,-44.25));
#8600=CARTESIAN_POINT('',(5.00000000000001,10.8,-43.25));
#8601=CARTESIAN_POINT('Origin',(56.4142135623731,12.5,-60.0000000000001));
#8602=CARTESIAN_POINT('',(56.4142135623731,12.8,-59.7000000000001));
#8603=CARTESIAN_POINT('',(8.31,12.2,-60.3000000000001));
#8604=CARTESIAN_POINT('Origin',(4.61,12.8,-52.1092380050383));
#8605=CARTESIAN_POINT('',(10.66,12.8,-60.3000000000001));
#8606=CARTESIAN_POINT('',(6.86,12.8,-60.3000000000001));
#8607=CARTESIAN_POINT('',(10.66,12.8,-49.9169122057121));
#8608=CARTESIAN_POINT('Origin',(56.4142135623731,12.5,-60.0000000000001));
#8609=CARTESIAN_POINT('',(10.66,12.2,-60.3000000000001));
#8610=CARTESIAN_POINT('',(20.56,12.2,-60.3000000000001));
#8611=CARTESIAN_POINT('',(56.4142135623731,12.2,-60.3000000000001));
#8612=CARTESIAN_POINT('',(20.56,12.8,-59.7000000000001));
#8613=CARTESIAN_POINT('',(20.56,12.65,-59.8500000000001));
#8614=CARTESIAN_POINT('',(10.66,12.8,-59.7000000000001));
#8615=CARTESIAN_POINT('',(8.31,12.8,-59.7000000000001));
#8616=CARTESIAN_POINT('',(10.66,14.4996090489089,-58.0003909510912));
#8617=CARTESIAN_POINT('Origin',(16.61,12.8,-52.1092380050383));
#8618=CARTESIAN_POINT('',(20.56,12.8,-60.3000000000001));
#8619=CARTESIAN_POINT('',(22.66,12.8,-60.3000000000001));
#8620=CARTESIAN_POINT('',(18.86,12.8,-60.3000000000001));
#8621=CARTESIAN_POINT('',(22.66,12.8,-49.9169122057121));
#8622=CARTESIAN_POINT('',(20.56,12.8,-49.9169122057121));
#8623=CARTESIAN_POINT('Origin',(56.4142135623731,12.5,-60.0000000000001));
#8624=CARTESIAN_POINT('',(32.56,12.2,-60.3000000000001));
#8625=CARTESIAN_POINT('',(32.56,12.8,-59.7000000000001));
#8626=CARTESIAN_POINT('',(32.56,12.65,-59.8500000000001));
#8627=CARTESIAN_POINT('',(22.66,12.8,-59.7000000000001));
#8628=CARTESIAN_POINT('',(56.4142135623731,12.8,-59.7000000000001));
#8629=CARTESIAN_POINT('',(22.66,12.2,-60.3000000000001));
#8630=CARTESIAN_POINT('',(22.66,12.5,-60.0000000000001));
#8631=CARTESIAN_POINT('',(56.4142135623731,12.2,-60.3000000000001));
#8632=CARTESIAN_POINT('Origin',(28.61,12.8,-52.1092380050383));
#8633=CARTESIAN_POINT('',(32.56,12.8,-60.3000000000001));
#8634=CARTESIAN_POINT('',(34.66,12.8,-60.3000000000001));
#8635=CARTESIAN_POINT('',(30.86,12.8,-60.3000000000001));
#8636=CARTESIAN_POINT('',(34.66,12.8,-49.9169122057121));
#8637=CARTESIAN_POINT('',(32.56,12.8,-49.9169122057121));
#8638=CARTESIAN_POINT('Origin',(56.4142135623731,12.5,-60.0000000000001));
#8639=CARTESIAN_POINT('',(44.56,12.2,-60.3000000000001));
#8640=CARTESIAN_POINT('',(44.56,12.8,-59.7000000000001));
#8641=CARTESIAN_POINT('',(44.56,12.65,-59.8500000000001));
#8642=CARTESIAN_POINT('',(34.66,12.8,-59.7000000000001));
#8643=CARTESIAN_POINT('',(56.4142135623731,12.8,-59.7000000000001));
#8644=CARTESIAN_POINT('',(34.66,12.2,-60.3000000000001));
#8645=CARTESIAN_POINT('',(34.66,12.5,-60.0000000000001));
#8646=CARTESIAN_POINT('',(56.4142135623731,12.2,-60.3000000000001));
#8647=CARTESIAN_POINT('Origin',(40.61,12.8,-52.1092380050383));
#8648=CARTESIAN_POINT('',(44.56,12.8,-60.3000000000001));
#8649=CARTESIAN_POINT('',(46.66,12.8,-60.3000000000001));
#8650=CARTESIAN_POINT('',(42.86,12.8,-60.3000000000001));
#8651=CARTESIAN_POINT('',(46.66,12.8,-49.9169122057121));
#8652=CARTESIAN_POINT('',(44.56,12.8,-49.9169122057121));
#8653=CARTESIAN_POINT('Origin',(56.4142135623731,12.5,-60.0000000000001));
#8654=CARTESIAN_POINT('',(46.66,12.8,-59.7000000000001));
#8655=CARTESIAN_POINT('',(46.66,12.2,-60.3000000000001));
#8656=CARTESIAN_POINT('',(46.66,12.5,-60.0000000000001));
#8657=CARTESIAN_POINT('',(56.56,12.2,-60.3000000000001));
#8658=CARTESIAN_POINT('',(56.4142135623731,12.2,-60.3000000000001));
#8659=CARTESIAN_POINT('',(56.56,12.8,-59.7000000000001));
#8660=CARTESIAN_POINT('',(56.56,12.65,-59.8500000000001));
#8661=CARTESIAN_POINT('',(56.4142135623731,12.8,-59.7000000000001));
#8662=CARTESIAN_POINT('Origin',(52.61,12.8,-52.1092380050383));
#8663=CARTESIAN_POINT('',(56.56,12.8,-60.3000000000001));
#8664=CARTESIAN_POINT('',(58.66,12.8,-60.3000000000001));
#8665=CARTESIAN_POINT('',(54.86,12.8,-60.3000000000001));
#8666=CARTESIAN_POINT('',(58.66,12.8,-49.9169122057121));
#8667=CARTESIAN_POINT('',(56.56,12.8,-49.9169122057121));
#8668=CARTESIAN_POINT('Origin',(56.4142135623731,12.5,-60.0000000000001));
#8669=CARTESIAN_POINT('',(58.66,12.8,-59.7000000000001));
#8670=CARTESIAN_POINT('',(58.66,12.2,-60.3000000000001));
#8671=CARTESIAN_POINT('',(58.66,12.5,-60.0000000000001));
#8672=CARTESIAN_POINT('',(68.56,12.2,-60.3000000000001));
#8673=CARTESIAN_POINT('',(56.4142135623731,12.2,-60.3000000000001));
#8674=CARTESIAN_POINT('',(68.56,12.8,-59.7000000000001));
#8675=CARTESIAN_POINT('',(68.56,12.65,-59.8500000000001));
#8676=CARTESIAN_POINT('',(56.4142135623731,12.8,-59.7000000000001));
#8677=CARTESIAN_POINT('Origin',(56.4142135623731,12.5,-60.0000000000001));
#8678=CARTESIAN_POINT('',(56.4142135623731,12.2,-60.3000000000001));
#8679=CARTESIAN_POINT('',(56.4142135623731,12.8,-59.7000000000001));
#8680=CARTESIAN_POINT('Origin',(74.8284271247462,-1.,-60.3000000000001));
#8681=CARTESIAN_POINT('',(10.66,5.9,-60.3000000000001));
#8682=CARTESIAN_POINT('',(68.56,12.8,-60.3000000000001));
#8683=CARTESIAN_POINT('',(66.86,12.8,-60.3000000000001));
#8684=CARTESIAN_POINT('',(68.56,12.8,-60.3000000000001));
#8685=CARTESIAN_POINT('',(58.66,12.8,-60.3000000000001));
#8686=CARTESIAN_POINT('',(56.56,12.8,-60.3000000000001));
#8687=CARTESIAN_POINT('',(46.66,12.8,-60.3000000000001));
#8688=CARTESIAN_POINT('',(44.56,12.8,-60.3000000000001));
#8689=CARTESIAN_POINT('',(34.66,12.8,-60.3000000000001));
#8690=CARTESIAN_POINT('',(32.56,12.8,-60.3000000000001));
#8691=CARTESIAN_POINT('',(22.66,12.8,-60.3000000000001));
#8692=CARTESIAN_POINT('',(20.56,12.8,-60.3000000000001));
#8693=CARTESIAN_POINT('Origin',(64.61,12.8,-52.1092380050383));
#8694=CARTESIAN_POINT('',(68.56,12.8,-49.9169122057121));
#8695=CARTESIAN_POINT('Origin',(86.1,12.5,-13.5857864376269));
#8696=CARTESIAN_POINT('',(86.4,12.2,-45.25));
#8697=CARTESIAN_POINT('',(85.8,12.8,-45.25));
#8698=CARTESIAN_POINT('',(84.25,14.35,-45.25));
#8699=CARTESIAN_POINT('',(85.8,12.8,-13.5857864376269));
#8700=CARTESIAN_POINT('',(86.4,12.2,-13.5857864376269));
#8701=CARTESIAN_POINT('Origin',(86.1,12.5,-13.5857864376269));
#8702=CARTESIAN_POINT('',(86.4,12.2,-41.25));
#8703=CARTESIAN_POINT('',(85.8,12.8,-41.25));
#8704=CARTESIAN_POINT('',(84.25,14.35,-41.25));
#8705=CARTESIAN_POINT('',(85.8,12.8,-43.25));
#8706=CARTESIAN_POINT('',(85.8,12.8,-13.5857864376269));
#8707=CARTESIAN_POINT('',(86.4,12.2,-43.25));
#8708=CARTESIAN_POINT('',(86.25,12.35,-43.25));
#8709=CARTESIAN_POINT('',(86.4,12.2,-13.5857864376269));
#8710=CARTESIAN_POINT('Origin',(86.1,12.5,-13.5857864376269));
#8711=CARTESIAN_POINT('',(86.4,12.2,-37.25));
#8712=CARTESIAN_POINT('',(85.8,12.8,-37.25));
#8713=CARTESIAN_POINT('',(84.25,14.35,-37.25));
#8714=CARTESIAN_POINT('',(85.8,12.8,-39.25));
#8715=CARTESIAN_POINT('',(85.8,12.8,-13.5857864376269));
#8716=CARTESIAN_POINT('',(86.4,12.2,-39.25));
#8717=CARTESIAN_POINT('',(86.25,12.35,-39.25));
#8718=CARTESIAN_POINT('',(86.4,12.2,-13.5857864376269));
#8719=CARTESIAN_POINT('Origin',(86.1,12.5,-13.5857864376269));
#8720=CARTESIAN_POINT('',(85.8,12.8,-35.25));
#8721=CARTESIAN_POINT('',(85.8,12.8,-13.5857864376269));
#8722=CARTESIAN_POINT('',(86.4,12.2,-35.25));
#8723=CARTESIAN_POINT('',(86.25,12.35,-35.25));
#8724=CARTESIAN_POINT('',(86.4,12.2,-13.5857864376269));
#8725=CARTESIAN_POINT('Origin',(86.1,12.5,-13.5857864376269));
#8726=CARTESIAN_POINT('',(86.4,12.2,-21.25));
#8727=CARTESIAN_POINT('',(86.4,12.2,-13.5857864376269));
#8728=CARTESIAN_POINT('',(85.8,12.8,-21.25));
#8729=CARTESIAN_POINT('',(84.25,14.35,-21.25));
#8730=CARTESIAN_POINT('',(85.8,12.8,-13.5857864376269));
#8731=CARTESIAN_POINT('Origin',(86.1,12.5,-13.5857864376269));
#8732=CARTESIAN_POINT('',(86.4,12.2,-17.25));
#8733=CARTESIAN_POINT('',(85.8,12.8,-17.25));
#8734=CARTESIAN_POINT('',(84.25,14.35,-17.25));
#8735=CARTESIAN_POINT('',(85.8,12.8,-19.25));
#8736=CARTESIAN_POINT('',(85.8,12.8,-13.5857864376269));
#8737=CARTESIAN_POINT('',(86.4,12.2,-19.25));
#8738=CARTESIAN_POINT('',(86.25,12.35,-19.25));
#8739=CARTESIAN_POINT('',(86.4,12.2,-13.5857864376269));
#8740=CARTESIAN_POINT('Origin',(86.4,-1.,-1.17157287525382));
#8741=CARTESIAN_POINT('',(86.4,12.8,-13.5857864376269));
#8742=CARTESIAN_POINT('',(86.4,10.8,-13.25));
#8743=CARTESIAN_POINT('',(86.4,10.8,-6.71078643762691));
#8744=CARTESIAN_POINT('',(86.4,12.2,-13.25));
#8745=CARTESIAN_POINT('',(86.4,6.9,-13.25));
#8746=CARTESIAN_POINT('',(86.4,12.2,-15.25));
#8747=CARTESIAN_POINT('',(86.4,12.2,-13.5857864376269));
#8748=CARTESIAN_POINT('',(86.4,10.8,-15.25));
#8749=CARTESIAN_POINT('',(86.4,6.9,-15.25));
#8750=CARTESIAN_POINT('',(86.4,10.8,-17.25));
#8751=CARTESIAN_POINT('',(86.4,10.8,-8.71078643762691));
#8752=CARTESIAN_POINT('',(86.4,6.9,-17.25));
#8753=CARTESIAN_POINT('',(86.4,10.8,-19.25));
#8754=CARTESIAN_POINT('',(86.4,6.9,-19.25));
#8755=CARTESIAN_POINT('',(86.4,10.8,-21.25));
#8756=CARTESIAN_POINT('',(86.4,10.8,-10.7107864376269));
#8757=CARTESIAN_POINT('',(86.4,6.9,-21.25));
#8758=CARTESIAN_POINT('',(86.4,10.8,-35.25));
#8759=CARTESIAN_POINT('',(86.4,6.9,-35.25));
#8760=CARTESIAN_POINT('',(86.4,10.8,-37.25));
#8761=CARTESIAN_POINT('',(86.4,10.8,-18.7107864376269));
#8762=CARTESIAN_POINT('',(86.4,6.9,-37.25));
#8763=CARTESIAN_POINT('',(86.4,10.8,-39.25));
#8764=CARTESIAN_POINT('',(86.4,6.9,-39.25));
#8765=CARTESIAN_POINT('',(86.4,10.8,-41.25));
#8766=CARTESIAN_POINT('',(86.4,10.8,-20.7107864376269));
#8767=CARTESIAN_POINT('',(86.4,6.9,-41.25));
#8768=CARTESIAN_POINT('',(86.4,10.8,-43.25));
#8769=CARTESIAN_POINT('',(86.4,6.9,-43.25));
#8770=CARTESIAN_POINT('',(86.4,10.8,-45.25));
#8771=CARTESIAN_POINT('',(86.4,10.8,-22.7107864376269));
#8772=CARTESIAN_POINT('',(86.4,6.9,-45.25));
#8773=CARTESIAN_POINT('',(86.4,7.92702689822187,-4.82628255148315));
#8774=CARTESIAN_POINT('Origin',(86.1,12.5,-13.5857864376269));
#8775=CARTESIAN_POINT('',(85.8,12.8,-15.25));
#8776=CARTESIAN_POINT('',(86.25,12.35,-15.25));
#8777=CARTESIAN_POINT('',(85.8,12.8,-13.25));
#8778=CARTESIAN_POINT('',(84.25,14.35,-13.25));
#8779=CARTESIAN_POINT('',(85.8,12.8,-13.5857864376269));
#8780=CARTESIAN_POINT('Origin',(38.,12.8,-26.));
#8781=CARTESIAN_POINT('',(5.00000000000001,12.8,-11.25));
#8782=CARTESIAN_POINT('',(21.5,12.8,-11.25));
#8783=CARTESIAN_POINT('',(5.00000000000001,12.8,-13.25));
#8784=CARTESIAN_POINT('',(5.00000000000001,12.8,-19.625));
#8785=CARTESIAN_POINT('',(17.5,12.8,-13.25));
#8786=CARTESIAN_POINT('',(5.00000000000001,12.8,-15.25));
#8787=CARTESIAN_POINT('',(21.5,12.8,-15.25));
#8788=CARTESIAN_POINT('',(5.00000000000001,12.8,-17.25));
#8789=CARTESIAN_POINT('',(5.00000000000001,12.8,-21.625));
#8790=CARTESIAN_POINT('',(17.5,12.8,-17.25));
#8791=CARTESIAN_POINT('',(5.00000000000001,12.8,-19.25));
#8792=CARTESIAN_POINT('',(21.5,12.8,-19.25));
#8793=CARTESIAN_POINT('',(5.00000000000001,12.8,-21.25));
#8794=CARTESIAN_POINT('',(5.00000000000001,12.8,-23.625));
#8795=CARTESIAN_POINT('',(17.5,12.8,-21.25));
#8796=CARTESIAN_POINT('',(5.00000000000001,12.8,-35.25));
#8797=CARTESIAN_POINT('',(21.5,12.8,-35.25));
#8798=CARTESIAN_POINT('',(5.00000000000001,12.8,-37.25));
#8799=CARTESIAN_POINT('',(5.00000000000001,12.8,-31.625));
#8800=CARTESIAN_POINT('',(17.5,12.8,-37.25));
#8801=CARTESIAN_POINT('',(5.00000000000001,12.8,-39.25));
#8802=CARTESIAN_POINT('',(21.5,12.8,-39.25));
#8803=CARTESIAN_POINT('',(5.00000000000001,12.8,-41.25));
#8804=CARTESIAN_POINT('',(5.00000000000001,12.8,-33.625));
#8805=CARTESIAN_POINT('',(17.5,12.8,-41.25));
#8806=CARTESIAN_POINT('',(5.00000000000001,12.8,-43.25));
#8807=CARTESIAN_POINT('',(21.5,12.8,-43.25));
#8808=CARTESIAN_POINT('',(5.00000000000001,12.8,-35.625));
#8809=CARTESIAN_POINT('',(10.66,12.8,-57.5169122057121));
#8810=CARTESIAN_POINT('',(23.555,12.8,-57.5169122057121));
#8811=CARTESIAN_POINT('',(10.66,12.8,-57.3007819021823));
#8812=CARTESIAN_POINT('',(20.56,12.8,-57.5169122057121));
#8813=CARTESIAN_POINT('',(20.56,12.8,-42.208456102856));
#8814=CARTESIAN_POINT('',(22.66,12.8,-57.5169122057121));
#8815=CARTESIAN_POINT('',(27.555,12.8,-57.5169122057121));
#8816=CARTESIAN_POINT('',(22.66,12.8,-42.208456102856));
#8817=CARTESIAN_POINT('',(32.56,12.8,-57.5169122057121));
#8818=CARTESIAN_POINT('',(32.56,12.8,-42.208456102856));
#8819=CARTESIAN_POINT('',(34.66,12.8,-57.5169122057121));
#8820=CARTESIAN_POINT('',(33.555,12.8,-57.5169122057121));
#8821=CARTESIAN_POINT('',(34.66,12.8,-42.208456102856));
#8822=CARTESIAN_POINT('',(44.56,12.8,-57.5169122057121));
#8823=CARTESIAN_POINT('',(44.56,12.8,-42.208456102856));
#8824=CARTESIAN_POINT('',(46.66,12.8,-57.5169122057121));
#8825=CARTESIAN_POINT('',(39.555,12.8,-57.5169122057121));
#8826=CARTESIAN_POINT('',(46.66,12.8,-42.208456102856));
#8827=CARTESIAN_POINT('',(56.56,12.8,-57.5169122057121));
#8828=CARTESIAN_POINT('',(56.56,12.8,-42.208456102856));
#8829=CARTESIAN_POINT('',(58.66,12.8,-57.5169122057121));
#8830=CARTESIAN_POINT('',(45.555,12.8,-57.5169122057121));
#8831=CARTESIAN_POINT('',(58.66,12.8,-42.208456102856));
#8832=CARTESIAN_POINT('',(68.56,12.8,-57.5169122057121));
#8833=CARTESIAN_POINT('',(68.56,12.8,-42.208456102856));
#8834=CARTESIAN_POINT('',(51.555,12.8,-57.5169122057121));
#8835=CARTESIAN_POINT('',(81.,12.8,-45.25));
#8836=CARTESIAN_POINT('',(59.5,12.8,-45.25));
#8837=CARTESIAN_POINT('',(81.,12.8,-43.25));
#8838=CARTESIAN_POINT('',(81.,12.8,-34.625));
#8839=CARTESIAN_POINT('',(63.5,12.8,-43.25));
#8840=CARTESIAN_POINT('',(81.,12.8,-41.25));
#8841=CARTESIAN_POINT('',(59.5,12.8,-41.25));
#8842=CARTESIAN_POINT('',(81.,12.8,-39.25));
#8843=CARTESIAN_POINT('',(81.,12.8,-32.625));
#8844=CARTESIAN_POINT('',(63.5,12.8,-39.25));
#8845=CARTESIAN_POINT('',(81.,12.8,-37.25));
#8846=CARTESIAN_POINT('',(59.5,12.8,-37.25));
#8847=CARTESIAN_POINT('',(81.,12.8,-35.25));
#8848=CARTESIAN_POINT('',(81.,12.8,-30.625));
#8849=CARTESIAN_POINT('',(63.5,12.8,-35.25));
#8850=CARTESIAN_POINT('',(81.,12.8,-21.25));
#8851=CARTESIAN_POINT('',(59.5,12.8,-21.25));
#8852=CARTESIAN_POINT('',(81.,12.8,-19.25));
#8853=CARTESIAN_POINT('',(81.,12.8,-22.625));
#8854=CARTESIAN_POINT('',(63.5,12.8,-19.25));
#8855=CARTESIAN_POINT('',(81.,12.8,-17.25));
#8856=CARTESIAN_POINT('',(59.5,12.8,-17.25));
#8857=CARTESIAN_POINT('',(81.,12.8,-15.25));
#8858=CARTESIAN_POINT('',(81.,12.8,-20.625));
#8859=CARTESIAN_POINT('',(63.5,12.8,-15.25));
#8860=CARTESIAN_POINT('',(81.,12.8,-13.25));
#8861=CARTESIAN_POINT('',(59.5,12.8,-13.25));
#8862=CARTESIAN_POINT('',(81.,12.8,-18.625));
#8863=CARTESIAN_POINT('Origin',(85.,10.8,-12.25));
#8864=CARTESIAN_POINT('',(81.,10.8,-13.25));
#8865=CARTESIAN_POINT('Origin',(85.,10.8,-16.25));
#8866=CARTESIAN_POINT('',(81.,10.8,-17.25));
#8867=CARTESIAN_POINT('',(89.,10.8,-15.25));
#8868=CARTESIAN_POINT('Origin',(85.,10.8,-20.25));
#8869=CARTESIAN_POINT('',(81.,10.8,-21.25));
#8870=CARTESIAN_POINT('',(89.,10.8,-19.25));
#8871=CARTESIAN_POINT('Origin',(85.,10.8,-36.25));
#8872=CARTESIAN_POINT('',(89.,10.8,-35.25));
#8873=CARTESIAN_POINT('',(81.,10.8,-37.25));
#8874=CARTESIAN_POINT('Origin',(85.,10.8,-40.25));
#8875=CARTESIAN_POINT('',(89.,10.8,-39.25));
#8876=CARTESIAN_POINT('',(81.,10.8,-41.25));
#8877=CARTESIAN_POINT('Origin',(85.,10.8,-44.25));
#8878=CARTESIAN_POINT('',(89.,10.8,-43.25));
#8879=CARTESIAN_POINT('',(81.,10.8,-45.25));
#8880=CARTESIAN_POINT('Origin',(86.4,12.2,-1.83431457505077));
#8881=CARTESIAN_POINT('',(86.4,12.2,-1.83431457505077));
#8882=CARTESIAN_POINT('Origin',(76.4,12.2,8.92294592058105));
#8883=CARTESIAN_POINT('',(83.4905838634144,12.2,3.33784326133181));
#8884=CARTESIAN_POINT('Origin',(84.8284271247462,-1.,2.));
#8885=CARTESIAN_POINT('Origin',(19.5857864376269,14.3,1.5));
#8886=CARTESIAN_POINT('',(1.58578643762691,14.8,1.));
#8887=CARTESIAN_POINT('Origin',(2.14644660940673,14.3,2.26776695296637));
#8888=CARTESIAN_POINT('',(-1.,14.8,-1.58578643762691));
#8889=CARTESIAN_POINT('Origin',(-1.5,14.3,-38.4142135623731));
#8890=CARTESIAN_POINT('',(0.25,16.05,-11.25));
#8891=CARTESIAN_POINT('Origin',(5.00000000000001,14.8,-11.25));
#8892=CARTESIAN_POINT('',(5.00000000000001,14.8,-11.25));
#8893=CARTESIAN_POINT('Origin',(5.00000000000001,14.8,-13.25));
#8894=CARTESIAN_POINT('',(5.00000000000001,14.8,-13.25));
#8895=CARTESIAN_POINT('Origin',(-3.,14.8,-13.25));
#8896=CARTESIAN_POINT('',(-1.75,14.05,-13.25));
#8897=CARTESIAN_POINT('Origin',(-1.5,14.3,-38.4142135623731));
#8898=CARTESIAN_POINT('',(0.25,16.05,-15.25));
#8899=CARTESIAN_POINT('Origin',(5.00000000000001,14.8,-15.25));
#8900=CARTESIAN_POINT('',(5.00000000000001,14.8,-15.25));
#8901=CARTESIAN_POINT('Origin',(5.00000000000001,14.8,-17.25));
#8902=CARTESIAN_POINT('',(5.00000000000001,14.8,-17.25));
#8903=CARTESIAN_POINT('Origin',(-3.,14.8,-17.25));
#8904=CARTESIAN_POINT('',(-1.75,14.05,-17.25));
#8905=CARTESIAN_POINT('Origin',(-1.5,14.3,-38.4142135623731));
#8906=CARTESIAN_POINT('',(0.25,16.05,-19.25));
#8907=CARTESIAN_POINT('Origin',(5.00000000000001,14.8,-19.25));
#8908=CARTESIAN_POINT('',(5.00000000000001,14.8,-19.25));
#8909=CARTESIAN_POINT('Origin',(5.00000000000001,14.8,-21.25));
#8910=CARTESIAN_POINT('',(5.00000000000001,14.8,-21.25));
#8911=CARTESIAN_POINT('Origin',(-3.,14.8,-21.25));
#8912=CARTESIAN_POINT('',(-1.75,14.05,-21.25));
#8913=CARTESIAN_POINT('Origin',(-1.5,14.3,-38.4142135623731));
#8914=CARTESIAN_POINT('',(0.25,16.05,-35.25));
#8915=CARTESIAN_POINT('Origin',(5.00000000000001,14.8,-35.25));
#8916=CARTESIAN_POINT('',(5.00000000000001,14.8,-35.25));
#8917=CARTESIAN_POINT('Origin',(5.00000000000001,14.8,-37.25));
#8918=CARTESIAN_POINT('',(5.00000000000001,14.8,-37.25));
#8919=CARTESIAN_POINT('Origin',(-3.,14.8,-37.25));
#8920=CARTESIAN_POINT('',(-1.75,14.05,-37.25));
#8921=CARTESIAN_POINT('Origin',(-1.5,14.3,-38.4142135623731));
#8922=CARTESIAN_POINT('',(0.25,16.05,-39.25));
#8923=CARTESIAN_POINT('Origin',(5.00000000000001,14.8,-39.25));
#8924=CARTESIAN_POINT('',(5.00000000000001,14.8,-39.25));
#8925=CARTESIAN_POINT('Origin',(5.00000000000001,14.8,-41.25));
#8926=CARTESIAN_POINT('',(5.00000000000001,14.8,-41.25));
#8927=CARTESIAN_POINT('Origin',(-3.,14.8,-41.25));
#8928=CARTESIAN_POINT('',(-1.75,14.05,-41.25));
#8929=CARTESIAN_POINT('Origin',(-1.5,14.3,-38.4142135623731));
#8930=CARTESIAN_POINT('',(0.25,16.05,-43.25));
#8931=CARTESIAN_POINT('Origin',(5.00000000000001,14.8,-43.25));
#8932=CARTESIAN_POINT('',(5.00000000000001,14.8,-43.25));
#8933=CARTESIAN_POINT('Origin',(5.00000000000001,14.8,-45.25));
#8934=CARTESIAN_POINT('Origin',(5.11,14.8,-57.5169122057121));
#8935=CARTESIAN_POINT('',(10.66,14.8,-57.5169122057121));
#8936=CARTESIAN_POINT('Origin',(10.66,14.8,-54.3015638043644));
#8937=CARTESIAN_POINT('',(10.66,16.3496090489089,-59.3503909510912));
#8938=CARTESIAN_POINT('Origin',(56.4142135623731,14.3,-61.4000000000001));
#8939=CARTESIAN_POINT('',(20.56,15.320771948572,-60.3792280514281));
#8940=CARTESIAN_POINT('Origin',(20.56,14.8,-49.9169122057121));
#8941=CARTESIAN_POINT('',(20.56,14.8,-57.5169122057121));
#8942=CARTESIAN_POINT('Origin',(17.11,14.8,-57.5169122057121));
#8943=CARTESIAN_POINT('',(22.66,14.8,-57.5169122057121));
#8944=CARTESIAN_POINT('Origin',(22.66,14.8,-54.3015638043644));
#8945=CARTESIAN_POINT('',(22.66,14.2246090489089,-61.4753909510912));
#8946=CARTESIAN_POINT('Origin',(56.4142135623731,14.3,-61.4000000000001));
#8947=CARTESIAN_POINT('',(32.56,15.320771948572,-60.3792280514281));
#8948=CARTESIAN_POINT('Origin',(32.56,14.8,-49.9169122057121));
#8949=CARTESIAN_POINT('',(32.56,14.8,-57.5169122057121));
#8950=CARTESIAN_POINT('Origin',(29.11,14.8,-57.5169122057121));
#8951=CARTESIAN_POINT('',(34.66,14.8,-57.5169122057121));
#8952=CARTESIAN_POINT('Origin',(34.66,14.8,-54.3015638043644));
#8953=CARTESIAN_POINT('',(34.66,14.2246090489089,-61.4753909510912));
#8954=CARTESIAN_POINT('Origin',(56.4142135623731,14.3,-61.4000000000001));
#8955=CARTESIAN_POINT('',(44.56,15.320771948572,-60.3792280514281));
#8956=CARTESIAN_POINT('Origin',(44.56,14.8,-49.9169122057121));
#8957=CARTESIAN_POINT('',(44.56,14.8,-57.5169122057121));
#8958=CARTESIAN_POINT('Origin',(41.11,14.8,-57.5169122057121));
#8959=CARTESIAN_POINT('',(46.66,14.8,-57.5169122057121));
#8960=CARTESIAN_POINT('Origin',(46.66,14.8,-54.3015638043644));
#8961=CARTESIAN_POINT('',(46.66,14.2246090489089,-61.4753909510912));
#8962=CARTESIAN_POINT('Origin',(56.4142135623731,14.3,-61.4000000000001));
#8963=CARTESIAN_POINT('',(56.56,15.320771948572,-60.3792280514281));
#8964=CARTESIAN_POINT('Origin',(56.56,14.8,-49.9169122057121));
#8965=CARTESIAN_POINT('',(56.56,14.8,-57.5169122057121));
#8966=CARTESIAN_POINT('Origin',(53.11,14.8,-57.5169122057121));
#8967=CARTESIAN_POINT('',(58.66,14.8,-57.5169122057121));
#8968=CARTESIAN_POINT('Origin',(58.66,14.8,-54.3015638043644));
#8969=CARTESIAN_POINT('',(58.66,14.2246090489089,-61.4753909510912));
#8970=CARTESIAN_POINT('Origin',(56.4142135623731,14.3,-61.4000000000001));
#8971=CARTESIAN_POINT('',(68.56,15.320771948572,-60.3792280514281));
#8972=CARTESIAN_POINT('Origin',(68.56,14.8,-49.9169122057121));
#8973=CARTESIAN_POINT('',(68.56,14.8,-57.5169122057121));
#8974=CARTESIAN_POINT('Origin',(65.11,14.8,-57.5169122057121));
#8975=CARTESIAN_POINT('Origin',(81.,14.8,-45.25));
#8976=CARTESIAN_POINT('',(81.,14.8,-45.25));
#8977=CARTESIAN_POINT('Origin',(81.,14.8,-43.25));
#8978=CARTESIAN_POINT('',(81.,14.8,-43.25));
#8979=CARTESIAN_POINT('Origin',(89.,14.8,-43.25));
#8980=CARTESIAN_POINT('',(87.75,14.05,-43.25));
#8981=CARTESIAN_POINT('Origin',(87.5,14.3,-13.5857864376269));
#8982=CARTESIAN_POINT('',(85.75,16.05,-41.25));
#8983=CARTESIAN_POINT('Origin',(81.,14.8,-41.25));
#8984=CARTESIAN_POINT('',(81.,14.8,-41.25));
#8985=CARTESIAN_POINT('Origin',(81.,14.8,-39.25));
#8986=CARTESIAN_POINT('',(81.,14.8,-39.25));
#8987=CARTESIAN_POINT('Origin',(89.,14.8,-39.25));
#8988=CARTESIAN_POINT('',(87.75,14.05,-39.25));
#8989=CARTESIAN_POINT('Origin',(87.5,14.3,-13.5857864376269));
#8990=CARTESIAN_POINT('',(85.75,16.05,-37.25));
#8991=CARTESIAN_POINT('Origin',(81.,14.8,-37.25));
#8992=CARTESIAN_POINT('',(81.,14.8,-37.25));
#8993=CARTESIAN_POINT('Origin',(81.,14.8,-35.25));
#8994=CARTESIAN_POINT('',(81.,14.8,-35.25));
#8995=CARTESIAN_POINT('Origin',(89.,14.8,-35.25));
#8996=CARTESIAN_POINT('',(87.75,14.05,-35.25));
#8997=CARTESIAN_POINT('Origin',(87.5,14.3,-13.5857864376269));
#8998=CARTESIAN_POINT('',(85.75,16.05,-21.25));
#8999=CARTESIAN_POINT('Origin',(81.,14.8,-21.25));
#9000=CARTESIAN_POINT('',(81.,14.8,-21.25));
#9001=CARTESIAN_POINT('Origin',(81.,14.8,-19.25));
#9002=CARTESIAN_POINT('',(81.,14.8,-19.25));
#9003=CARTESIAN_POINT('Origin',(89.,14.8,-19.25));
#9004=CARTESIAN_POINT('',(87.75,14.05,-19.25));
#9005=CARTESIAN_POINT('Origin',(87.5,14.3,-13.5857864376269));
#9006=CARTESIAN_POINT('',(85.75,16.05,-17.25));
#9007=CARTESIAN_POINT('Origin',(81.,14.8,-17.25));
#9008=CARTESIAN_POINT('',(81.,14.8,-17.25));
#9009=CARTESIAN_POINT('Origin',(81.,14.8,-15.25));
#9010=CARTESIAN_POINT('',(81.,14.8,-15.25));
#9011=CARTESIAN_POINT('Origin',(89.,14.8,-15.25));
#9012=CARTESIAN_POINT('',(87.75,14.05,-15.25));
#9013=CARTESIAN_POINT('Origin',(87.5,14.3,-13.5857864376269));
#9014=CARTESIAN_POINT('',(85.75,16.05,-13.25));
#9015=CARTESIAN_POINT('Origin',(81.,14.8,-13.25));
#9016=CARTESIAN_POINT('',(81.,14.8,-13.25));
#9017=CARTESIAN_POINT('Origin',(81.,14.8,-11.25));
#9018=UNCERTAINTY_MEASURE_WITH_UNIT(LENGTH_MEASURE(0.01),#9022,
'DISTANCE_ACCURACY_VALUE',
'Maximum model space distance between geometric entities at asserted c
onnectivities');
#9019=UNCERTAINTY_MEASURE_WITH_UNIT(LENGTH_MEASURE(0.01),#9022,
'DISTANCE_ACCURACY_VALUE',
'Maximum model space distance between geometric entities at asserted c
onnectivities');
#9020=(
GEOMETRIC_REPRESENTATION_CONTEXT(3)
GLOBAL_UNCERTAINTY_ASSIGNED_CONTEXT((#9018))
GLOBAL_UNIT_ASSIGNED_CONTEXT((#9022,#9023,#9024))
REPRESENTATION_CONTEXT('','3D')
);
#9021=(
GEOMETRIC_REPRESENTATION_CONTEXT(3)
GLOBAL_UNCERTAINTY_ASSIGNED_CONTEXT((#9019))
GLOBAL_UNIT_ASSIGNED_CONTEXT((#9022,#9023,#9024))
REPRESENTATION_CONTEXT('','3D')
);
#9022=(
LENGTH_UNIT()
NAMED_UNIT(*)
SI_UNIT(.MILLI.,.METRE.)
);
#9023=(
NAMED_UNIT(*)
PLANE_ANGLE_UNIT()
SI_UNIT($,.RADIAN.)
);
#9024=(
NAMED_UNIT(*)
SI_UNIT($,.STERADIAN.)
SOLID_ANGLE_UNIT()
);
#9025=SHAPE_DEFINITION_REPRESENTATION(#9026,#9027);
#9026=PRODUCT_DEFINITION_SHAPE('',$,#9029);
#9027=SHAPE_REPRESENTATION('',(#5631),#9020);
#9028=PRODUCT_DEFINITION_CONTEXT('part definition',#9033,'design');
#9029=PRODUCT_DEFINITION('2026-05-20-07-32-56-239',
'USB 6 Port Smart Hub Case',#9030,#9028);
#9030=PRODUCT_DEFINITION_FORMATION('',$,#9035);
#9031=PRODUCT_RELATED_PRODUCT_CATEGORY('USB 6 Port Smart Hub Case',
'USB 6 Port Smart Hub Case',(#9035));
#9032=APPLICATION_PROTOCOL_DEFINITION('international standard',
'automotive_design',2009,#9033);
#9033=APPLICATION_CONTEXT(
'Core Data for Automotive Mechanical Design Process');
#9034=PRODUCT_CONTEXT('part definition',#9033,'mechanical');
#9035=PRODUCT('2026-05-20-07-32-56-239','USB 6 Port Smart Hub Case',$,(#9034));
#9036=PRESENTATION_STYLE_ASSIGNMENT((#9041));
#9037=PRESENTATION_STYLE_ASSIGNMENT((#9042));
#9038=PRESENTATION_STYLE_ASSIGNMENT((#9043));
#9039=PRESENTATION_STYLE_ASSIGNMENT((#9044));
#9040=PRESENTATION_STYLE_ASSIGNMENT((#9045));
#9041=SURFACE_STYLE_USAGE(.BOTH.,#9046);
#9042=SURFACE_STYLE_USAGE(.BOTH.,#9047);
#9043=SURFACE_STYLE_USAGE(.BOTH.,#9048);
#9044=SURFACE_STYLE_USAGE(.BOTH.,#9049);
#9045=SURFACE_STYLE_USAGE(.BOTH.,#9050);
#9046=SURFACE_SIDE_STYLE('',(#9051));
#9047=SURFACE_SIDE_STYLE('',(#9052));
#9048=SURFACE_SIDE_STYLE('',(#9053));
#9049=SURFACE_SIDE_STYLE('',(#9054));
#9050=SURFACE_SIDE_STYLE('',(#9055));
#9051=SURFACE_STYLE_FILL_AREA(#9056);
#9052=SURFACE_STYLE_FILL_AREA(#9057);
#9053=SURFACE_STYLE_FILL_AREA(#9058);
#9054=SURFACE_STYLE_FILL_AREA(#9059);
#9055=SURFACE_STYLE_FILL_AREA(#9060);
#9056=FILL_AREA_STYLE('Steel - Satin',(#9061));
#9057=FILL_AREA_STYLE('Plastic - Matte (Black)',(#9062));
#9058=FILL_AREA_STYLE('Plastic - Matte (Grey)',(#9063));
#9059=FILL_AREA_STYLE('Acrylic (Red)',(#9064));
#9060=FILL_AREA_STYLE('Phenolic (Amber)',(#9065));
#9061=FILL_AREA_STYLE_COLOUR('Steel - Satin',#9066);
#9062=FILL_AREA_STYLE_COLOUR('Plastic - Matte (Black)',#9067);
#9063=FILL_AREA_STYLE_COLOUR('Plastic - Matte (Grey)',#9068);
#9064=FILL_AREA_STYLE_COLOUR('Acrylic (Red)',#9069);
#9065=FILL_AREA_STYLE_COLOUR('Phenolic (Amber)',#9070);
#9066=COLOUR_RGB('Steel - Satin',0.627450980392157,0.627450980392157,0.627450980392157);
#9067=COLOUR_RGB('Plastic - Matte (Black)',0.0980392156862745,0.0980392156862745,
0.0980392156862745);
#9068=COLOUR_RGB('Plastic - Matte (Grey)',0.568627450980392,0.568627450980392,
0.568627450980392);
#9069=COLOUR_RGB('Acrylic (Red)',0.768627450980392,0.207843137254902,0.152941176470588);
#9070=COLOUR_RGB('Phenolic (Amber)',0.964705882352941,0.701960784313725,
0.152941176470588);
ENDSEC;
END-ISO-10303-21;
