ISO-10303-21;
HEADER;
/* Generated by software containing ST-Developer
 * from STEP Tools, Inc. (www.steptools.com) 
 */

FILE_DESCRIPTION(
/* description */ (''),
/* implementation_level */ '2;1');

FILE_NAME(
/* name */ 'USB 6 Port Smart Hub Case Bottom.step',
/* time_stamp */ '2026-10-05T14:17:17+11:00',
/* author */ (''),
/* organization */ (''),
/* preprocessor_version */ 'ST-DEVELOPER v20.2',
/* originating_system */ 'Autodesk Translation Framework v15.15.0.0',
/* authorisation */ '');

FILE_SCHEMA (('AUTOMOTIVE_DESIGN { 1 0 10303 214 3 1 1 }'));
ENDSEC;

DATA;
#10=MECHANICAL_DESIGN_GEOMETRIC_PRESENTATION_REPRESENTATION('',(#13),#2901);
#11=SHAPE_REPRESENTATION_RELATIONSHIP('SRR','None',#2907,#12);
#12=ADVANCED_BREP_SHAPE_REPRESENTATION('',(#14),#2900);
#13=STYLED_ITEM('',(#2917),#14);
#14=MANIFOLD_SOLID_BREP('SmartHUB_6_Base_04',#1735);
#15=CYLINDRICAL_SURFACE('',#1755,3.15);
#16=CYLINDRICAL_SURFACE('',#1759,3.15);
#17=CYLINDRICAL_SURFACE('',#1763,3.15);
#18=CYLINDRICAL_SURFACE('',#1767,3.15);
#19=CYLINDRICAL_SURFACE('',#1793,1.5799999998545);
#20=CYLINDRICAL_SURFACE('',#1796,1.57999999991485);
#21=CYLINDRICAL_SURFACE('',#1819,1.58000000008339);
#22=CYLINDRICAL_SURFACE('',#1822,1.58000000020411);
#23=CYLINDRICAL_SURFACE('',#1824,1.5799999998545);
#24=CYLINDRICAL_SURFACE('',#1826,1.57999999991485);
#25=CYLINDRICAL_SURFACE('',#1828,1.5800000000834);
#26=CYLINDRICAL_SURFACE('',#1830,1.58000000020411);
#27=CYLINDRICAL_SURFACE('',#1836,1.69999999999988);
#28=CYLINDRICAL_SURFACE('',#1840,1.69999999999988);
#29=CYLINDRICAL_SURFACE('',#1844,1.69999999999988);
#30=CYLINDRICAL_SURFACE('',#1859,3.00000000000001);
#31=CYLINDRICAL_SURFACE('',#1860,3.);
#32=CYLINDRICAL_SURFACE('',#1861,3.);
#33=CYLINDRICAL_SURFACE('',#1871,2.5);
#34=CYLINDRICAL_SURFACE('',#1875,2.5);
#35=CYLINDRICAL_SURFACE('',#1879,2.5);
#36=CYLINDRICAL_SURFACE('',#1895,1.4);
#37=CYLINDRICAL_SURFACE('',#1897,1.4);
#38=CYLINDRICAL_SURFACE('',#1903,1.4);
#39=FACE_BOUND('',#261,.T.);
#40=FACE_BOUND('',#262,.T.);
#41=FACE_BOUND('',#263,.T.);
#42=FACE_BOUND('',#264,.T.);
#43=FACE_BOUND('',#265,.T.);
#44=FACE_BOUND('',#266,.T.);
#45=FACE_BOUND('',#267,.T.);
#46=FACE_BOUND('',#295,.T.);
#47=FACE_BOUND('',#296,.T.);
#48=FACE_BOUND('',#297,.T.);
#49=FACE_BOUND('',#298,.T.);
#50=FACE_BOUND('',#299,.T.);
#51=FACE_BOUND('',#325,.T.);
#52=FACE_BOUND('',#326,.T.);
#53=FACE_BOUND('',#327,.T.);
#54=FACE_BOUND('',#329,.T.);
#55=FACE_BOUND('',#331,.T.);
#56=FACE_BOUND('',#333,.T.);
#57=FACE_BOUND('',#344,.T.);
#58=FACE_BOUND('',#345,.T.);
#59=FACE_BOUND('',#346,.T.);
#60=FACE_BOUND('',#347,.T.);
#61=FACE_BOUND('',#348,.T.);
#62=FACE_BOUND('',#373,.T.);
#63=FACE_BOUND('',#375,.T.);
#64=FACE_BOUND('',#378,.T.);
#65=CIRCLE('',#1746,3.54999999999999);
#66=CIRCLE('',#1747,3.15);
#67=CIRCLE('',#1749,3.54999999999999);
#68=CIRCLE('',#1750,3.55);
#69=CIRCLE('',#1751,3.);
#70=CIRCLE('',#1752,3.);
#71=CIRCLE('',#1753,3.);
#72=CIRCLE('',#1754,3.55);
#73=CIRCLE('',#1756,3.15);
#74=CIRCLE('',#1758,3.15);
#75=CIRCLE('',#1760,3.15);
#76=CIRCLE('',#1762,3.15);
#77=CIRCLE('',#1764,3.15);
#78=CIRCLE('',#1766,3.15);
#79=CIRCLE('',#1768,3.15);
#80=CIRCLE('',#1777,1.87999999991485);
#81=CIRCLE('',#1778,1.57999999991485);
#82=CIRCLE('',#1781,1.8799999998545);
#83=CIRCLE('',#1782,1.5799999998545);
#84=CIRCLE('',#1785,1.88000000020411);
#85=CIRCLE('',#1786,1.58000000020411);
#86=CIRCLE('',#1789,1.88000000008339);
#87=CIRCLE('',#1790,1.5800000000834);
#88=CIRCLE('',#1794,1.5799999998545);
#89=CIRCLE('',#1797,1.57999999991485);
#90=CIRCLE('',#1799,1.88000000020411);
#91=CIRCLE('',#1800,1.88000000008339);
#92=CIRCLE('',#1801,1.87999999991485);
#93=CIRCLE('',#1802,1.87999999985449);
#94=CIRCLE('',#1803,2.29999999999988);
#95=CIRCLE('',#1804,2.29999999999988);
#96=CIRCLE('',#1805,2.29999999999988);
#97=CIRCLE('',#1807,1.58000000020411);
#98=CIRCLE('',#1810,1.58000000008339);
#99=CIRCLE('',#1813,1.57999999991485);
#100=CIRCLE('',#1816,1.5799999998545);
#101=CIRCLE('',#1820,1.58000000008339);
#102=CIRCLE('',#1823,1.58000000020411);
#103=CIRCLE('',#1825,1.5799999998545);
#104=CIRCLE('',#1827,1.57999999991485);
#105=CIRCLE('',#1829,1.5800000000834);
#106=CIRCLE('',#1831,1.58000000020411);
#107=CIRCLE('',#1835,1.69999999999988);
#108=CIRCLE('',#1837,1.69999999999988);
#109=CIRCLE('',#1839,1.69999999999988);
#110=CIRCLE('',#1841,1.69999999999988);
#111=CIRCLE('',#1843,1.69999999999988);
#112=CIRCLE('',#1845,1.69999999999988);
#113=CIRCLE('',#1847,3.00000000000001);
#114=CIRCLE('',#1848,3.);
#115=CIRCLE('',#1849,3.);
#116=CIRCLE('',#1851,3.00000000000001);
#117=CIRCLE('',#1852,1.4);
#118=CIRCLE('',#1854,3.);
#119=CIRCLE('',#1855,1.4);
#120=CIRCLE('',#1857,3.);
#121=CIRCLE('',#1858,1.4);
#122=CIRCLE('',#1870,2.5);
#123=CIRCLE('',#1872,2.5);
#124=CIRCLE('',#1874,2.5);
#125=CIRCLE('',#1876,2.5);
#126=CIRCLE('',#1878,2.5);
#127=CIRCLE('',#1880,2.5);
#128=CIRCLE('',#1896,1.4);
#129=CIRCLE('',#1898,1.4);
#130=CIRCLE('',#1901,1.4);
#131=CONICAL_SURFACE('',#1745,3.34999999999999,0.785398163397454);
#132=CONICAL_SURFACE('',#1757,3.34999999999999,0.785398163397425);
#133=CONICAL_SURFACE('',#1761,3.35,0.785398163397436);
#134=CONICAL_SURFACE('',#1765,3.35,0.785398163397466);
#135=CONICAL_SURFACE('',#1776,1.72999999991485,0.785398163397437);
#136=CONICAL_SURFACE('',#1780,1.7299999998545,0.785398163397439);
#137=CONICAL_SURFACE('',#1784,1.73000000020411,0.785398163397431);
#138=CONICAL_SURFACE('',#1788,1.7300000000834,0.785398163397428);
#139=CONICAL_SURFACE('',#1806,1.73000000020411,0.785398163397431);
#140=CONICAL_SURFACE('',#1809,1.73000000008339,0.785398163397431);
#141=CONICAL_SURFACE('',#1812,1.72999999991485,0.785398163397434);
#142=CONICAL_SURFACE('',#1815,1.7299999998545,0.785398163397433);
#143=CONICAL_SURFACE('',#1834,1.99999999999988,0.785398163397441);
#144=CONICAL_SURFACE('',#1838,1.99999999999988,0.785398163397442);
#145=CONICAL_SURFACE('',#1842,1.99999999999988,0.785398163397443);
#146=CONICAL_SURFACE('',#1869,2.75,0.78539816339745);
#147=CONICAL_SURFACE('',#1873,2.75,0.785398163397436);
#148=CONICAL_SURFACE('',#1877,2.75,0.785398163397448);
#149=FACE_OUTER_BOUND('',#251,.T.);
#150=FACE_OUTER_BOUND('',#252,.T.);
#151=FACE_OUTER_BOUND('',#253,.T.);
#152=FACE_OUTER_BOUND('',#254,.T.);
#153=FACE_OUTER_BOUND('',#255,.T.);
#154=FACE_OUTER_BOUND('',#256,.T.);
#155=FACE_OUTER_BOUND('',#257,.T.);
#156=FACE_OUTER_BOUND('',#258,.T.);
#157=FACE_OUTER_BOUND('',#259,.T.);
#158=FACE_OUTER_BOUND('',#260,.T.);
#159=FACE_OUTER_BOUND('',#268,.T.);
#160=FACE_OUTER_BOUND('',#269,.T.);
#161=FACE_OUTER_BOUND('',#270,.T.);
#162=FACE_OUTER_BOUND('',#271,.T.);
#163=FACE_OUTER_BOUND('',#272,.T.);
#164=FACE_OUTER_BOUND('',#273,.T.);
#165=FACE_OUTER_BOUND('',#274,.T.);
#166=FACE_OUTER_BOUND('',#275,.T.);
#167=FACE_OUTER_BOUND('',#276,.T.);
#168=FACE_OUTER_BOUND('',#277,.T.);
#169=FACE_OUTER_BOUND('',#278,.T.);
#170=FACE_OUTER_BOUND('',#279,.T.);
#171=FACE_OUTER_BOUND('',#280,.T.);
#172=FACE_OUTER_BOUND('',#281,.T.);
#173=FACE_OUTER_BOUND('',#282,.T.);
#174=FACE_OUTER_BOUND('',#283,.T.);
#175=FACE_OUTER_BOUND('',#284,.T.);
#176=FACE_OUTER_BOUND('',#285,.T.);
#177=FACE_OUTER_BOUND('',#286,.T.);
#178=FACE_OUTER_BOUND('',#287,.T.);
#179=FACE_OUTER_BOUND('',#288,.T.);
#180=FACE_OUTER_BOUND('',#289,.T.);
#181=FACE_OUTER_BOUND('',#290,.T.);
#182=FACE_OUTER_BOUND('',#291,.T.);
#183=FACE_OUTER_BOUND('',#292,.T.);
#184=FACE_OUTER_BOUND('',#293,.T.);
#185=FACE_OUTER_BOUND('',#294,.T.);
#186=FACE_OUTER_BOUND('',#300,.T.);
#187=FACE_OUTER_BOUND('',#301,.T.);
#188=FACE_OUTER_BOUND('',#302,.T.);
#189=FACE_OUTER_BOUND('',#303,.T.);
#190=FACE_OUTER_BOUND('',#304,.T.);
#191=FACE_OUTER_BOUND('',#305,.T.);
#192=FACE_OUTER_BOUND('',#306,.T.);
#193=FACE_OUTER_BOUND('',#307,.T.);
#194=FACE_OUTER_BOUND('',#308,.T.);
#195=FACE_OUTER_BOUND('',#309,.T.);
#196=FACE_OUTER_BOUND('',#310,.T.);
#197=FACE_OUTER_BOUND('',#311,.T.);
#198=FACE_OUTER_BOUND('',#312,.T.);
#199=FACE_OUTER_BOUND('',#313,.T.);
#200=FACE_OUTER_BOUND('',#314,.T.);
#201=FACE_OUTER_BOUND('',#315,.T.);
#202=FACE_OUTER_BOUND('',#316,.T.);
#203=FACE_OUTER_BOUND('',#317,.T.);
#204=FACE_OUTER_BOUND('',#318,.T.);
#205=FACE_OUTER_BOUND('',#319,.T.);
#206=FACE_OUTER_BOUND('',#320,.T.);
#207=FACE_OUTER_BOUND('',#321,.T.);
#208=FACE_OUTER_BOUND('',#322,.T.);
#209=FACE_OUTER_BOUND('',#323,.T.);
#210=FACE_OUTER_BOUND('',#324,.T.);
#211=FACE_OUTER_BOUND('',#328,.T.);
#212=FACE_OUTER_BOUND('',#330,.T.);
#213=FACE_OUTER_BOUND('',#332,.T.);
#214=FACE_OUTER_BOUND('',#334,.T.);
#215=FACE_OUTER_BOUND('',#335,.T.);
#216=FACE_OUTER_BOUND('',#336,.T.);
#217=FACE_OUTER_BOUND('',#337,.T.);
#218=FACE_OUTER_BOUND('',#338,.T.);
#219=FACE_OUTER_BOUND('',#339,.T.);
#220=FACE_OUTER_BOUND('',#340,.T.);
#221=FACE_OUTER_BOUND('',#341,.T.);
#222=FACE_OUTER_BOUND('',#342,.T.);
#223=FACE_OUTER_BOUND('',#343,.T.);
#224=FACE_OUTER_BOUND('',#349,.T.);
#225=FACE_OUTER_BOUND('',#350,.T.);
#226=FACE_OUTER_BOUND('',#351,.T.);
#227=FACE_OUTER_BOUND('',#352,.T.);
#228=FACE_OUTER_BOUND('',#353,.T.);
#229=FACE_OUTER_BOUND('',#354,.T.);
#230=FACE_OUTER_BOUND('',#355,.T.);
#231=FACE_OUTER_BOUND('',#356,.T.);
#232=FACE_OUTER_BOUND('',#357,.T.);
#233=FACE_OUTER_BOUND('',#358,.T.);
#234=FACE_OUTER_BOUND('',#359,.T.);
#235=FACE_OUTER_BOUND('',#360,.T.);
#236=FACE_OUTER_BOUND('',#361,.T.);
#237=FACE_OUTER_BOUND('',#362,.T.);
#238=FACE_OUTER_BOUND('',#363,.T.);
#239=FACE_OUTER_BOUND('',#364,.T.);
#240=FACE_OUTER_BOUND('',#365,.T.);
#241=FACE_OUTER_BOUND('',#366,.T.);
#242=FACE_OUTER_BOUND('',#367,.T.);
#243=FACE_OUTER_BOUND('',#368,.T.);
#244=FACE_OUTER_BOUND('',#369,.T.);
#245=FACE_OUTER_BOUND('',#370,.T.);
#246=FACE_OUTER_BOUND('',#371,.T.);
#247=FACE_OUTER_BOUND('',#372,.T.);
#248=FACE_OUTER_BOUND('',#374,.T.);
#249=FACE_OUTER_BOUND('',#376,.T.);
#250=FACE_OUTER_BOUND('',#377,.T.);
#251=EDGE_LOOP('',(#1101,#1102,#1103,#1104));
#252=EDGE_LOOP('',(#1105,#1106,#1107,#1108));
#253=EDGE_LOOP('',(#1109,#1110,#1111,#1112));
#254=EDGE_LOOP('',(#1113,#1114,#1115,#1116));
#255=EDGE_LOOP('',(#1117,#1118,#1119,#1120));
#256=EDGE_LOOP('',(#1121,#1122,#1123,#1124));
#257=EDGE_LOOP('',(#1125,#1126,#1127,#1128));
#258=EDGE_LOOP('',(#1129,#1130,#1131,#1132));
#259=EDGE_LOOP('',(#1133,#1134,#1135,#1136));
#260=EDGE_LOOP('',(#1137,#1138,#1139,#1140,#1141,#1142,#1143,#1144));
#261=EDGE_LOOP('',(#1145));
#262=EDGE_LOOP('',(#1146));
#263=EDGE_LOOP('',(#1147));
#264=EDGE_LOOP('',(#1148));
#265=EDGE_LOOP('',(#1149));
#266=EDGE_LOOP('',(#1150));
#267=EDGE_LOOP('',(#1151));
#268=EDGE_LOOP('',(#1152,#1153,#1154,#1155));
#269=EDGE_LOOP('',(#1156,#1157,#1158,#1159));
#270=EDGE_LOOP('',(#1160,#1161,#1162,#1163));
#271=EDGE_LOOP('',(#1164,#1165,#1166,#1167));
#272=EDGE_LOOP('',(#1168,#1169,#1170,#1171));
#273=EDGE_LOOP('',(#1172,#1173,#1174,#1175));
#274=EDGE_LOOP('',(#1176,#1177,#1178,#1179));
#275=EDGE_LOOP('',(#1180));
#276=EDGE_LOOP('',(#1181));
#277=EDGE_LOOP('',(#1182));
#278=EDGE_LOOP('',(#1183));
#279=EDGE_LOOP('',(#1184,#1185,#1186,#1187));
#280=EDGE_LOOP('',(#1188,#1189,#1190,#1191,#1192,#1193));
#281=EDGE_LOOP('',(#1194,#1195,#1196,#1197,#1198,#1199));
#282=EDGE_LOOP('',(#1200,#1201,#1202,#1203));
#283=EDGE_LOOP('',(#1204,#1205,#1206,#1207));
#284=EDGE_LOOP('',(#1208,#1209,#1210,#1211));
#285=EDGE_LOOP('',(#1212,#1213,#1214,#1215));
#286=EDGE_LOOP('',(#1216,#1217,#1218,#1219));
#287=EDGE_LOOP('',(#1220,#1221,#1222,#1223));
#288=EDGE_LOOP('',(#1224,#1225,#1226,#1227));
#289=EDGE_LOOP('',(#1228,#1229,#1230,#1231));
#290=EDGE_LOOP('',(#1232,#1233,#1234,#1235));
#291=EDGE_LOOP('',(#1236,#1237,#1238,#1239));
#292=EDGE_LOOP('',(#1240,#1241,#1242,#1243));
#293=EDGE_LOOP('',(#1244,#1245,#1246,#1247));
#294=EDGE_LOOP('',(#1248,#1249,#1250,#1251));
#295=EDGE_LOOP('',(#1252,#1253,#1254,#1255,#1256,#1257,#1258,#1259));
#296=EDGE_LOOP('',(#1260));
#297=EDGE_LOOP('',(#1261));
#298=EDGE_LOOP('',(#1262));
#299=EDGE_LOOP('',(#1263,#1264,#1265,#1266,#1267,#1268,#1269,#1270));
#300=EDGE_LOOP('',(#1271,#1272,#1273,#1274));
#301=EDGE_LOOP('',(#1275,#1276,#1277,#1278));
#302=EDGE_LOOP('',(#1279,#1280,#1281,#1282));
#303=EDGE_LOOP('',(#1283,#1284,#1285,#1286));
#304=EDGE_LOOP('',(#1287,#1288,#1289,#1290));
#305=EDGE_LOOP('',(#1291,#1292,#1293,#1294));
#306=EDGE_LOOP('',(#1295,#1296,#1297,#1298));
#307=EDGE_LOOP('',(#1299,#1300,#1301,#1302));
#308=EDGE_LOOP('',(#1303,#1304,#1305,#1306));
#309=EDGE_LOOP('',(#1307,#1308,#1309,#1310));
#310=EDGE_LOOP('',(#1311,#1312,#1313,#1314));
#311=EDGE_LOOP('',(#1315,#1316,#1317,#1318));
#312=EDGE_LOOP('',(#1319,#1320,#1321,#1322));
#313=EDGE_LOOP('',(#1323,#1324,#1325,#1326));
#314=EDGE_LOOP('',(#1327,#1328,#1329,#1330));
#315=EDGE_LOOP('',(#1331,#1332,#1333,#1334));
#316=EDGE_LOOP('',(#1335,#1336,#1337,#1338));
#317=EDGE_LOOP('',(#1339,#1340,#1341,#1342));
#318=EDGE_LOOP('',(#1343,#1344,#1345,#1346));
#319=EDGE_LOOP('',(#1347,#1348,#1349,#1350));
#320=EDGE_LOOP('',(#1351,#1352,#1353,#1354));
#321=EDGE_LOOP('',(#1355,#1356,#1357,#1358));
#322=EDGE_LOOP('',(#1359,#1360,#1361,#1362));
#323=EDGE_LOOP('',(#1363,#1364,#1365,#1366));
#324=EDGE_LOOP('',(#1367,#1368,#1369,#1370,#1371,#1372,#1373,#1374,#1375,
#1376));
#325=EDGE_LOOP('',(#1377));
#326=EDGE_LOOP('',(#1378));
#327=EDGE_LOOP('',(#1379));
#328=EDGE_LOOP('',(#1380));
#329=EDGE_LOOP('',(#1381));
#330=EDGE_LOOP('',(#1382));
#331=EDGE_LOOP('',(#1383));
#332=EDGE_LOOP('',(#1384));
#333=EDGE_LOOP('',(#1385));
#334=EDGE_LOOP('',(#1386,#1387,#1388,#1389));
#335=EDGE_LOOP('',(#1390,#1391,#1392,#1393));
#336=EDGE_LOOP('',(#1394,#1395,#1396,#1397));
#337=EDGE_LOOP('',(#1398,#1399,#1400,#1401,#1402,#1403));
#338=EDGE_LOOP('',(#1404,#1405,#1406,#1407));
#339=EDGE_LOOP('',(#1408,#1409,#1410,#1411));
#340=EDGE_LOOP('',(#1412,#1413,#1414,#1415));
#341=EDGE_LOOP('',(#1416,#1417,#1418,#1419));
#342=EDGE_LOOP('',(#1420,#1421,#1422,#1423));
#343=EDGE_LOOP('',(#1424,#1425,#1426,#1427));
#344=EDGE_LOOP('',(#1428,#1429,#1430,#1431,#1432,#1433,#1434,#1435));
#345=EDGE_LOOP('',(#1436));
#346=EDGE_LOOP('',(#1437));
#347=EDGE_LOOP('',(#1438));
#348=EDGE_LOOP('',(#1439,#1440,#1441,#1442,#1443,#1444,#1445,#1446));
#349=EDGE_LOOP('',(#1447,#1448,#1449,#1450));
#350=EDGE_LOOP('',(#1451,#1452,#1453,#1454));
#351=EDGE_LOOP('',(#1455,#1456,#1457,#1458));
#352=EDGE_LOOP('',(#1459,#1460,#1461,#1462));
#353=EDGE_LOOP('',(#1463,#1464,#1465,#1466));
#354=EDGE_LOOP('',(#1467,#1468,#1469,#1470));
#355=EDGE_LOOP('',(#1471,#1472,#1473,#1474,#1475,#1476,#1477));
#356=EDGE_LOOP('',(#1478,#1479,#1480,#1481,#1482,#1483,#1484,#1485,#1486,
#1487,#1488,#1489));
#357=EDGE_LOOP('',(#1490,#1491,#1492,#1493));
#358=EDGE_LOOP('',(#1494,#1495,#1496,#1497));
#359=EDGE_LOOP('',(#1498,#1499,#1500,#1501));
#360=EDGE_LOOP('',(#1502,#1503,#1504,#1505,#1506,#1507));
#361=EDGE_LOOP('',(#1508,#1509,#1510,#1511));
#362=EDGE_LOOP('',(#1512,#1513,#1514,#1515,#1516,#1517,#1518));
#363=EDGE_LOOP('',(#1519,#1520,#1521,#1522,#1523,#1524));
#364=EDGE_LOOP('',(#1525,#1526,#1527,#1528,#1529));
#365=EDGE_LOOP('',(#1530,#1531,#1532));
#366=EDGE_LOOP('',(#1533,#1534,#1535,#1536,#1537,#1538,#1539,#1540,#1541,
#1542));
#367=EDGE_LOOP('',(#1543,#1544,#1545));
#368=EDGE_LOOP('',(#1546,#1547,#1548,#1549,#1550));
#369=EDGE_LOOP('',(#1551,#1552,#1553,#1554));
#370=EDGE_LOOP('',(#1555,#1556,#1557,#1558));
#371=EDGE_LOOP('',(#1559,#1560,#1561,#1562));
#372=EDGE_LOOP('',(#1563));
#373=EDGE_LOOP('',(#1564));
#374=EDGE_LOOP('',(#1565));
#375=EDGE_LOOP('',(#1566));
#376=EDGE_LOOP('',(#1567,#1568,#1569,#1570));
#377=EDGE_LOOP('',(#1571));
#378=EDGE_LOOP('',(#1572));
#379=LINE('',#2417,#549);
#380=LINE('',#2419,#550);
#381=LINE('',#2421,#551);
#382=LINE('',#2422,#552);
#383=LINE('',#2426,#553);
#384=LINE('',#2428,#554);
#385=LINE('',#2430,#555);
#386=LINE('',#2431,#556);
#387=LINE('',#2433,#557);
#388=LINE('',#2434,#558);
#389=LINE('',#2437,#559);
#390=LINE('',#2439,#560);
#391=LINE('',#2440,#561);
#392=LINE('',#2443,#562);
#393=LINE('',#2445,#563);
#394=LINE('',#2446,#564);
#395=LINE('',#2449,#565);
#396=LINE('',#2450,#566);
#397=LINE('',#2453,#567);
#398=LINE('',#2454,#568);
#399=LINE('',#2457,#569);
#400=LINE('',#2459,#570);
#401=LINE('',#2460,#571);
#402=LINE('',#2465,#572);
#403=LINE('',#2469,#573);
#404=LINE('',#2471,#574);
#405=LINE('',#2472,#575);
#406=LINE('',#2487,#576);
#407=LINE('',#2491,#577);
#408=LINE('',#2495,#578);
#409=LINE('',#2499,#579);
#410=LINE('',#2503,#580);
#411=LINE('',#2507,#581);
#412=LINE('',#2511,#582);
#413=LINE('',#2520,#583);
#414=LINE('',#2522,#584);
#415=LINE('',#2524,#585);
#416=LINE('',#2525,#586);
#417=LINE('',#2529,#587);
#418=LINE('',#2531,#588);
#419=LINE('',#2533,#589);
#420=LINE('',#2534,#590);
#421=LINE('',#2535,#591);
#422=LINE('',#2538,#592);
#423=LINE('',#2540,#593);
#424=LINE('',#2542,#594);
#425=LINE('',#2543,#595);
#426=LINE('',#2547,#596);
#427=LINE('',#2551,#597);
#428=LINE('',#2556,#598);
#429=LINE('',#2557,#599);
#430=LINE('',#2558,#600);
#431=LINE('',#2562,#601);
#432=LINE('',#2568,#602);
#433=LINE('',#2569,#603);
#434=LINE('',#2570,#604);
#435=LINE('',#2574,#605);
#436=LINE('',#2580,#606);
#437=LINE('',#2581,#607);
#438=LINE('',#2582,#608);
#439=LINE('',#2586,#609);
#440=LINE('',#2590,#610);
#441=LINE('',#2591,#611);
#442=LINE('',#2594,#612);
#443=LINE('',#2596,#613);
#444=LINE('',#2597,#614);
#445=LINE('',#2600,#615);
#446=LINE('',#2604,#616);
#447=LINE('',#2605,#617);
#448=LINE('',#2608,#618);
#449=LINE('',#2613,#619);
#450=LINE('',#2615,#620);
#451=LINE('',#2617,#621);
#452=LINE('',#2618,#622);
#453=LINE('',#2623,#623);
#454=LINE('',#2627,#624);
#455=LINE('',#2631,#625);
#456=LINE('',#2634,#626);
#457=LINE('',#2643,#627);
#458=LINE('',#2645,#628);
#459=LINE('',#2649,#629);
#460=LINE('',#2650,#630);
#461=LINE('',#2653,#631);
#462=LINE('',#2657,#632);
#463=LINE('',#2658,#633);
#464=LINE('',#2661,#634);
#465=LINE('',#2665,#635);
#466=LINE('',#2666,#636);
#467=LINE('',#2669,#637);
#468=LINE('',#2672,#638);
#469=LINE('',#2675,#639);
#470=LINE('',#2677,#640);
#471=LINE('',#2678,#641);
#472=LINE('',#2681,#642);
#473=LINE('',#2685,#643);
#474=LINE('',#2686,#644);
#475=LINE('',#2689,#645);
#476=LINE('',#2693,#646);
#477=LINE('',#2696,#647);
#478=LINE('',#2700,#648);
#479=LINE('',#2703,#649);
#480=LINE('',#2706,#650);
#481=LINE('',#2710,#651);
#482=LINE('',#2712,#652);
#483=LINE('',#2714,#653);
#484=LINE('',#2717,#654);
#485=LINE('',#2721,#655);
#486=LINE('',#2725,#656);
#487=LINE('',#2729,#657);
#488=LINE('',#2733,#658);
#489=LINE('',#2737,#659);
#490=LINE('',#2741,#660);
#491=LINE('',#2743,#661);
#492=LINE('',#2745,#662);
#493=LINE('',#2747,#663);
#494=LINE('',#2749,#664);
#495=LINE('',#2751,#665);
#496=LINE('',#2753,#666);
#497=LINE('',#2754,#667);
#498=LINE('',#2777,#668);
#499=LINE('',#2779,#669);
#500=LINE('',#2781,#670);
#501=LINE('',#2785,#671);
#502=LINE('',#2786,#672);
#503=LINE('',#2787,#673);
#504=LINE('',#2790,#674);
#505=LINE('',#2791,#675);
#506=LINE('',#2794,#676);
#507=LINE('',#2795,#677);
#508=LINE('',#2797,#678);
#509=LINE('',#2799,#679);
#510=LINE('',#2801,#680);
#511=LINE('',#2804,#681);
#512=LINE('',#2806,#682);
#513=LINE('',#2807,#683);
#514=LINE('',#2811,#684);
#515=LINE('',#2814,#685);
#516=LINE('',#2819,#686);
#517=LINE('',#2822,#687);
#518=LINE('',#2827,#688);
#519=LINE('',#2830,#689);
#520=LINE('',#2834,#690);
#521=LINE('',#2836,#691);
#522=LINE('',#2838,#692);
#523=LINE('',#2840,#693);
#524=LINE('',#2841,#694);
#525=LINE('',#2844,#695);
#526=LINE('',#2845,#696);
#527=LINE('',#2846,#697);
#528=LINE('',#2848,#698);
#529=LINE('',#2849,#699);
#530=LINE('',#2851,#700);
#531=LINE('',#2853,#701);
#532=LINE('',#2856,#702);
#533=LINE('',#2857,#703);
#534=LINE('',#2859,#704);
#535=LINE('',#2862,#705);
#536=LINE('',#2864,#706);
#537=LINE('',#2866,#707);
#538=LINE('',#2867,#708);
#539=LINE('',#2870,#709);
#540=LINE('',#2871,#710);
#541=LINE('',#2873,#711);
#542=LINE('',#2874,#712);
#543=LINE('',#2877,#713);
#544=LINE('',#2878,#714);
#545=LINE('',#2880,#715);
#546=LINE('',#2885,#716);
#547=LINE('',#2889,#717);
#548=LINE('',#2896,#718);
#549=VECTOR('',#1909,10.);
#550=VECTOR('',#1910,10.);
#551=VECTOR('',#1911,10.);
#552=VECTOR('',#1912,10.);
#553=VECTOR('',#1915,10.);
#554=VECTOR('',#1916,10.);
#555=VECTOR('',#1917,10.);
#556=VECTOR('',#1918,10.);
#557=VECTOR('',#1921,10.);
#558=VECTOR('',#1922,10.);
#559=VECTOR('',#1925,10.);
#560=VECTOR('',#1926,10.);
#561=VECTOR('',#1927,10.);
#562=VECTOR('',#1930,10.);
#563=VECTOR('',#1931,10.);
#564=VECTOR('',#1932,10.);
#565=VECTOR('',#1935,10.);
#566=VECTOR('',#1936,10.);
#567=VECTOR('',#1939,10.);
#568=VECTOR('',#1940,10.);
#569=VECTOR('',#1943,10.);
#570=VECTOR('',#1944,10.);
#571=VECTOR('',#1945,10.);
#572=VECTOR('',#1950,3.34999999999999);
#573=VECTOR('',#1955,10.);
#574=VECTOR('',#1956,10.);
#575=VECTOR('',#1957,10.);
#576=VECTOR('',#1972,3.15);
#577=VECTOR('',#1977,3.34999999999999);
#578=VECTOR('',#1982,3.15);
#579=VECTOR('',#1987,3.35);
#580=VECTOR('',#1992,3.15);
#581=VECTOR('',#1997,3.35);
#582=VECTOR('',#2002,3.15);
#583=VECTOR('',#2015,10.);
#584=VECTOR('',#2016,10.);
#585=VECTOR('',#2017,10.);
#586=VECTOR('',#2018,10.);
#587=VECTOR('',#2021,10.);
#588=VECTOR('',#2022,10.);
#589=VECTOR('',#2023,10.);
#590=VECTOR('',#2024,10.);
#591=VECTOR('',#2025,10.);
#592=VECTOR('',#2028,10.);
#593=VECTOR('',#2029,10.);
#594=VECTOR('',#2030,10.);
#595=VECTOR('',#2031,10.);
#596=VECTOR('',#2034,10.);
#597=VECTOR('',#2037,10.);
#598=VECTOR('',#2042,10.);
#599=VECTOR('',#2043,10.);
#600=VECTOR('',#2044,10.);
#601=VECTOR('',#2047,10.);
#602=VECTOR('',#2054,10.);
#603=VECTOR('',#2055,10.);
#604=VECTOR('',#2056,10.);
#605=VECTOR('',#2059,10.);
#606=VECTOR('',#2066,10.);
#607=VECTOR('',#2067,10.);
#608=VECTOR('',#2068,10.);
#609=VECTOR('',#2071,10.);
#610=VECTOR('',#2078,10.);
#611=VECTOR('',#2079,10.);
#612=VECTOR('',#2082,10.);
#613=VECTOR('',#2083,10.);
#614=VECTOR('',#2084,10.);
#615=VECTOR('',#2087,10.);
#616=VECTOR('',#2092,10.);
#617=VECTOR('',#2093,10.);
#618=VECTOR('',#2096,10.);
#619=VECTOR('',#2101,10.);
#620=VECTOR('',#2102,10.);
#621=VECTOR('',#2103,10.);
#622=VECTOR('',#2104,10.);
#623=VECTOR('',#2107,10.);
#624=VECTOR('',#2110,10.);
#625=VECTOR('',#2113,10.);
#626=VECTOR('',#2116,10.);
#627=VECTOR('',#2125,10.);
#628=VECTOR('',#2126,10.);
#629=VECTOR('',#2131,10.);
#630=VECTOR('',#2132,10.);
#631=VECTOR('',#2135,10.);
#632=VECTOR('',#2140,10.);
#633=VECTOR('',#2141,10.);
#634=VECTOR('',#2144,10.);
#635=VECTOR('',#2149,10.);
#636=VECTOR('',#2150,10.);
#637=VECTOR('',#2153,10.);
#638=VECTOR('',#2158,10.);
#639=VECTOR('',#2161,10.);
#640=VECTOR('',#2162,10.);
#641=VECTOR('',#2163,10.);
#642=VECTOR('',#2166,10.);
#643=VECTOR('',#2171,10.);
#644=VECTOR('',#2172,10.);
#645=VECTOR('',#2175,10.);
#646=VECTOR('',#2180,10.);
#647=VECTOR('',#2183,10.);
#648=VECTOR('',#2188,10.);
#649=VECTOR('',#2191,10.);
#650=VECTOR('',#2194,10.);
#651=VECTOR('',#2199,10.);
#652=VECTOR('',#2202,10.);
#653=VECTOR('',#2205,10.);
#654=VECTOR('',#2208,1.99999999999988);
#655=VECTOR('',#2213,1.39999999999988);
#656=VECTOR('',#2218,1.99999999999988);
#657=VECTOR('',#2223,1.39999999999988);
#658=VECTOR('',#2228,1.99999999999988);
#659=VECTOR('',#2233,1.39999999999988);
#660=VECTOR('',#2238,10.);
#661=VECTOR('',#2239,10.);
#662=VECTOR('',#2240,10.);
#663=VECTOR('',#2241,10.);
#664=VECTOR('',#2242,10.);
#665=VECTOR('',#2243,10.);
#666=VECTOR('',#2244,10.);
#667=VECTOR('',#2245,10.);
#668=VECTOR('',#2272,3.00000000000001);
#669=VECTOR('',#2275,3.);
#670=VECTOR('',#2278,3.);
#671=VECTOR('',#2281,10.);
#672=VECTOR('',#2282,10.);
#673=VECTOR('',#2283,10.);
#674=VECTOR('',#2286,10.);
#675=VECTOR('',#2287,10.);
#676=VECTOR('',#2290,10.);
#677=VECTOR('',#2291,10.);
#678=VECTOR('',#2294,10.);
#679=VECTOR('',#2297,10.);
#680=VECTOR('',#2300,10.);
#681=VECTOR('',#2303,10.);
#682=VECTOR('',#2304,10.);
#683=VECTOR('',#2305,10.);
#684=VECTOR('',#2310,2.75);
#685=VECTOR('',#2313,2.5);
#686=VECTOR('',#2320,2.75);
#687=VECTOR('',#2323,2.5);
#688=VECTOR('',#2330,2.75);
#689=VECTOR('',#2333,2.5);
#690=VECTOR('',#2338,10.);
#691=VECTOR('',#2339,10.);
#692=VECTOR('',#2340,10.);
#693=VECTOR('',#2341,10.);
#694=VECTOR('',#2342,10.);
#695=VECTOR('',#2345,10.);
#696=VECTOR('',#2346,10.);
#697=VECTOR('',#2347,10.);
#698=VECTOR('',#2350,10.);
#699=VECTOR('',#2351,10.);
#700=VECTOR('',#2354,10.);
#701=VECTOR('',#2357,10.);
#702=VECTOR('',#2360,10.);
#703=VECTOR('',#2361,10.);
#704=VECTOR('',#2364,10.);
#705=VECTOR('',#2367,10.);
#706=VECTOR('',#2368,10.);
#707=VECTOR('',#2369,10.);
#708=VECTOR('',#2370,10.);
#709=VECTOR('',#2373,10.);
#710=VECTOR('',#2374,10.);
#711=VECTOR('',#2377,10.);
#712=VECTOR('',#2378,10.);
#713=VECTOR('',#2383,10.);
#714=VECTOR('',#2384,10.);
#715=VECTOR('',#2387,10.);
#716=VECTOR('',#2394,1.25);
#717=VECTOR('',#2399,1.25);
#718=VECTOR('',#2410,1.25);
#719=VERTEX_POINT('',#2415);
#720=VERTEX_POINT('',#2416);
#721=VERTEX_POINT('',#2418);
#722=VERTEX_POINT('',#2420);
#723=VERTEX_POINT('',#2424);
#724=VERTEX_POINT('',#2425);
#725=VERTEX_POINT('',#2427);
#726=VERTEX_POINT('',#2429);
#727=VERTEX_POINT('',#2436);
#728=VERTEX_POINT('',#2438);
#729=VERTEX_POINT('',#2442);
#730=VERTEX_POINT('',#2444);
#731=VERTEX_POINT('',#2448);
#732=VERTEX_POINT('',#2452);
#733=VERTEX_POINT('',#2456);
#734=VERTEX_POINT('',#2458);
#735=VERTEX_POINT('',#2462);
#736=VERTEX_POINT('',#2464);
#737=VERTEX_POINT('',#2468);
#738=VERTEX_POINT('',#2470);
#739=VERTEX_POINT('',#2473);
#740=VERTEX_POINT('',#2475);
#741=VERTEX_POINT('',#2477);
#742=VERTEX_POINT('',#2479);
#743=VERTEX_POINT('',#2481);
#744=VERTEX_POINT('',#2483);
#745=VERTEX_POINT('',#2486);
#746=VERTEX_POINT('',#2490);
#747=VERTEX_POINT('',#2494);
#748=VERTEX_POINT('',#2498);
#749=VERTEX_POINT('',#2502);
#750=VERTEX_POINT('',#2506);
#751=VERTEX_POINT('',#2510);
#752=VERTEX_POINT('',#2518);
#753=VERTEX_POINT('',#2519);
#754=VERTEX_POINT('',#2521);
#755=VERTEX_POINT('',#2523);
#756=VERTEX_POINT('',#2527);
#757=VERTEX_POINT('',#2528);
#758=VERTEX_POINT('',#2530);
#759=VERTEX_POINT('',#2532);
#760=VERTEX_POINT('',#2537);
#761=VERTEX_POINT('',#2539);
#762=VERTEX_POINT('',#2541);
#763=VERTEX_POINT('',#2545);
#764=VERTEX_POINT('',#2546);
#765=VERTEX_POINT('',#2548);
#766=VERTEX_POINT('',#2550);
#767=VERTEX_POINT('',#2554);
#768=VERTEX_POINT('',#2555);
#769=VERTEX_POINT('',#2560);
#770=VERTEX_POINT('',#2561);
#771=VERTEX_POINT('',#2566);
#772=VERTEX_POINT('',#2567);
#773=VERTEX_POINT('',#2572);
#774=VERTEX_POINT('',#2573);
#775=VERTEX_POINT('',#2578);
#776=VERTEX_POINT('',#2579);
#777=VERTEX_POINT('',#2584);
#778=VERTEX_POINT('',#2585);
#779=VERTEX_POINT('',#2593);
#780=VERTEX_POINT('',#2595);
#781=VERTEX_POINT('',#2599);
#782=VERTEX_POINT('',#2603);
#783=VERTEX_POINT('',#2607);
#784=VERTEX_POINT('',#2611);
#785=VERTEX_POINT('',#2612);
#786=VERTEX_POINT('',#2614);
#787=VERTEX_POINT('',#2616);
#788=VERTEX_POINT('',#2619);
#789=VERTEX_POINT('',#2620);
#790=VERTEX_POINT('',#2622);
#791=VERTEX_POINT('',#2624);
#792=VERTEX_POINT('',#2626);
#793=VERTEX_POINT('',#2628);
#794=VERTEX_POINT('',#2630);
#795=VERTEX_POINT('',#2632);
#796=VERTEX_POINT('',#2635);
#797=VERTEX_POINT('',#2637);
#798=VERTEX_POINT('',#2639);
#799=VERTEX_POINT('',#2642);
#800=VERTEX_POINT('',#2644);
#801=VERTEX_POINT('',#2648);
#802=VERTEX_POINT('',#2652);
#803=VERTEX_POINT('',#2656);
#804=VERTEX_POINT('',#2660);
#805=VERTEX_POINT('',#2664);
#806=VERTEX_POINT('',#2668);
#807=VERTEX_POINT('',#2674);
#808=VERTEX_POINT('',#2676);
#809=VERTEX_POINT('',#2680);
#810=VERTEX_POINT('',#2684);
#811=VERTEX_POINT('',#2688);
#812=VERTEX_POINT('',#2692);
#813=VERTEX_POINT('',#2694);
#814=VERTEX_POINT('',#2698);
#815=VERTEX_POINT('',#2702);
#816=VERTEX_POINT('',#2704);
#817=VERTEX_POINT('',#2708);
#818=VERTEX_POINT('',#2716);
#819=VERTEX_POINT('',#2720);
#820=VERTEX_POINT('',#2724);
#821=VERTEX_POINT('',#2728);
#822=VERTEX_POINT('',#2732);
#823=VERTEX_POINT('',#2736);
#824=VERTEX_POINT('',#2740);
#825=VERTEX_POINT('',#2742);
#826=VERTEX_POINT('',#2744);
#827=VERTEX_POINT('',#2746);
#828=VERTEX_POINT('',#2748);
#829=VERTEX_POINT('',#2750);
#830=VERTEX_POINT('',#2752);
#831=VERTEX_POINT('',#2755);
#832=VERTEX_POINT('',#2757);
#833=VERTEX_POINT('',#2759);
#834=VERTEX_POINT('',#2762);
#835=VERTEX_POINT('',#2764);
#836=VERTEX_POINT('',#2767);
#837=VERTEX_POINT('',#2769);
#838=VERTEX_POINT('',#2772);
#839=VERTEX_POINT('',#2774);
#840=VERTEX_POINT('',#2783);
#841=VERTEX_POINT('',#2784);
#842=VERTEX_POINT('',#2789);
#843=VERTEX_POINT('',#2793);
#844=VERTEX_POINT('',#2803);
#845=VERTEX_POINT('',#2805);
#846=VERTEX_POINT('',#2809);
#847=VERTEX_POINT('',#2813);
#848=VERTEX_POINT('',#2817);
#849=VERTEX_POINT('',#2821);
#850=VERTEX_POINT('',#2825);
#851=VERTEX_POINT('',#2829);
#852=VERTEX_POINT('',#2833);
#853=VERTEX_POINT('',#2835);
#854=VERTEX_POINT('',#2837);
#855=VERTEX_POINT('',#2839);
#856=VERTEX_POINT('',#2843);
#857=VERTEX_POINT('',#2855);
#858=VERTEX_POINT('',#2861);
#859=VERTEX_POINT('',#2863);
#860=VERTEX_POINT('',#2865);
#861=VERTEX_POINT('',#2869);
#862=VERTEX_POINT('',#2883);
#863=VERTEX_POINT('',#2887);
#864=VERTEX_POINT('',#2892);
#865=EDGE_CURVE('',#719,#720,#379,.T.);
#866=EDGE_CURVE('',#720,#721,#380,.T.);
#867=EDGE_CURVE('',#721,#722,#381,.T.);
#868=EDGE_CURVE('',#722,#719,#382,.T.);
#869=EDGE_CURVE('',#723,#724,#383,.T.);
#870=EDGE_CURVE('',#724,#725,#384,.T.);
#871=EDGE_CURVE('',#725,#726,#385,.T.);
#872=EDGE_CURVE('',#726,#723,#386,.T.);
#873=EDGE_CURVE('',#722,#723,#387,.T.);
#874=EDGE_CURVE('',#726,#719,#388,.T.);
#875=EDGE_CURVE('',#720,#727,#389,.T.);
#876=EDGE_CURVE('',#728,#727,#390,.T.);
#877=EDGE_CURVE('',#728,#721,#391,.T.);
#878=EDGE_CURVE('',#729,#719,#392,.T.);
#879=EDGE_CURVE('',#729,#730,#393,.T.);
#880=EDGE_CURVE('',#730,#720,#394,.T.);
#881=EDGE_CURVE('',#731,#726,#395,.T.);
#882=EDGE_CURVE('',#731,#729,#396,.T.);
#883=EDGE_CURVE('',#732,#725,#397,.T.);
#884=EDGE_CURVE('',#732,#731,#398,.T.);
#885=EDGE_CURVE('',#724,#733,#399,.T.);
#886=EDGE_CURVE('',#734,#733,#400,.T.);
#887=EDGE_CURVE('',#734,#725,#401,.T.);
#888=EDGE_CURVE('',#735,#735,#65,.T.);
#889=EDGE_CURVE('',#735,#736,#402,.T.);
#890=EDGE_CURVE('',#736,#736,#66,.T.);
#891=EDGE_CURVE('',#737,#728,#403,.T.);
#892=EDGE_CURVE('',#738,#737,#404,.T.);
#893=EDGE_CURVE('',#733,#738,#405,.T.);
#894=EDGE_CURVE('',#739,#739,#67,.T.);
#895=EDGE_CURVE('',#740,#740,#68,.T.);
#896=EDGE_CURVE('',#741,#741,#69,.T.);
#897=EDGE_CURVE('',#742,#742,#70,.T.);
#898=EDGE_CURVE('',#743,#743,#71,.T.);
#899=EDGE_CURVE('',#744,#744,#72,.T.);
#900=EDGE_CURVE('',#736,#745,#406,.T.);
#901=EDGE_CURVE('',#745,#745,#73,.T.);
#902=EDGE_CURVE('',#739,#746,#407,.T.);
#903=EDGE_CURVE('',#746,#746,#74,.T.);
#904=EDGE_CURVE('',#746,#747,#408,.T.);
#905=EDGE_CURVE('',#747,#747,#75,.T.);
#906=EDGE_CURVE('',#744,#748,#409,.T.);
#907=EDGE_CURVE('',#748,#748,#76,.T.);
#908=EDGE_CURVE('',#748,#749,#410,.T.);
#909=EDGE_CURVE('',#749,#749,#77,.T.);
#910=EDGE_CURVE('',#740,#750,#411,.T.);
#911=EDGE_CURVE('',#750,#750,#78,.T.);
#912=EDGE_CURVE('',#750,#751,#412,.T.);
#913=EDGE_CURVE('',#751,#751,#79,.T.);
#914=EDGE_CURVE('',#752,#753,#413,.T.);
#915=EDGE_CURVE('',#752,#754,#414,.T.);
#916=EDGE_CURVE('',#755,#754,#415,.T.);
#917=EDGE_CURVE('',#753,#755,#416,.T.);
#918=EDGE_CURVE('',#756,#757,#417,.T.);
#919=EDGE_CURVE('',#757,#758,#418,.T.);
#920=EDGE_CURVE('',#758,#759,#419,.T.);
#921=EDGE_CURVE('',#759,#755,#420,.T.);
#922=EDGE_CURVE('',#754,#756,#421,.T.);
#923=EDGE_CURVE('',#760,#752,#422,.T.);
#924=EDGE_CURVE('',#761,#760,#423,.F.);
#925=EDGE_CURVE('',#762,#761,#424,.T.);
#926=EDGE_CURVE('',#762,#756,#425,.F.);
#927=EDGE_CURVE('',#763,#764,#426,.T.);
#928=EDGE_CURVE('',#764,#765,#80,.T.);
#929=EDGE_CURVE('',#765,#766,#427,.T.);
#930=EDGE_CURVE('',#766,#763,#81,.T.);
#931=EDGE_CURVE('',#767,#768,#428,.T.);
#932=EDGE_CURVE('',#768,#764,#429,.T.);
#933=EDGE_CURVE('',#763,#767,#430,.T.);
#934=EDGE_CURVE('',#769,#770,#431,.T.);
#935=EDGE_CURVE('',#770,#768,#82,.T.);
#936=EDGE_CURVE('',#767,#769,#83,.T.);
#937=EDGE_CURVE('',#771,#772,#432,.T.);
#938=EDGE_CURVE('',#772,#770,#433,.T.);
#939=EDGE_CURVE('',#769,#771,#434,.T.);
#940=EDGE_CURVE('',#773,#774,#435,.T.);
#941=EDGE_CURVE('',#774,#772,#84,.T.);
#942=EDGE_CURVE('',#771,#773,#85,.T.);
#943=EDGE_CURVE('',#775,#776,#436,.T.);
#944=EDGE_CURVE('',#776,#774,#437,.T.);
#945=EDGE_CURVE('',#773,#775,#438,.T.);
#946=EDGE_CURVE('',#777,#778,#439,.T.);
#947=EDGE_CURVE('',#778,#776,#86,.T.);
#948=EDGE_CURVE('',#775,#777,#87,.T.);
#949=EDGE_CURVE('',#765,#778,#440,.T.);
#950=EDGE_CURVE('',#777,#766,#441,.T.);
#951=EDGE_CURVE('',#779,#769,#442,.T.);
#952=EDGE_CURVE('',#780,#779,#443,.T.);
#953=EDGE_CURVE('',#771,#780,#444,.T.);
#954=EDGE_CURVE('',#767,#781,#445,.T.);
#955=EDGE_CURVE('',#781,#779,#88,.T.);
#956=EDGE_CURVE('',#782,#763,#446,.T.);
#957=EDGE_CURVE('',#781,#782,#447,.T.);
#958=EDGE_CURVE('',#766,#783,#448,.T.);
#959=EDGE_CURVE('',#783,#782,#89,.T.);
#960=EDGE_CURVE('',#784,#785,#449,.T.);
#961=EDGE_CURVE('',#786,#785,#450,.T.);
#962=EDGE_CURVE('',#787,#786,#451,.T.);
#963=EDGE_CURVE('',#784,#787,#452,.T.);
#964=EDGE_CURVE('',#788,#789,#90,.T.);
#965=EDGE_CURVE('',#790,#788,#453,.T.);
#966=EDGE_CURVE('',#791,#790,#91,.T.);
#967=EDGE_CURVE('',#792,#791,#454,.T.);
#968=EDGE_CURVE('',#793,#792,#92,.T.);
#969=EDGE_CURVE('',#794,#793,#455,.T.);
#970=EDGE_CURVE('',#795,#794,#93,.T.);
#971=EDGE_CURVE('',#789,#795,#456,.T.);
#972=EDGE_CURVE('',#796,#796,#94,.T.);
#973=EDGE_CURVE('',#797,#797,#95,.T.);
#974=EDGE_CURVE('',#798,#798,#96,.T.);
#975=EDGE_CURVE('',#799,#788,#457,.T.);
#976=EDGE_CURVE('',#789,#800,#458,.T.);
#977=EDGE_CURVE('',#800,#799,#97,.T.);
#978=EDGE_CURVE('',#801,#790,#459,.T.);
#979=EDGE_CURVE('',#799,#801,#460,.T.);
#980=EDGE_CURVE('',#802,#791,#461,.T.);
#981=EDGE_CURVE('',#801,#802,#98,.T.);
#982=EDGE_CURVE('',#803,#792,#462,.T.);
#983=EDGE_CURVE('',#802,#803,#463,.T.);
#984=EDGE_CURVE('',#804,#793,#464,.T.);
#985=EDGE_CURVE('',#803,#804,#99,.T.);
#986=EDGE_CURVE('',#805,#794,#465,.T.);
#987=EDGE_CURVE('',#804,#805,#466,.T.);
#988=EDGE_CURVE('',#806,#795,#467,.T.);
#989=EDGE_CURVE('',#805,#806,#100,.T.);
#990=EDGE_CURVE('',#806,#800,#468,.T.);
#991=EDGE_CURVE('',#807,#802,#469,.T.);
#992=EDGE_CURVE('',#808,#807,#470,.T.);
#993=EDGE_CURVE('',#803,#808,#471,.T.);
#994=EDGE_CURVE('',#801,#809,#472,.T.);
#995=EDGE_CURVE('',#809,#807,#101,.T.);
#996=EDGE_CURVE('',#799,#810,#473,.T.);
#997=EDGE_CURVE('',#809,#810,#474,.T.);
#998=EDGE_CURVE('',#800,#811,#475,.T.);
#999=EDGE_CURVE('',#810,#811,#102,.T.);
#1000=EDGE_CURVE('',#805,#812,#476,.T.);
#1001=EDGE_CURVE('',#813,#812,#103,.T.);
#1002=EDGE_CURVE('',#806,#813,#477,.T.);
#1003=EDGE_CURVE('',#808,#814,#104,.T.);
#1004=EDGE_CURVE('',#814,#804,#478,.T.);
#1005=EDGE_CURVE('',#775,#815,#479,.T.);
#1006=EDGE_CURVE('',#815,#816,#105,.T.);
#1007=EDGE_CURVE('',#816,#777,#480,.T.);
#1008=EDGE_CURVE('',#780,#817,#106,.T.);
#1009=EDGE_CURVE('',#817,#773,#481,.T.);
#1010=EDGE_CURVE('',#811,#813,#482,.T.);
#1011=EDGE_CURVE('',#783,#816,#483,.T.);
#1012=EDGE_CURVE('',#798,#818,#484,.T.);
#1013=EDGE_CURVE('',#818,#818,#107,.T.);
#1014=EDGE_CURVE('',#818,#819,#485,.T.);
#1015=EDGE_CURVE('',#819,#819,#108,.T.);
#1016=EDGE_CURVE('',#796,#820,#486,.T.);
#1017=EDGE_CURVE('',#820,#820,#109,.T.);
#1018=EDGE_CURVE('',#820,#821,#487,.T.);
#1019=EDGE_CURVE('',#821,#821,#110,.T.);
#1020=EDGE_CURVE('',#797,#822,#488,.T.);
#1021=EDGE_CURVE('',#822,#822,#111,.T.);
#1022=EDGE_CURVE('',#822,#823,#489,.T.);
#1023=EDGE_CURVE('',#823,#823,#112,.T.);
#1024=EDGE_CURVE('',#753,#824,#490,.T.);
#1025=EDGE_CURVE('',#825,#824,#491,.T.);
#1026=EDGE_CURVE('',#826,#825,#492,.T.);
#1027=EDGE_CURVE('',#827,#826,#493,.T.);
#1028=EDGE_CURVE('',#828,#827,#494,.T.);
#1029=EDGE_CURVE('',#829,#828,#495,.T.);
#1030=EDGE_CURVE('',#830,#829,#496,.T.);
#1031=EDGE_CURVE('',#760,#830,#497,.T.);
#1032=EDGE_CURVE('',#831,#831,#113,.T.);
#1033=EDGE_CURVE('',#832,#832,#114,.T.);
#1034=EDGE_CURVE('',#833,#833,#115,.T.);
#1035=EDGE_CURVE('',#834,#834,#116,.T.);
#1036=EDGE_CURVE('',#835,#835,#117,.F.);
#1037=EDGE_CURVE('',#836,#836,#118,.T.);
#1038=EDGE_CURVE('',#837,#837,#119,.F.);
#1039=EDGE_CURVE('',#838,#838,#120,.T.);
#1040=EDGE_CURVE('',#839,#839,#121,.F.);
#1041=EDGE_CURVE('',#834,#831,#498,.T.);
#1042=EDGE_CURVE('',#836,#832,#499,.T.);
#1043=EDGE_CURVE('',#838,#833,#500,.T.);
#1044=EDGE_CURVE('',#840,#841,#501,.T.);
#1045=EDGE_CURVE('',#824,#840,#502,.F.);
#1046=EDGE_CURVE('',#841,#759,#503,.F.);
#1047=EDGE_CURVE('',#842,#758,#504,.F.);
#1048=EDGE_CURVE('',#841,#842,#505,.T.);
#1049=EDGE_CURVE('',#843,#757,#506,.F.);
#1050=EDGE_CURVE('',#842,#843,#507,.T.);
#1051=EDGE_CURVE('',#843,#762,#508,.T.);
#1052=EDGE_CURVE('',#815,#817,#509,.T.);
#1053=EDGE_CURVE('',#812,#814,#510,.T.);
#1054=EDGE_CURVE('',#827,#844,#511,.F.);
#1055=EDGE_CURVE('',#845,#844,#512,.F.);
#1056=EDGE_CURVE('',#845,#828,#513,.T.);
#1057=EDGE_CURVE('',#846,#846,#122,.T.);
#1058=EDGE_CURVE('',#846,#741,#514,.T.);
#1059=EDGE_CURVE('',#846,#847,#515,.T.);
#1060=EDGE_CURVE('',#847,#847,#123,.T.);
#1061=EDGE_CURVE('',#848,#848,#124,.T.);
#1062=EDGE_CURVE('',#848,#743,#516,.T.);
#1063=EDGE_CURVE('',#848,#849,#517,.T.);
#1064=EDGE_CURVE('',#849,#849,#125,.T.);
#1065=EDGE_CURVE('',#850,#850,#126,.T.);
#1066=EDGE_CURVE('',#850,#742,#518,.T.);
#1067=EDGE_CURVE('',#850,#851,#519,.T.);
#1068=EDGE_CURVE('',#851,#851,#127,.T.);
#1069=EDGE_CURVE('',#852,#840,#520,.F.);
#1070=EDGE_CURVE('',#853,#852,#521,.T.);
#1071=EDGE_CURVE('',#854,#853,#522,.T.);
#1072=EDGE_CURVE('',#855,#854,#523,.T.);
#1073=EDGE_CURVE('',#825,#855,#524,.F.);
#1074=EDGE_CURVE('',#761,#856,#525,.F.);
#1075=EDGE_CURVE('',#730,#856,#526,.T.);
#1076=EDGE_CURVE('',#852,#732,#527,.T.);
#1077=EDGE_CURVE('',#785,#734,#528,.T.);
#1078=EDGE_CURVE('',#738,#785,#529,.T.);
#1079=EDGE_CURVE('',#737,#786,#530,.T.);
#1080=EDGE_CURVE('',#727,#786,#531,.T.);
#1081=EDGE_CURVE('',#857,#734,#532,.T.);
#1082=EDGE_CURVE('',#853,#857,#533,.T.);
#1083=EDGE_CURVE('',#857,#784,#534,.T.);
#1084=EDGE_CURVE('',#858,#830,#535,.F.);
#1085=EDGE_CURVE('',#859,#858,#536,.T.);
#1086=EDGE_CURVE('',#860,#859,#537,.T.);
#1087=EDGE_CURVE('',#856,#860,#538,.T.);
#1088=EDGE_CURVE('',#861,#860,#539,.T.);
#1089=EDGE_CURVE('',#861,#727,#540,.T.);
#1090=EDGE_CURVE('',#859,#845,#541,.T.);
#1091=EDGE_CURVE('',#829,#858,#542,.F.);
#1092=EDGE_CURVE('',#844,#854,#543,.T.);
#1093=EDGE_CURVE('',#787,#861,#544,.T.);
#1094=EDGE_CURVE('',#826,#855,#545,.T.);
#1095=EDGE_CURVE('',#862,#862,#128,.T.);
#1096=EDGE_CURVE('',#862,#839,#546,.T.);
#1097=EDGE_CURVE('',#863,#863,#129,.T.);
#1098=EDGE_CURVE('',#863,#837,#547,.T.);
#1099=EDGE_CURVE('',#864,#864,#130,.T.);
#1100=EDGE_CURVE('',#864,#835,#548,.T.);
#1101=ORIENTED_EDGE('',*,*,#865,.T.);
#1102=ORIENTED_EDGE('',*,*,#866,.T.);
#1103=ORIENTED_EDGE('',*,*,#867,.T.);
#1104=ORIENTED_EDGE('',*,*,#868,.T.);
#1105=ORIENTED_EDGE('',*,*,#869,.T.);
#1106=ORIENTED_EDGE('',*,*,#870,.T.);
#1107=ORIENTED_EDGE('',*,*,#871,.T.);
#1108=ORIENTED_EDGE('',*,*,#872,.T.);
#1109=ORIENTED_EDGE('',*,*,#873,.T.);
#1110=ORIENTED_EDGE('',*,*,#872,.F.);
#1111=ORIENTED_EDGE('',*,*,#874,.T.);
#1112=ORIENTED_EDGE('',*,*,#868,.F.);
#1113=ORIENTED_EDGE('',*,*,#866,.F.);
#1114=ORIENTED_EDGE('',*,*,#875,.T.);
#1115=ORIENTED_EDGE('',*,*,#876,.F.);
#1116=ORIENTED_EDGE('',*,*,#877,.T.);
#1117=ORIENTED_EDGE('',*,*,#865,.F.);
#1118=ORIENTED_EDGE('',*,*,#878,.F.);
#1119=ORIENTED_EDGE('',*,*,#879,.T.);
#1120=ORIENTED_EDGE('',*,*,#880,.T.);
#1121=ORIENTED_EDGE('',*,*,#874,.F.);
#1122=ORIENTED_EDGE('',*,*,#881,.F.);
#1123=ORIENTED_EDGE('',*,*,#882,.T.);
#1124=ORIENTED_EDGE('',*,*,#878,.T.);
#1125=ORIENTED_EDGE('',*,*,#871,.F.);
#1126=ORIENTED_EDGE('',*,*,#883,.F.);
#1127=ORIENTED_EDGE('',*,*,#884,.T.);
#1128=ORIENTED_EDGE('',*,*,#881,.T.);
#1129=ORIENTED_EDGE('',*,*,#870,.F.);
#1130=ORIENTED_EDGE('',*,*,#885,.T.);
#1131=ORIENTED_EDGE('',*,*,#886,.F.);
#1132=ORIENTED_EDGE('',*,*,#887,.T.);
#1133=ORIENTED_EDGE('',*,*,#888,.T.);
#1134=ORIENTED_EDGE('',*,*,#889,.T.);
#1135=ORIENTED_EDGE('',*,*,#890,.T.);
#1136=ORIENTED_EDGE('',*,*,#889,.F.);
#1137=ORIENTED_EDGE('',*,*,#867,.F.);
#1138=ORIENTED_EDGE('',*,*,#877,.F.);
#1139=ORIENTED_EDGE('',*,*,#891,.F.);
#1140=ORIENTED_EDGE('',*,*,#892,.F.);
#1141=ORIENTED_EDGE('',*,*,#893,.F.);
#1142=ORIENTED_EDGE('',*,*,#885,.F.);
#1143=ORIENTED_EDGE('',*,*,#869,.F.);
#1144=ORIENTED_EDGE('',*,*,#873,.F.);
#1145=ORIENTED_EDGE('',*,*,#894,.F.);
#1146=ORIENTED_EDGE('',*,*,#895,.F.);
#1147=ORIENTED_EDGE('',*,*,#896,.F.);
#1148=ORIENTED_EDGE('',*,*,#897,.F.);
#1149=ORIENTED_EDGE('',*,*,#898,.F.);
#1150=ORIENTED_EDGE('',*,*,#899,.F.);
#1151=ORIENTED_EDGE('',*,*,#888,.F.);
#1152=ORIENTED_EDGE('',*,*,#890,.F.);
#1153=ORIENTED_EDGE('',*,*,#900,.T.);
#1154=ORIENTED_EDGE('',*,*,#901,.T.);
#1155=ORIENTED_EDGE('',*,*,#900,.F.);
#1156=ORIENTED_EDGE('',*,*,#894,.T.);
#1157=ORIENTED_EDGE('',*,*,#902,.T.);
#1158=ORIENTED_EDGE('',*,*,#903,.T.);
#1159=ORIENTED_EDGE('',*,*,#902,.F.);
#1160=ORIENTED_EDGE('',*,*,#903,.F.);
#1161=ORIENTED_EDGE('',*,*,#904,.T.);
#1162=ORIENTED_EDGE('',*,*,#905,.T.);
#1163=ORIENTED_EDGE('',*,*,#904,.F.);
#1164=ORIENTED_EDGE('',*,*,#899,.T.);
#1165=ORIENTED_EDGE('',*,*,#906,.T.);
#1166=ORIENTED_EDGE('',*,*,#907,.T.);
#1167=ORIENTED_EDGE('',*,*,#906,.F.);
#1168=ORIENTED_EDGE('',*,*,#907,.F.);
#1169=ORIENTED_EDGE('',*,*,#908,.T.);
#1170=ORIENTED_EDGE('',*,*,#909,.T.);
#1171=ORIENTED_EDGE('',*,*,#908,.F.);
#1172=ORIENTED_EDGE('',*,*,#895,.T.);
#1173=ORIENTED_EDGE('',*,*,#910,.T.);
#1174=ORIENTED_EDGE('',*,*,#911,.T.);
#1175=ORIENTED_EDGE('',*,*,#910,.F.);
#1176=ORIENTED_EDGE('',*,*,#911,.F.);
#1177=ORIENTED_EDGE('',*,*,#912,.T.);
#1178=ORIENTED_EDGE('',*,*,#913,.T.);
#1179=ORIENTED_EDGE('',*,*,#912,.F.);
#1180=ORIENTED_EDGE('',*,*,#913,.F.);
#1181=ORIENTED_EDGE('',*,*,#901,.F.);
#1182=ORIENTED_EDGE('',*,*,#909,.F.);
#1183=ORIENTED_EDGE('',*,*,#905,.F.);
#1184=ORIENTED_EDGE('',*,*,#914,.F.);
#1185=ORIENTED_EDGE('',*,*,#915,.T.);
#1186=ORIENTED_EDGE('',*,*,#916,.F.);
#1187=ORIENTED_EDGE('',*,*,#917,.F.);
#1188=ORIENTED_EDGE('',*,*,#918,.T.);
#1189=ORIENTED_EDGE('',*,*,#919,.T.);
#1190=ORIENTED_EDGE('',*,*,#920,.T.);
#1191=ORIENTED_EDGE('',*,*,#921,.T.);
#1192=ORIENTED_EDGE('',*,*,#916,.T.);
#1193=ORIENTED_EDGE('',*,*,#922,.T.);
#1194=ORIENTED_EDGE('',*,*,#923,.F.);
#1195=ORIENTED_EDGE('',*,*,#924,.F.);
#1196=ORIENTED_EDGE('',*,*,#925,.F.);
#1197=ORIENTED_EDGE('',*,*,#926,.T.);
#1198=ORIENTED_EDGE('',*,*,#922,.F.);
#1199=ORIENTED_EDGE('',*,*,#915,.F.);
#1200=ORIENTED_EDGE('',*,*,#927,.T.);
#1201=ORIENTED_EDGE('',*,*,#928,.T.);
#1202=ORIENTED_EDGE('',*,*,#929,.T.);
#1203=ORIENTED_EDGE('',*,*,#930,.T.);
#1204=ORIENTED_EDGE('',*,*,#931,.T.);
#1205=ORIENTED_EDGE('',*,*,#932,.T.);
#1206=ORIENTED_EDGE('',*,*,#927,.F.);
#1207=ORIENTED_EDGE('',*,*,#933,.T.);
#1208=ORIENTED_EDGE('',*,*,#934,.T.);
#1209=ORIENTED_EDGE('',*,*,#935,.T.);
#1210=ORIENTED_EDGE('',*,*,#931,.F.);
#1211=ORIENTED_EDGE('',*,*,#936,.T.);
#1212=ORIENTED_EDGE('',*,*,#937,.T.);
#1213=ORIENTED_EDGE('',*,*,#938,.T.);
#1214=ORIENTED_EDGE('',*,*,#934,.F.);
#1215=ORIENTED_EDGE('',*,*,#939,.T.);
#1216=ORIENTED_EDGE('',*,*,#940,.T.);
#1217=ORIENTED_EDGE('',*,*,#941,.T.);
#1218=ORIENTED_EDGE('',*,*,#937,.F.);
#1219=ORIENTED_EDGE('',*,*,#942,.T.);
#1220=ORIENTED_EDGE('',*,*,#943,.T.);
#1221=ORIENTED_EDGE('',*,*,#944,.T.);
#1222=ORIENTED_EDGE('',*,*,#940,.F.);
#1223=ORIENTED_EDGE('',*,*,#945,.T.);
#1224=ORIENTED_EDGE('',*,*,#946,.T.);
#1225=ORIENTED_EDGE('',*,*,#947,.T.);
#1226=ORIENTED_EDGE('',*,*,#943,.F.);
#1227=ORIENTED_EDGE('',*,*,#948,.T.);
#1228=ORIENTED_EDGE('',*,*,#929,.F.);
#1229=ORIENTED_EDGE('',*,*,#949,.T.);
#1230=ORIENTED_EDGE('',*,*,#946,.F.);
#1231=ORIENTED_EDGE('',*,*,#950,.T.);
#1232=ORIENTED_EDGE('',*,*,#939,.F.);
#1233=ORIENTED_EDGE('',*,*,#951,.F.);
#1234=ORIENTED_EDGE('',*,*,#952,.F.);
#1235=ORIENTED_EDGE('',*,*,#953,.F.);
#1236=ORIENTED_EDGE('',*,*,#936,.F.);
#1237=ORIENTED_EDGE('',*,*,#954,.T.);
#1238=ORIENTED_EDGE('',*,*,#955,.T.);
#1239=ORIENTED_EDGE('',*,*,#951,.T.);
#1240=ORIENTED_EDGE('',*,*,#933,.F.);
#1241=ORIENTED_EDGE('',*,*,#956,.F.);
#1242=ORIENTED_EDGE('',*,*,#957,.F.);
#1243=ORIENTED_EDGE('',*,*,#954,.F.);
#1244=ORIENTED_EDGE('',*,*,#930,.F.);
#1245=ORIENTED_EDGE('',*,*,#958,.T.);
#1246=ORIENTED_EDGE('',*,*,#959,.T.);
#1247=ORIENTED_EDGE('',*,*,#956,.T.);
#1248=ORIENTED_EDGE('',*,*,#960,.T.);
#1249=ORIENTED_EDGE('',*,*,#961,.F.);
#1250=ORIENTED_EDGE('',*,*,#962,.F.);
#1251=ORIENTED_EDGE('',*,*,#963,.F.);
#1252=ORIENTED_EDGE('',*,*,#964,.F.);
#1253=ORIENTED_EDGE('',*,*,#965,.F.);
#1254=ORIENTED_EDGE('',*,*,#966,.F.);
#1255=ORIENTED_EDGE('',*,*,#967,.F.);
#1256=ORIENTED_EDGE('',*,*,#968,.F.);
#1257=ORIENTED_EDGE('',*,*,#969,.F.);
#1258=ORIENTED_EDGE('',*,*,#970,.F.);
#1259=ORIENTED_EDGE('',*,*,#971,.F.);
#1260=ORIENTED_EDGE('',*,*,#972,.F.);
#1261=ORIENTED_EDGE('',*,*,#973,.F.);
#1262=ORIENTED_EDGE('',*,*,#974,.F.);
#1263=ORIENTED_EDGE('',*,*,#928,.F.);
#1264=ORIENTED_EDGE('',*,*,#932,.F.);
#1265=ORIENTED_EDGE('',*,*,#935,.F.);
#1266=ORIENTED_EDGE('',*,*,#938,.F.);
#1267=ORIENTED_EDGE('',*,*,#941,.F.);
#1268=ORIENTED_EDGE('',*,*,#944,.F.);
#1269=ORIENTED_EDGE('',*,*,#947,.F.);
#1270=ORIENTED_EDGE('',*,*,#949,.F.);
#1271=ORIENTED_EDGE('',*,*,#975,.T.);
#1272=ORIENTED_EDGE('',*,*,#964,.T.);
#1273=ORIENTED_EDGE('',*,*,#976,.T.);
#1274=ORIENTED_EDGE('',*,*,#977,.T.);
#1275=ORIENTED_EDGE('',*,*,#978,.T.);
#1276=ORIENTED_EDGE('',*,*,#965,.T.);
#1277=ORIENTED_EDGE('',*,*,#975,.F.);
#1278=ORIENTED_EDGE('',*,*,#979,.T.);
#1279=ORIENTED_EDGE('',*,*,#980,.T.);
#1280=ORIENTED_EDGE('',*,*,#966,.T.);
#1281=ORIENTED_EDGE('',*,*,#978,.F.);
#1282=ORIENTED_EDGE('',*,*,#981,.T.);
#1283=ORIENTED_EDGE('',*,*,#982,.T.);
#1284=ORIENTED_EDGE('',*,*,#967,.T.);
#1285=ORIENTED_EDGE('',*,*,#980,.F.);
#1286=ORIENTED_EDGE('',*,*,#983,.T.);
#1287=ORIENTED_EDGE('',*,*,#984,.T.);
#1288=ORIENTED_EDGE('',*,*,#968,.T.);
#1289=ORIENTED_EDGE('',*,*,#982,.F.);
#1290=ORIENTED_EDGE('',*,*,#985,.T.);
#1291=ORIENTED_EDGE('',*,*,#986,.T.);
#1292=ORIENTED_EDGE('',*,*,#969,.T.);
#1293=ORIENTED_EDGE('',*,*,#984,.F.);
#1294=ORIENTED_EDGE('',*,*,#987,.T.);
#1295=ORIENTED_EDGE('',*,*,#988,.T.);
#1296=ORIENTED_EDGE('',*,*,#970,.T.);
#1297=ORIENTED_EDGE('',*,*,#986,.F.);
#1298=ORIENTED_EDGE('',*,*,#989,.T.);
#1299=ORIENTED_EDGE('',*,*,#976,.F.);
#1300=ORIENTED_EDGE('',*,*,#971,.T.);
#1301=ORIENTED_EDGE('',*,*,#988,.F.);
#1302=ORIENTED_EDGE('',*,*,#990,.T.);
#1303=ORIENTED_EDGE('',*,*,#983,.F.);
#1304=ORIENTED_EDGE('',*,*,#991,.F.);
#1305=ORIENTED_EDGE('',*,*,#992,.F.);
#1306=ORIENTED_EDGE('',*,*,#993,.F.);
#1307=ORIENTED_EDGE('',*,*,#981,.F.);
#1308=ORIENTED_EDGE('',*,*,#994,.T.);
#1309=ORIENTED_EDGE('',*,*,#995,.T.);
#1310=ORIENTED_EDGE('',*,*,#991,.T.);
#1311=ORIENTED_EDGE('',*,*,#979,.F.);
#1312=ORIENTED_EDGE('',*,*,#996,.T.);
#1313=ORIENTED_EDGE('',*,*,#997,.F.);
#1314=ORIENTED_EDGE('',*,*,#994,.F.);
#1315=ORIENTED_EDGE('',*,*,#977,.F.);
#1316=ORIENTED_EDGE('',*,*,#998,.T.);
#1317=ORIENTED_EDGE('',*,*,#999,.F.);
#1318=ORIENTED_EDGE('',*,*,#996,.F.);
#1319=ORIENTED_EDGE('',*,*,#989,.F.);
#1320=ORIENTED_EDGE('',*,*,#1000,.T.);
#1321=ORIENTED_EDGE('',*,*,#1001,.F.);
#1322=ORIENTED_EDGE('',*,*,#1002,.F.);
#1323=ORIENTED_EDGE('',*,*,#985,.F.);
#1324=ORIENTED_EDGE('',*,*,#993,.T.);
#1325=ORIENTED_EDGE('',*,*,#1003,.T.);
#1326=ORIENTED_EDGE('',*,*,#1004,.T.);
#1327=ORIENTED_EDGE('',*,*,#948,.F.);
#1328=ORIENTED_EDGE('',*,*,#1005,.T.);
#1329=ORIENTED_EDGE('',*,*,#1006,.T.);
#1330=ORIENTED_EDGE('',*,*,#1007,.T.);
#1331=ORIENTED_EDGE('',*,*,#942,.F.);
#1332=ORIENTED_EDGE('',*,*,#953,.T.);
#1333=ORIENTED_EDGE('',*,*,#1008,.T.);
#1334=ORIENTED_EDGE('',*,*,#1009,.T.);
#1335=ORIENTED_EDGE('',*,*,#990,.F.);
#1336=ORIENTED_EDGE('',*,*,#1002,.T.);
#1337=ORIENTED_EDGE('',*,*,#1010,.F.);
#1338=ORIENTED_EDGE('',*,*,#998,.F.);
#1339=ORIENTED_EDGE('',*,*,#950,.F.);
#1340=ORIENTED_EDGE('',*,*,#1007,.F.);
#1341=ORIENTED_EDGE('',*,*,#1011,.F.);
#1342=ORIENTED_EDGE('',*,*,#958,.F.);
#1343=ORIENTED_EDGE('',*,*,#974,.T.);
#1344=ORIENTED_EDGE('',*,*,#1012,.T.);
#1345=ORIENTED_EDGE('',*,*,#1013,.T.);
#1346=ORIENTED_EDGE('',*,*,#1012,.F.);
#1347=ORIENTED_EDGE('',*,*,#1013,.F.);
#1348=ORIENTED_EDGE('',*,*,#1014,.T.);
#1349=ORIENTED_EDGE('',*,*,#1015,.F.);
#1350=ORIENTED_EDGE('',*,*,#1014,.F.);
#1351=ORIENTED_EDGE('',*,*,#972,.T.);
#1352=ORIENTED_EDGE('',*,*,#1016,.T.);
#1353=ORIENTED_EDGE('',*,*,#1017,.T.);
#1354=ORIENTED_EDGE('',*,*,#1016,.F.);
#1355=ORIENTED_EDGE('',*,*,#1017,.F.);
#1356=ORIENTED_EDGE('',*,*,#1018,.T.);
#1357=ORIENTED_EDGE('',*,*,#1019,.F.);
#1358=ORIENTED_EDGE('',*,*,#1018,.F.);
#1359=ORIENTED_EDGE('',*,*,#973,.T.);
#1360=ORIENTED_EDGE('',*,*,#1020,.T.);
#1361=ORIENTED_EDGE('',*,*,#1021,.T.);
#1362=ORIENTED_EDGE('',*,*,#1020,.F.);
#1363=ORIENTED_EDGE('',*,*,#1021,.F.);
#1364=ORIENTED_EDGE('',*,*,#1022,.T.);
#1365=ORIENTED_EDGE('',*,*,#1023,.F.);
#1366=ORIENTED_EDGE('',*,*,#1022,.F.);
#1367=ORIENTED_EDGE('',*,*,#914,.T.);
#1368=ORIENTED_EDGE('',*,*,#1024,.T.);
#1369=ORIENTED_EDGE('',*,*,#1025,.F.);
#1370=ORIENTED_EDGE('',*,*,#1026,.F.);
#1371=ORIENTED_EDGE('',*,*,#1027,.F.);
#1372=ORIENTED_EDGE('',*,*,#1028,.F.);
#1373=ORIENTED_EDGE('',*,*,#1029,.F.);
#1374=ORIENTED_EDGE('',*,*,#1030,.F.);
#1375=ORIENTED_EDGE('',*,*,#1031,.F.);
#1376=ORIENTED_EDGE('',*,*,#923,.T.);
#1377=ORIENTED_EDGE('',*,*,#1032,.F.);
#1378=ORIENTED_EDGE('',*,*,#1033,.F.);
#1379=ORIENTED_EDGE('',*,*,#1034,.F.);
#1380=ORIENTED_EDGE('',*,*,#1035,.T.);
#1381=ORIENTED_EDGE('',*,*,#1036,.T.);
#1382=ORIENTED_EDGE('',*,*,#1037,.T.);
#1383=ORIENTED_EDGE('',*,*,#1038,.T.);
#1384=ORIENTED_EDGE('',*,*,#1039,.T.);
#1385=ORIENTED_EDGE('',*,*,#1040,.T.);
#1386=ORIENTED_EDGE('',*,*,#1035,.F.);
#1387=ORIENTED_EDGE('',*,*,#1041,.T.);
#1388=ORIENTED_EDGE('',*,*,#1032,.T.);
#1389=ORIENTED_EDGE('',*,*,#1041,.F.);
#1390=ORIENTED_EDGE('',*,*,#1037,.F.);
#1391=ORIENTED_EDGE('',*,*,#1042,.T.);
#1392=ORIENTED_EDGE('',*,*,#1033,.T.);
#1393=ORIENTED_EDGE('',*,*,#1042,.F.);
#1394=ORIENTED_EDGE('',*,*,#1039,.F.);
#1395=ORIENTED_EDGE('',*,*,#1043,.T.);
#1396=ORIENTED_EDGE('',*,*,#1034,.T.);
#1397=ORIENTED_EDGE('',*,*,#1043,.F.);
#1398=ORIENTED_EDGE('',*,*,#1044,.F.);
#1399=ORIENTED_EDGE('',*,*,#1045,.F.);
#1400=ORIENTED_EDGE('',*,*,#1024,.F.);
#1401=ORIENTED_EDGE('',*,*,#917,.T.);
#1402=ORIENTED_EDGE('',*,*,#921,.F.);
#1403=ORIENTED_EDGE('',*,*,#1046,.F.);
#1404=ORIENTED_EDGE('',*,*,#1047,.F.);
#1405=ORIENTED_EDGE('',*,*,#1048,.F.);
#1406=ORIENTED_EDGE('',*,*,#1046,.T.);
#1407=ORIENTED_EDGE('',*,*,#920,.F.);
#1408=ORIENTED_EDGE('',*,*,#1049,.F.);
#1409=ORIENTED_EDGE('',*,*,#1050,.F.);
#1410=ORIENTED_EDGE('',*,*,#1047,.T.);
#1411=ORIENTED_EDGE('',*,*,#919,.F.);
#1412=ORIENTED_EDGE('',*,*,#926,.F.);
#1413=ORIENTED_EDGE('',*,*,#1051,.F.);
#1414=ORIENTED_EDGE('',*,*,#1049,.T.);
#1415=ORIENTED_EDGE('',*,*,#918,.F.);
#1416=ORIENTED_EDGE('',*,*,#945,.F.);
#1417=ORIENTED_EDGE('',*,*,#1009,.F.);
#1418=ORIENTED_EDGE('',*,*,#1052,.F.);
#1419=ORIENTED_EDGE('',*,*,#1005,.F.);
#1420=ORIENTED_EDGE('',*,*,#987,.F.);
#1421=ORIENTED_EDGE('',*,*,#1004,.F.);
#1422=ORIENTED_EDGE('',*,*,#1053,.F.);
#1423=ORIENTED_EDGE('',*,*,#1000,.F.);
#1424=ORIENTED_EDGE('',*,*,#1028,.T.);
#1425=ORIENTED_EDGE('',*,*,#1054,.T.);
#1426=ORIENTED_EDGE('',*,*,#1055,.F.);
#1427=ORIENTED_EDGE('',*,*,#1056,.T.);
#1428=ORIENTED_EDGE('',*,*,#992,.T.);
#1429=ORIENTED_EDGE('',*,*,#995,.F.);
#1430=ORIENTED_EDGE('',*,*,#997,.T.);
#1431=ORIENTED_EDGE('',*,*,#999,.T.);
#1432=ORIENTED_EDGE('',*,*,#1010,.T.);
#1433=ORIENTED_EDGE('',*,*,#1001,.T.);
#1434=ORIENTED_EDGE('',*,*,#1053,.T.);
#1435=ORIENTED_EDGE('',*,*,#1003,.F.);
#1436=ORIENTED_EDGE('',*,*,#1023,.T.);
#1437=ORIENTED_EDGE('',*,*,#1015,.T.);
#1438=ORIENTED_EDGE('',*,*,#1019,.T.);
#1439=ORIENTED_EDGE('',*,*,#957,.T.);
#1440=ORIENTED_EDGE('',*,*,#959,.F.);
#1441=ORIENTED_EDGE('',*,*,#1011,.T.);
#1442=ORIENTED_EDGE('',*,*,#1006,.F.);
#1443=ORIENTED_EDGE('',*,*,#1052,.T.);
#1444=ORIENTED_EDGE('',*,*,#1008,.F.);
#1445=ORIENTED_EDGE('',*,*,#952,.T.);
#1446=ORIENTED_EDGE('',*,*,#955,.F.);
#1447=ORIENTED_EDGE('',*,*,#1057,.T.);
#1448=ORIENTED_EDGE('',*,*,#1058,.T.);
#1449=ORIENTED_EDGE('',*,*,#896,.T.);
#1450=ORIENTED_EDGE('',*,*,#1058,.F.);
#1451=ORIENTED_EDGE('',*,*,#1057,.F.);
#1452=ORIENTED_EDGE('',*,*,#1059,.T.);
#1453=ORIENTED_EDGE('',*,*,#1060,.T.);
#1454=ORIENTED_EDGE('',*,*,#1059,.F.);
#1455=ORIENTED_EDGE('',*,*,#1061,.T.);
#1456=ORIENTED_EDGE('',*,*,#1062,.T.);
#1457=ORIENTED_EDGE('',*,*,#898,.T.);
#1458=ORIENTED_EDGE('',*,*,#1062,.F.);
#1459=ORIENTED_EDGE('',*,*,#1061,.F.);
#1460=ORIENTED_EDGE('',*,*,#1063,.T.);
#1461=ORIENTED_EDGE('',*,*,#1064,.T.);
#1462=ORIENTED_EDGE('',*,*,#1063,.F.);
#1463=ORIENTED_EDGE('',*,*,#1065,.T.);
#1464=ORIENTED_EDGE('',*,*,#1066,.T.);
#1465=ORIENTED_EDGE('',*,*,#897,.T.);
#1466=ORIENTED_EDGE('',*,*,#1066,.F.);
#1467=ORIENTED_EDGE('',*,*,#1065,.F.);
#1468=ORIENTED_EDGE('',*,*,#1067,.T.);
#1469=ORIENTED_EDGE('',*,*,#1068,.T.);
#1470=ORIENTED_EDGE('',*,*,#1067,.F.);
#1471=ORIENTED_EDGE('',*,*,#1025,.T.);
#1472=ORIENTED_EDGE('',*,*,#1045,.T.);
#1473=ORIENTED_EDGE('',*,*,#1069,.F.);
#1474=ORIENTED_EDGE('',*,*,#1070,.F.);
#1475=ORIENTED_EDGE('',*,*,#1071,.F.);
#1476=ORIENTED_EDGE('',*,*,#1072,.F.);
#1477=ORIENTED_EDGE('',*,*,#1073,.F.);
#1478=ORIENTED_EDGE('',*,*,#1044,.T.);
#1479=ORIENTED_EDGE('',*,*,#1048,.T.);
#1480=ORIENTED_EDGE('',*,*,#1050,.T.);
#1481=ORIENTED_EDGE('',*,*,#1051,.T.);
#1482=ORIENTED_EDGE('',*,*,#925,.T.);
#1483=ORIENTED_EDGE('',*,*,#1074,.T.);
#1484=ORIENTED_EDGE('',*,*,#1075,.F.);
#1485=ORIENTED_EDGE('',*,*,#879,.F.);
#1486=ORIENTED_EDGE('',*,*,#882,.F.);
#1487=ORIENTED_EDGE('',*,*,#884,.F.);
#1488=ORIENTED_EDGE('',*,*,#1076,.F.);
#1489=ORIENTED_EDGE('',*,*,#1069,.T.);
#1490=ORIENTED_EDGE('',*,*,#1077,.T.);
#1491=ORIENTED_EDGE('',*,*,#886,.T.);
#1492=ORIENTED_EDGE('',*,*,#893,.T.);
#1493=ORIENTED_EDGE('',*,*,#1078,.T.);
#1494=ORIENTED_EDGE('',*,*,#961,.T.);
#1495=ORIENTED_EDGE('',*,*,#1078,.F.);
#1496=ORIENTED_EDGE('',*,*,#892,.T.);
#1497=ORIENTED_EDGE('',*,*,#1079,.T.);
#1498=ORIENTED_EDGE('',*,*,#1080,.T.);
#1499=ORIENTED_EDGE('',*,*,#1079,.F.);
#1500=ORIENTED_EDGE('',*,*,#891,.T.);
#1501=ORIENTED_EDGE('',*,*,#876,.T.);
#1502=ORIENTED_EDGE('',*,*,#887,.F.);
#1503=ORIENTED_EDGE('',*,*,#1081,.F.);
#1504=ORIENTED_EDGE('',*,*,#1082,.F.);
#1505=ORIENTED_EDGE('',*,*,#1070,.T.);
#1506=ORIENTED_EDGE('',*,*,#1076,.T.);
#1507=ORIENTED_EDGE('',*,*,#883,.T.);
#1508=ORIENTED_EDGE('',*,*,#1077,.F.);
#1509=ORIENTED_EDGE('',*,*,#960,.F.);
#1510=ORIENTED_EDGE('',*,*,#1083,.F.);
#1511=ORIENTED_EDGE('',*,*,#1081,.T.);
#1512=ORIENTED_EDGE('',*,*,#1084,.F.);
#1513=ORIENTED_EDGE('',*,*,#1085,.F.);
#1514=ORIENTED_EDGE('',*,*,#1086,.F.);
#1515=ORIENTED_EDGE('',*,*,#1087,.F.);
#1516=ORIENTED_EDGE('',*,*,#1074,.F.);
#1517=ORIENTED_EDGE('',*,*,#924,.T.);
#1518=ORIENTED_EDGE('',*,*,#1031,.T.);
#1519=ORIENTED_EDGE('',*,*,#875,.F.);
#1520=ORIENTED_EDGE('',*,*,#880,.F.);
#1521=ORIENTED_EDGE('',*,*,#1075,.T.);
#1522=ORIENTED_EDGE('',*,*,#1087,.T.);
#1523=ORIENTED_EDGE('',*,*,#1088,.F.);
#1524=ORIENTED_EDGE('',*,*,#1089,.T.);
#1525=ORIENTED_EDGE('',*,*,#1029,.T.);
#1526=ORIENTED_EDGE('',*,*,#1056,.F.);
#1527=ORIENTED_EDGE('',*,*,#1090,.F.);
#1528=ORIENTED_EDGE('',*,*,#1085,.T.);
#1529=ORIENTED_EDGE('',*,*,#1091,.F.);
#1530=ORIENTED_EDGE('',*,*,#1030,.T.);
#1531=ORIENTED_EDGE('',*,*,#1091,.T.);
#1532=ORIENTED_EDGE('',*,*,#1084,.T.);
#1533=ORIENTED_EDGE('',*,*,#1090,.T.);
#1534=ORIENTED_EDGE('',*,*,#1055,.T.);
#1535=ORIENTED_EDGE('',*,*,#1092,.T.);
#1536=ORIENTED_EDGE('',*,*,#1071,.T.);
#1537=ORIENTED_EDGE('',*,*,#1082,.T.);
#1538=ORIENTED_EDGE('',*,*,#1083,.T.);
#1539=ORIENTED_EDGE('',*,*,#963,.T.);
#1540=ORIENTED_EDGE('',*,*,#1093,.T.);
#1541=ORIENTED_EDGE('',*,*,#1088,.T.);
#1542=ORIENTED_EDGE('',*,*,#1086,.T.);
#1543=ORIENTED_EDGE('',*,*,#1026,.T.);
#1544=ORIENTED_EDGE('',*,*,#1073,.T.);
#1545=ORIENTED_EDGE('',*,*,#1094,.F.);
#1546=ORIENTED_EDGE('',*,*,#1027,.T.);
#1547=ORIENTED_EDGE('',*,*,#1094,.T.);
#1548=ORIENTED_EDGE('',*,*,#1072,.T.);
#1549=ORIENTED_EDGE('',*,*,#1092,.F.);
#1550=ORIENTED_EDGE('',*,*,#1054,.F.);
#1551=ORIENTED_EDGE('',*,*,#1095,.T.);
#1552=ORIENTED_EDGE('',*,*,#1096,.T.);
#1553=ORIENTED_EDGE('',*,*,#1040,.F.);
#1554=ORIENTED_EDGE('',*,*,#1096,.F.);
#1555=ORIENTED_EDGE('',*,*,#1097,.T.);
#1556=ORIENTED_EDGE('',*,*,#1098,.T.);
#1557=ORIENTED_EDGE('',*,*,#1038,.F.);
#1558=ORIENTED_EDGE('',*,*,#1098,.F.);
#1559=ORIENTED_EDGE('',*,*,#1080,.F.);
#1560=ORIENTED_EDGE('',*,*,#1089,.F.);
#1561=ORIENTED_EDGE('',*,*,#1093,.F.);
#1562=ORIENTED_EDGE('',*,*,#962,.T.);
#1563=ORIENTED_EDGE('',*,*,#1068,.F.);
#1564=ORIENTED_EDGE('',*,*,#1099,.F.);
#1565=ORIENTED_EDGE('',*,*,#1064,.F.);
#1566=ORIENTED_EDGE('',*,*,#1095,.F.);
#1567=ORIENTED_EDGE('',*,*,#1099,.T.);
#1568=ORIENTED_EDGE('',*,*,#1100,.T.);
#1569=ORIENTED_EDGE('',*,*,#1036,.F.);
#1570=ORIENTED_EDGE('',*,*,#1100,.F.);
#1571=ORIENTED_EDGE('',*,*,#1060,.F.);
#1572=ORIENTED_EDGE('',*,*,#1097,.F.);
#1573=PLANE('',#1737);
#1574=PLANE('',#1738);
#1575=PLANE('',#1739);
#1576=PLANE('',#1740);
#1577=PLANE('',#1741);
#1578=PLANE('',#1742);
#1579=PLANE('',#1743);
#1580=PLANE('',#1744);
#1581=PLANE('',#1748);
#1582=PLANE('',#1769);
#1583=PLANE('',#1770);
#1584=PLANE('',#1771);
#1585=PLANE('',#1772);
#1586=PLANE('',#1773);
#1587=PLANE('',#1774);
#1588=PLANE('',#1775);
#1589=PLANE('',#1779);
#1590=PLANE('',#1783);
#1591=PLANE('',#1787);
#1592=PLANE('',#1791);
#1593=PLANE('',#1792);
#1594=PLANE('',#1795);
#1595=PLANE('',#1798);
#1596=PLANE('',#1808);
#1597=PLANE('',#1811);
#1598=PLANE('',#1814);
#1599=PLANE('',#1817);
#1600=PLANE('',#1818);
#1601=PLANE('',#1821);
#1602=PLANE('',#1832);
#1603=PLANE('',#1833);
#1604=PLANE('',#1846);
#1605=PLANE('',#1850);
#1606=PLANE('',#1853);
#1607=PLANE('',#1856);
#1608=PLANE('',#1862);
#1609=PLANE('',#1863);
#1610=PLANE('',#1864);
#1611=PLANE('',#1865);
#1612=PLANE('',#1866);
#1613=PLANE('',#1867);
#1614=PLANE('',#1868);
#1615=PLANE('',#1881);
#1616=PLANE('',#1882);
#1617=PLANE('',#1883);
#1618=PLANE('',#1884);
#1619=PLANE('',#1885);
#1620=PLANE('',#1886);
#1621=PLANE('',#1887);
#1622=PLANE('',#1888);
#1623=PLANE('',#1889);
#1624=PLANE('',#1890);
#1625=PLANE('',#1891);
#1626=PLANE('',#1892);
#1627=PLANE('',#1893);
#1628=PLANE('',#1894);
#1629=PLANE('',#1899);
#1630=PLANE('',#1900);
#1631=PLANE('',#1902);
#1632=PLANE('',#1904);
#1633=ADVANCED_FACE('',(#149),#1573,.T.);
#1634=ADVANCED_FACE('',(#150),#1574,.T.);
#1635=ADVANCED_FACE('',(#151),#1575,.T.);
#1636=ADVANCED_FACE('',(#152),#1576,.T.);
#1637=ADVANCED_FACE('',(#153),#1577,.T.);
#1638=ADVANCED_FACE('',(#154),#1578,.T.);
#1639=ADVANCED_FACE('',(#155),#1579,.T.);
#1640=ADVANCED_FACE('',(#156),#1580,.T.);
#1641=ADVANCED_FACE('',(#157),#131,.F.);
#1642=ADVANCED_FACE('',(#158,#39,#40,#41,#42,#43,#44,#45),#1581,.T.);
#1643=ADVANCED_FACE('',(#159),#15,.F.);
#1644=ADVANCED_FACE('',(#160),#132,.F.);
#1645=ADVANCED_FACE('',(#161),#16,.F.);
#1646=ADVANCED_FACE('',(#162),#133,.F.);
#1647=ADVANCED_FACE('',(#163),#17,.F.);
#1648=ADVANCED_FACE('',(#164),#134,.F.);
#1649=ADVANCED_FACE('',(#165),#18,.F.);
#1650=ADVANCED_FACE('',(#166),#1582,.T.);
#1651=ADVANCED_FACE('',(#167),#1583,.T.);
#1652=ADVANCED_FACE('',(#168),#1584,.T.);
#1653=ADVANCED_FACE('',(#169),#1585,.T.);
#1654=ADVANCED_FACE('',(#170),#1586,.T.);
#1655=ADVANCED_FACE('',(#171),#1587,.T.);
#1656=ADVANCED_FACE('',(#172),#1588,.T.);
#1657=ADVANCED_FACE('',(#173),#135,.F.);
#1658=ADVANCED_FACE('',(#174),#1589,.T.);
#1659=ADVANCED_FACE('',(#175),#136,.F.);
#1660=ADVANCED_FACE('',(#176),#1590,.T.);
#1661=ADVANCED_FACE('',(#177),#137,.F.);
#1662=ADVANCED_FACE('',(#178),#1591,.T.);
#1663=ADVANCED_FACE('',(#179),#138,.F.);
#1664=ADVANCED_FACE('',(#180),#1592,.T.);
#1665=ADVANCED_FACE('',(#181),#1593,.F.);
#1666=ADVANCED_FACE('',(#182),#19,.F.);
#1667=ADVANCED_FACE('',(#183),#1594,.F.);
#1668=ADVANCED_FACE('',(#184),#20,.F.);
#1669=ADVANCED_FACE('',(#185,#46,#47,#48,#49,#50),#1595,.T.);
#1670=ADVANCED_FACE('',(#186),#139,.F.);
#1671=ADVANCED_FACE('',(#187),#1596,.T.);
#1672=ADVANCED_FACE('',(#188),#140,.F.);
#1673=ADVANCED_FACE('',(#189),#1597,.T.);
#1674=ADVANCED_FACE('',(#190),#141,.F.);
#1675=ADVANCED_FACE('',(#191),#1598,.T.);
#1676=ADVANCED_FACE('',(#192),#142,.F.);
#1677=ADVANCED_FACE('',(#193),#1599,.T.);
#1678=ADVANCED_FACE('',(#194),#1600,.F.);
#1679=ADVANCED_FACE('',(#195),#21,.F.);
#1680=ADVANCED_FACE('',(#196),#1601,.F.);
#1681=ADVANCED_FACE('',(#197),#22,.F.);
#1682=ADVANCED_FACE('',(#198),#23,.F.);
#1683=ADVANCED_FACE('',(#199),#24,.F.);
#1684=ADVANCED_FACE('',(#200),#25,.F.);
#1685=ADVANCED_FACE('',(#201),#26,.F.);
#1686=ADVANCED_FACE('',(#202),#1602,.F.);
#1687=ADVANCED_FACE('',(#203),#1603,.F.);
#1688=ADVANCED_FACE('',(#204),#143,.F.);
#1689=ADVANCED_FACE('',(#205),#27,.F.);
#1690=ADVANCED_FACE('',(#206),#144,.F.);
#1691=ADVANCED_FACE('',(#207),#28,.F.);
#1692=ADVANCED_FACE('',(#208),#145,.F.);
#1693=ADVANCED_FACE('',(#209),#29,.F.);
#1694=ADVANCED_FACE('',(#210,#51,#52,#53),#1604,.T.);
#1695=ADVANCED_FACE('',(#211,#54),#1605,.T.);
#1696=ADVANCED_FACE('',(#212,#55),#1606,.T.);
#1697=ADVANCED_FACE('',(#213,#56),#1607,.T.);
#1698=ADVANCED_FACE('',(#214),#30,.T.);
#1699=ADVANCED_FACE('',(#215),#31,.T.);
#1700=ADVANCED_FACE('',(#216),#32,.T.);
#1701=ADVANCED_FACE('',(#217),#1608,.T.);
#1702=ADVANCED_FACE('',(#218),#1609,.T.);
#1703=ADVANCED_FACE('',(#219),#1610,.T.);
#1704=ADVANCED_FACE('',(#220),#1611,.T.);
#1705=ADVANCED_FACE('',(#221),#1612,.F.);
#1706=ADVANCED_FACE('',(#222),#1613,.F.);
#1707=ADVANCED_FACE('',(#223,#57,#58,#59,#60,#61),#1614,.T.);
#1708=ADVANCED_FACE('',(#224),#146,.F.);
#1709=ADVANCED_FACE('',(#225),#33,.F.);
#1710=ADVANCED_FACE('',(#226),#147,.F.);
#1711=ADVANCED_FACE('',(#227),#34,.F.);
#1712=ADVANCED_FACE('',(#228),#148,.F.);
#1713=ADVANCED_FACE('',(#229),#35,.F.);
#1714=ADVANCED_FACE('',(#230),#1615,.F.);
#1715=ADVANCED_FACE('',(#231),#1616,.F.);
#1716=ADVANCED_FACE('',(#232),#1617,.T.);
#1717=ADVANCED_FACE('',(#233),#1618,.T.);
#1718=ADVANCED_FACE('',(#234),#1619,.T.);
#1719=ADVANCED_FACE('',(#235),#1620,.T.);
#1720=ADVANCED_FACE('',(#236),#1621,.T.);
#1721=ADVANCED_FACE('',(#237),#1622,.F.);
#1722=ADVANCED_FACE('',(#238),#1623,.T.);
#1723=ADVANCED_FACE('',(#239),#1624,.T.);
#1724=ADVANCED_FACE('',(#240),#1625,.T.);
#1725=ADVANCED_FACE('',(#241),#1626,.T.);
#1726=ADVANCED_FACE('',(#242),#1627,.T.);
#1727=ADVANCED_FACE('',(#243),#1628,.T.);
#1728=ADVANCED_FACE('',(#244),#36,.F.);
#1729=ADVANCED_FACE('',(#245),#37,.F.);
#1730=ADVANCED_FACE('',(#246),#1629,.T.);
#1731=ADVANCED_FACE('',(#247,#62),#1630,.T.);
#1732=ADVANCED_FACE('',(#248,#63),#1631,.T.);
#1733=ADVANCED_FACE('',(#249),#38,.F.);
#1734=ADVANCED_FACE('',(#250,#64),#1632,.T.);
#1735=CLOSED_SHELL('',(#1633,#1634,#1635,#1636,#1637,#1638,#1639,#1640,
#1641,#1642,#1643,#1644,#1645,#1646,#1647,#1648,#1649,#1650,#1651,#1652,
#1653,#1654,#1655,#1656,#1657,#1658,#1659,#1660,#1661,#1662,#1663,#1664,
#1665,#1666,#1667,#1668,#1669,#1670,#1671,#1672,#1673,#1674,#1675,#1676,
#1677,#1678,#1679,#1680,#1681,#1682,#1683,#1684,#1685,#1686,#1687,#1688,
#1689,#1690,#1691,#1692,#1693,#1694,#1695,#1696,#1697,#1698,#1699,#1700,
#1701,#1702,#1703,#1704,#1705,#1706,#1707,#1708,#1709,#1710,#1711,#1712,
#1713,#1714,#1715,#1716,#1717,#1718,#1719,#1720,#1721,#1722,#1723,#1724,
#1725,#1726,#1727,#1728,#1729,#1730,#1731,#1732,#1733,#1734));
#1736=AXIS2_PLACEMENT_3D('',#2413,#1905,#1906);
#1737=AXIS2_PLACEMENT_3D('',#2414,#1907,#1908);
#1738=AXIS2_PLACEMENT_3D('',#2423,#1913,#1914);
#1739=AXIS2_PLACEMENT_3D('',#2432,#1919,#1920);
#1740=AXIS2_PLACEMENT_3D('',#2435,#1923,#1924);
#1741=AXIS2_PLACEMENT_3D('',#2441,#1928,#1929);
#1742=AXIS2_PLACEMENT_3D('',#2447,#1933,#1934);
#1743=AXIS2_PLACEMENT_3D('',#2451,#1937,#1938);
#1744=AXIS2_PLACEMENT_3D('',#2455,#1941,#1942);
#1745=AXIS2_PLACEMENT_3D('',#2461,#1946,#1947);
#1746=AXIS2_PLACEMENT_3D('',#2463,#1948,#1949);
#1747=AXIS2_PLACEMENT_3D('',#2466,#1951,#1952);
#1748=AXIS2_PLACEMENT_3D('',#2467,#1953,#1954);
#1749=AXIS2_PLACEMENT_3D('',#2474,#1958,#1959);
#1750=AXIS2_PLACEMENT_3D('',#2476,#1960,#1961);
#1751=AXIS2_PLACEMENT_3D('',#2478,#1962,#1963);
#1752=AXIS2_PLACEMENT_3D('',#2480,#1964,#1965);
#1753=AXIS2_PLACEMENT_3D('',#2482,#1966,#1967);
#1754=AXIS2_PLACEMENT_3D('',#2484,#1968,#1969);
#1755=AXIS2_PLACEMENT_3D('',#2485,#1970,#1971);
#1756=AXIS2_PLACEMENT_3D('',#2488,#1973,#1974);
#1757=AXIS2_PLACEMENT_3D('',#2489,#1975,#1976);
#1758=AXIS2_PLACEMENT_3D('',#2492,#1978,#1979);
#1759=AXIS2_PLACEMENT_3D('',#2493,#1980,#1981);
#1760=AXIS2_PLACEMENT_3D('',#2496,#1983,#1984);
#1761=AXIS2_PLACEMENT_3D('',#2497,#1985,#1986);
#1762=AXIS2_PLACEMENT_3D('',#2500,#1988,#1989);
#1763=AXIS2_PLACEMENT_3D('',#2501,#1990,#1991);
#1764=AXIS2_PLACEMENT_3D('',#2504,#1993,#1994);
#1765=AXIS2_PLACEMENT_3D('',#2505,#1995,#1996);
#1766=AXIS2_PLACEMENT_3D('',#2508,#1998,#1999);
#1767=AXIS2_PLACEMENT_3D('',#2509,#2000,#2001);
#1768=AXIS2_PLACEMENT_3D('',#2512,#2003,#2004);
#1769=AXIS2_PLACEMENT_3D('',#2513,#2005,#2006);
#1770=AXIS2_PLACEMENT_3D('',#2514,#2007,#2008);
#1771=AXIS2_PLACEMENT_3D('',#2515,#2009,#2010);
#1772=AXIS2_PLACEMENT_3D('',#2516,#2011,#2012);
#1773=AXIS2_PLACEMENT_3D('',#2517,#2013,#2014);
#1774=AXIS2_PLACEMENT_3D('',#2526,#2019,#2020);
#1775=AXIS2_PLACEMENT_3D('',#2536,#2026,#2027);
#1776=AXIS2_PLACEMENT_3D('',#2544,#2032,#2033);
#1777=AXIS2_PLACEMENT_3D('',#2549,#2035,#2036);
#1778=AXIS2_PLACEMENT_3D('',#2552,#2038,#2039);
#1779=AXIS2_PLACEMENT_3D('',#2553,#2040,#2041);
#1780=AXIS2_PLACEMENT_3D('',#2559,#2045,#2046);
#1781=AXIS2_PLACEMENT_3D('',#2563,#2048,#2049);
#1782=AXIS2_PLACEMENT_3D('',#2564,#2050,#2051);
#1783=AXIS2_PLACEMENT_3D('',#2565,#2052,#2053);
#1784=AXIS2_PLACEMENT_3D('',#2571,#2057,#2058);
#1785=AXIS2_PLACEMENT_3D('',#2575,#2060,#2061);
#1786=AXIS2_PLACEMENT_3D('',#2576,#2062,#2063);
#1787=AXIS2_PLACEMENT_3D('',#2577,#2064,#2065);
#1788=AXIS2_PLACEMENT_3D('',#2583,#2069,#2070);
#1789=AXIS2_PLACEMENT_3D('',#2587,#2072,#2073);
#1790=AXIS2_PLACEMENT_3D('',#2588,#2074,#2075);
#1791=AXIS2_PLACEMENT_3D('',#2589,#2076,#2077);
#1792=AXIS2_PLACEMENT_3D('',#2592,#2080,#2081);
#1793=AXIS2_PLACEMENT_3D('',#2598,#2085,#2086);
#1794=AXIS2_PLACEMENT_3D('',#2601,#2088,#2089);
#1795=AXIS2_PLACEMENT_3D('',#2602,#2090,#2091);
#1796=AXIS2_PLACEMENT_3D('',#2606,#2094,#2095);
#1797=AXIS2_PLACEMENT_3D('',#2609,#2097,#2098);
#1798=AXIS2_PLACEMENT_3D('',#2610,#2099,#2100);
#1799=AXIS2_PLACEMENT_3D('',#2621,#2105,#2106);
#1800=AXIS2_PLACEMENT_3D('',#2625,#2108,#2109);
#1801=AXIS2_PLACEMENT_3D('',#2629,#2111,#2112);
#1802=AXIS2_PLACEMENT_3D('',#2633,#2114,#2115);
#1803=AXIS2_PLACEMENT_3D('',#2636,#2117,#2118);
#1804=AXIS2_PLACEMENT_3D('',#2638,#2119,#2120);
#1805=AXIS2_PLACEMENT_3D('',#2640,#2121,#2122);
#1806=AXIS2_PLACEMENT_3D('',#2641,#2123,#2124);
#1807=AXIS2_PLACEMENT_3D('',#2646,#2127,#2128);
#1808=AXIS2_PLACEMENT_3D('',#2647,#2129,#2130);
#1809=AXIS2_PLACEMENT_3D('',#2651,#2133,#2134);
#1810=AXIS2_PLACEMENT_3D('',#2654,#2136,#2137);
#1811=AXIS2_PLACEMENT_3D('',#2655,#2138,#2139);
#1812=AXIS2_PLACEMENT_3D('',#2659,#2142,#2143);
#1813=AXIS2_PLACEMENT_3D('',#2662,#2145,#2146);
#1814=AXIS2_PLACEMENT_3D('',#2663,#2147,#2148);
#1815=AXIS2_PLACEMENT_3D('',#2667,#2151,#2152);
#1816=AXIS2_PLACEMENT_3D('',#2670,#2154,#2155);
#1817=AXIS2_PLACEMENT_3D('',#2671,#2156,#2157);
#1818=AXIS2_PLACEMENT_3D('',#2673,#2159,#2160);
#1819=AXIS2_PLACEMENT_3D('',#2679,#2164,#2165);
#1820=AXIS2_PLACEMENT_3D('',#2682,#2167,#2168);
#1821=AXIS2_PLACEMENT_3D('',#2683,#2169,#2170);
#1822=AXIS2_PLACEMENT_3D('',#2687,#2173,#2174);
#1823=AXIS2_PLACEMENT_3D('',#2690,#2176,#2177);
#1824=AXIS2_PLACEMENT_3D('',#2691,#2178,#2179);
#1825=AXIS2_PLACEMENT_3D('',#2695,#2181,#2182);
#1826=AXIS2_PLACEMENT_3D('',#2697,#2184,#2185);
#1827=AXIS2_PLACEMENT_3D('',#2699,#2186,#2187);
#1828=AXIS2_PLACEMENT_3D('',#2701,#2189,#2190);
#1829=AXIS2_PLACEMENT_3D('',#2705,#2192,#2193);
#1830=AXIS2_PLACEMENT_3D('',#2707,#2195,#2196);
#1831=AXIS2_PLACEMENT_3D('',#2709,#2197,#2198);
#1832=AXIS2_PLACEMENT_3D('',#2711,#2200,#2201);
#1833=AXIS2_PLACEMENT_3D('',#2713,#2203,#2204);
#1834=AXIS2_PLACEMENT_3D('',#2715,#2206,#2207);
#1835=AXIS2_PLACEMENT_3D('',#2718,#2209,#2210);
#1836=AXIS2_PLACEMENT_3D('',#2719,#2211,#2212);
#1837=AXIS2_PLACEMENT_3D('',#2722,#2214,#2215);
#1838=AXIS2_PLACEMENT_3D('',#2723,#2216,#2217);
#1839=AXIS2_PLACEMENT_3D('',#2726,#2219,#2220);
#1840=AXIS2_PLACEMENT_3D('',#2727,#2221,#2222);
#1841=AXIS2_PLACEMENT_3D('',#2730,#2224,#2225);
#1842=AXIS2_PLACEMENT_3D('',#2731,#2226,#2227);
#1843=AXIS2_PLACEMENT_3D('',#2734,#2229,#2230);
#1844=AXIS2_PLACEMENT_3D('',#2735,#2231,#2232);
#1845=AXIS2_PLACEMENT_3D('',#2738,#2234,#2235);
#1846=AXIS2_PLACEMENT_3D('',#2739,#2236,#2237);
#1847=AXIS2_PLACEMENT_3D('',#2756,#2246,#2247);
#1848=AXIS2_PLACEMENT_3D('',#2758,#2248,#2249);
#1849=AXIS2_PLACEMENT_3D('',#2760,#2250,#2251);
#1850=AXIS2_PLACEMENT_3D('',#2761,#2252,#2253);
#1851=AXIS2_PLACEMENT_3D('',#2763,#2254,#2255);
#1852=AXIS2_PLACEMENT_3D('',#2765,#2256,#2257);
#1853=AXIS2_PLACEMENT_3D('',#2766,#2258,#2259);
#1854=AXIS2_PLACEMENT_3D('',#2768,#2260,#2261);
#1855=AXIS2_PLACEMENT_3D('',#2770,#2262,#2263);
#1856=AXIS2_PLACEMENT_3D('',#2771,#2264,#2265);
#1857=AXIS2_PLACEMENT_3D('',#2773,#2266,#2267);
#1858=AXIS2_PLACEMENT_3D('',#2775,#2268,#2269);
#1859=AXIS2_PLACEMENT_3D('',#2776,#2270,#2271);
#1860=AXIS2_PLACEMENT_3D('',#2778,#2273,#2274);
#1861=AXIS2_PLACEMENT_3D('',#2780,#2276,#2277);
#1862=AXIS2_PLACEMENT_3D('',#2782,#2279,#2280);
#1863=AXIS2_PLACEMENT_3D('',#2788,#2284,#2285);
#1864=AXIS2_PLACEMENT_3D('',#2792,#2288,#2289);
#1865=AXIS2_PLACEMENT_3D('',#2796,#2292,#2293);
#1866=AXIS2_PLACEMENT_3D('',#2798,#2295,#2296);
#1867=AXIS2_PLACEMENT_3D('',#2800,#2298,#2299);
#1868=AXIS2_PLACEMENT_3D('',#2802,#2301,#2302);
#1869=AXIS2_PLACEMENT_3D('',#2808,#2306,#2307);
#1870=AXIS2_PLACEMENT_3D('',#2810,#2308,#2309);
#1871=AXIS2_PLACEMENT_3D('',#2812,#2311,#2312);
#1872=AXIS2_PLACEMENT_3D('',#2815,#2314,#2315);
#1873=AXIS2_PLACEMENT_3D('',#2816,#2316,#2317);
#1874=AXIS2_PLACEMENT_3D('',#2818,#2318,#2319);
#1875=AXIS2_PLACEMENT_3D('',#2820,#2321,#2322);
#1876=AXIS2_PLACEMENT_3D('',#2823,#2324,#2325);
#1877=AXIS2_PLACEMENT_3D('',#2824,#2326,#2327);
#1878=AXIS2_PLACEMENT_3D('',#2826,#2328,#2329);
#1879=AXIS2_PLACEMENT_3D('',#2828,#2331,#2332);
#1880=AXIS2_PLACEMENT_3D('',#2831,#2334,#2335);
#1881=AXIS2_PLACEMENT_3D('',#2832,#2336,#2337);
#1882=AXIS2_PLACEMENT_3D('',#2842,#2343,#2344);
#1883=AXIS2_PLACEMENT_3D('',#2847,#2348,#2349);
#1884=AXIS2_PLACEMENT_3D('',#2850,#2352,#2353);
#1885=AXIS2_PLACEMENT_3D('',#2852,#2355,#2356);
#1886=AXIS2_PLACEMENT_3D('',#2854,#2358,#2359);
#1887=AXIS2_PLACEMENT_3D('',#2858,#2362,#2363);
#1888=AXIS2_PLACEMENT_3D('',#2860,#2365,#2366);
#1889=AXIS2_PLACEMENT_3D('',#2868,#2371,#2372);
#1890=AXIS2_PLACEMENT_3D('',#2872,#2375,#2376);
#1891=AXIS2_PLACEMENT_3D('',#2875,#2379,#2380);
#1892=AXIS2_PLACEMENT_3D('',#2876,#2381,#2382);
#1893=AXIS2_PLACEMENT_3D('',#2879,#2385,#2386);
#1894=AXIS2_PLACEMENT_3D('',#2881,#2388,#2389);
#1895=AXIS2_PLACEMENT_3D('',#2882,#2390,#2391);
#1896=AXIS2_PLACEMENT_3D('',#2884,#2392,#2393);
#1897=AXIS2_PLACEMENT_3D('',#2886,#2395,#2396);
#1898=AXIS2_PLACEMENT_3D('',#2888,#2397,#2398);
#1899=AXIS2_PLACEMENT_3D('',#2890,#2400,#2401);
#1900=AXIS2_PLACEMENT_3D('',#2891,#2402,#2403);
#1901=AXIS2_PLACEMENT_3D('',#2893,#2404,#2405);
#1902=AXIS2_PLACEMENT_3D('',#2894,#2406,#2407);
#1903=AXIS2_PLACEMENT_3D('',#2895,#2408,#2409);
#1904=AXIS2_PLACEMENT_3D('',#2897,#2411,#2412);
#1905=DIRECTION('axis',(0.,0.,1.));
#1906=DIRECTION('refdir',(1.,0.,0.));
#1907=DIRECTION('center_axis',(0.500000000000003,-0.707106781186544,-0.500000000000002));
#1908=DIRECTION('ref_axis',(-0.707106781186547,0.,-0.707106781186548));
#1909=DIRECTION('',(0.707106781186547,-1.76635401601924E-16,0.707106781186549));
#1910=DIRECTION('',(-0.678598344545847,-0.678598344545849,0.281084637714815));
#1911=DIRECTION('',(-0.707106781186547,1.76635401601924E-16,-0.707106781186549));
#1912=DIRECTION('',(0.28108463771481,0.67859834454585,-0.678598344545848));
#1913=DIRECTION('center_axis',(-0.499999999999999,-0.707106781186551,-0.499999999999997));
#1914=DIRECTION('ref_axis',(-0.707106781186546,0.,0.707106781186549));
#1915=DIRECTION('',(-0.707106781186546,-1.76635401601925E-16,0.707106781186549));
#1916=DIRECTION('',(-0.678598344545845,0.678598344545846,-0.281084637714829));
#1917=DIRECTION('',(0.707106781186546,1.76635401601925E-16,-0.707106781186549));
#1918=DIRECTION('',(0.281084637714825,-0.678598344545847,0.678598344545845));
#1919=DIRECTION('center_axis',(0.,-0.707106781186546,-0.707106781186549));
#1920=DIRECTION('ref_axis',(-1.,0.,0.));
#1921=DIRECTION('',(-1.,0.,0.));
#1922=DIRECTION('',(1.,0.,0.));
#1923=DIRECTION('center_axis',(0.707106781186549,-0.707106781186546,-1.76635401601924E-16));
#1924=DIRECTION('ref_axis',(-2.49800180540659E-16,0.,-1.));
#1925=DIRECTION('',(0.,-2.4980018054066E-16,1.));
#1926=DIRECTION('',(0.678598344545847,0.678598344545849,0.281084637714815));
#1927=DIRECTION('',(0.,2.4980018054066E-16,-1.));
#1928=DIRECTION('center_axis',(0.707106781186549,1.96261557335472E-16,-0.707106781186547));
#1929=DIRECTION('ref_axis',(0.707106781186547,-1.76635401601924E-16,0.707106781186549));
#1930=DIRECTION('',(0.,-1.,-2.77555756156289E-16));
#1931=DIRECTION('',(0.707106781186547,-1.76635401601924E-16,0.707106781186549));
#1932=DIRECTION('',(0.,-1.,-2.77555756156289E-16));
#1933=DIRECTION('center_axis',(0.,2.77555756156289E-16,-1.));
#1934=DIRECTION('ref_axis',(1.,0.,0.));
#1935=DIRECTION('',(0.,-1.,-2.77555756156289E-16));
#1936=DIRECTION('',(1.,0.,0.));
#1937=DIRECTION('center_axis',(-0.707106781186549,1.96261557335471E-16,
-0.707106781186546));
#1938=DIRECTION('ref_axis',(0.707106781186546,1.76635401601925E-16,-0.707106781186549));
#1939=DIRECTION('',(0.,-1.,-2.77555756156289E-16));
#1940=DIRECTION('',(0.707106781186546,1.76635401601925E-16,-0.707106781186549));
#1941=DIRECTION('center_axis',(-0.707106781186548,-0.707106781186547,-2.04301892403893E-16));
#1942=DIRECTION('ref_axis',(-2.88926507056074E-16,0.,1.));
#1943=DIRECTION('',(-3.91263265154152E-17,-2.4980018054066E-16,1.));
#1944=DIRECTION('',(0.678598344545846,-0.678598344545847,-0.281084637714824));
#1945=DIRECTION('',(3.91263265154152E-17,2.4980018054066E-16,-1.));
#1946=DIRECTION('center_axis',(0.,-1.,0.));
#1947=DIRECTION('ref_axis',(1.,0.,0.));
#1948=DIRECTION('center_axis',(0.,-1.,-2.4980018054066E-16));
#1949=DIRECTION('ref_axis',(1.,0.,0.));
#1950=DIRECTION('',(0.707106781186552,0.707106781186543,8.65956056235498E-17));
#1951=DIRECTION('center_axis',(0.,1.,2.4980018054066E-16));
#1952=DIRECTION('ref_axis',(1.,0.,0.));
#1953=DIRECTION('center_axis',(0.,-1.,-2.4980018054066E-16));
#1954=DIRECTION('ref_axis',(1.,0.,0.));
#1955=DIRECTION('',(0.707106781186547,1.76635401601924E-16,-0.707106781186548));
#1956=DIRECTION('',(1.,1.31782534274854E-32,-5.27551797559265E-17));
#1957=DIRECTION('',(0.707106781186548,-1.76635401601924E-16,0.707106781186547));
#1958=DIRECTION('center_axis',(0.,-1.,-2.4980018054066E-16));
#1959=DIRECTION('ref_axis',(1.,0.,0.));
#1960=DIRECTION('center_axis',(0.,-1.,-2.4980018054066E-16));
#1961=DIRECTION('ref_axis',(1.,0.,0.));
#1962=DIRECTION('center_axis',(0.,-1.,-2.4980018054066E-16));
#1963=DIRECTION('ref_axis',(1.,0.,0.));
#1964=DIRECTION('center_axis',(0.,-1.,-2.4980018054066E-16));
#1965=DIRECTION('ref_axis',(1.,0.,0.));
#1966=DIRECTION('center_axis',(0.,-1.,-2.4980018054066E-16));
#1967=DIRECTION('ref_axis',(1.,0.,0.));
#1968=DIRECTION('center_axis',(0.,-1.,-2.4980018054066E-16));
#1969=DIRECTION('ref_axis',(1.,0.,0.));
#1970=DIRECTION('center_axis',(0.,1.,0.));
#1971=DIRECTION('ref_axis',(1.,0.,0.));
#1972=DIRECTION('',(0.,1.,0.));
#1973=DIRECTION('center_axis',(0.,1.,0.));
#1974=DIRECTION('ref_axis',(1.,0.,0.));
#1975=DIRECTION('center_axis',(0.,-1.,0.));
#1976=DIRECTION('ref_axis',(1.,0.,0.));
#1977=DIRECTION('',(0.707106781186531,0.707106781186564,8.65956056235473E-17));
#1978=DIRECTION('center_axis',(0.,1.,2.4980018054066E-16));
#1979=DIRECTION('ref_axis',(1.,0.,0.));
#1980=DIRECTION('center_axis',(0.,1.,0.));
#1981=DIRECTION('ref_axis',(1.,0.,0.));
#1982=DIRECTION('',(0.,1.,0.));
#1983=DIRECTION('center_axis',(0.,1.,0.));
#1984=DIRECTION('ref_axis',(1.,0.,0.));
#1985=DIRECTION('center_axis',(0.,-1.,0.));
#1986=DIRECTION('ref_axis',(1.,0.,0.));
#1987=DIRECTION('',(0.707106781186539,0.707106781186556,8.65956056235483E-17));
#1988=DIRECTION('center_axis',(0.,1.,2.4980018054066E-16));
#1989=DIRECTION('ref_axis',(1.,0.,0.));
#1990=DIRECTION('center_axis',(0.,1.,0.));
#1991=DIRECTION('ref_axis',(1.,0.,0.));
#1992=DIRECTION('',(0.,1.,0.));
#1993=DIRECTION('center_axis',(0.,1.,0.));
#1994=DIRECTION('ref_axis',(1.,0.,0.));
#1995=DIRECTION('center_axis',(0.,-1.,0.));
#1996=DIRECTION('ref_axis',(1.,0.,0.));
#1997=DIRECTION('',(0.70710678118656,0.707106781186535,8.65956056235508E-17));
#1998=DIRECTION('center_axis',(0.,1.,2.4980018054066E-16));
#1999=DIRECTION('ref_axis',(1.,0.,0.));
#2000=DIRECTION('center_axis',(0.,1.,0.));
#2001=DIRECTION('ref_axis',(1.,0.,0.));
#2002=DIRECTION('',(0.,1.,0.));
#2003=DIRECTION('center_axis',(0.,1.,0.));
#2004=DIRECTION('ref_axis',(1.,0.,0.));
#2005=DIRECTION('center_axis',(0.,-1.,0.));
#2006=DIRECTION('ref_axis',(1.,0.,0.));
#2007=DIRECTION('center_axis',(0.,-1.,0.));
#2008=DIRECTION('ref_axis',(1.,0.,0.));
#2009=DIRECTION('center_axis',(0.,-1.,0.));
#2010=DIRECTION('ref_axis',(1.,0.,0.));
#2011=DIRECTION('center_axis',(0.,-1.,0.));
#2012=DIRECTION('ref_axis',(1.,0.,0.));
#2013=DIRECTION('center_axis',(0.,0.,1.));
#2014=DIRECTION('ref_axis',(1.,0.,0.));
#2015=DIRECTION('',(-1.,0.,0.));
#2016=DIRECTION('',(0.,1.,0.));
#2017=DIRECTION('',(1.,0.,0.));
#2018=DIRECTION('',(0.,1.,0.));
#2019=DIRECTION('center_axis',(0.,1.,0.));
#2020=DIRECTION('ref_axis',(0.,0.,1.));
#2021=DIRECTION('',(-0.707106781186545,0.,-0.70710678118655));
#2022=DIRECTION('',(-1.,0.,0.));
#2023=DIRECTION('',(-0.707106781186545,0.,0.70710678118655));
#2024=DIRECTION('',(3.09063803397084E-17,0.,1.));
#2025=DIRECTION('',(-3.76763493665017E-16,0.,-1.));
#2026=DIRECTION('center_axis',(1.,0.,0.));
#2027=DIRECTION('ref_axis',(0.,0.,-1.));
#2028=DIRECTION('',(0.,0.,-1.));
#2029=DIRECTION('',(0.,-0.819152044288992,-0.573576436351046));
#2030=DIRECTION('',(0.,-2.4980018054066E-16,1.));
#2031=DIRECTION('',(0.,-1.,0.));
#2032=DIRECTION('center_axis',(0.,0.,1.));
#2033=DIRECTION('ref_axis',(0.707106781186547,-0.707106781186548,-1.26908206082918E-16));
#2034=DIRECTION('',(-1.04672830578917E-14,-0.70710678118654,0.707106781186555));
#2035=DIRECTION('center_axis',(5.27551797559265E-17,-2.77555756156289E-16,
1.));
#2036=DIRECTION('ref_axis',(0.707106781186547,-0.707106781186548,-2.33565102683603E-16));
#2037=DIRECTION('',(-0.707106781186538,0.,-0.707106781186557));
#2038=DIRECTION('center_axis',(-5.27551797559265E-17,2.77555756156289E-16,
-1.));
#2039=DIRECTION('ref_axis',(0.707106781186547,-0.707106781186548,0.));
#2040=DIRECTION('center_axis',(5.27094507730751E-15,0.707106781186548,0.707106781186548));
#2041=DIRECTION('ref_axis',(1.,0.,-7.45424201485198E-15));
#2042=DIRECTION('',(0.,-0.707106781186547,0.707106781186548));
#2043=DIRECTION('',(1.,-7.40148683509605E-15,-5.27551797559285E-17));
#2044=DIRECTION('',(-1.,7.40148683509605E-15,5.27551797559285E-17));
#2045=DIRECTION('center_axis',(0.,0.,1.));
#2046=DIRECTION('ref_axis',(-0.70710678118651,-0.707106781186585,-8.63702492885057E-17));
#2047=DIRECTION('',(-0.707106781186543,-7.85046229341876E-14,0.707106781186552));
#2048=DIRECTION('center_axis',(5.27551797559265E-17,-2.77555756156289E-16,
1.));
#2049=DIRECTION('ref_axis',(-0.70710678118651,-0.707106781186585,-1.58958011987353E-16));
#2050=DIRECTION('center_axis',(-5.27551797559265E-17,2.77555756156289E-16,
-1.));
#2051=DIRECTION('ref_axis',(-0.70710678118651,-0.707106781186585,0.));
#2052=DIRECTION('center_axis',(0.70710678118655,7.83083613768578E-14,0.707106781186545));
#2053=DIRECTION('ref_axis',(0.707106781186545,0.,-0.70710678118655));
#2054=DIRECTION('',(-0.70710678118654,-7.85046229341896E-14,0.707106781186555));
#2055=DIRECTION('',(1.11022302462522E-13,-1.,-2.77555756156295E-16));
#2056=DIRECTION('',(-1.11022302462522E-13,1.,2.77555756156295E-16));
#2057=DIRECTION('center_axis',(0.,0.,1.));
#2058=DIRECTION('ref_axis',(-0.707106781186587,0.707106781186508,1.26908206081221E-16));
#2059=DIRECTION('',(0.,0.707106781186535,0.70710678118656));
#2060=DIRECTION('center_axis',(5.27551797559265E-17,-2.77555756156289E-16,
1.));
#2061=DIRECTION('ref_axis',(-0.707106781186587,0.707106781186508,2.33565102683594E-16));
#2062=DIRECTION('center_axis',(-5.27551797559265E-17,2.77555756156289E-16,
-1.));
#2063=DIRECTION('ref_axis',(-0.707106781186587,0.707106781186508,0.));
#2064=DIRECTION('center_axis',(3.73035453481309E-17,-0.707106781186548,
0.707106781186548));
#2065=DIRECTION('ref_axis',(1.,0.,-5.27551797559265E-17));
#2066=DIRECTION('',(0.,0.707106781186548,0.707106781186548));
#2067=DIRECTION('',(-1.,0.,5.27551797559265E-17));
#2068=DIRECTION('',(1.,0.,-5.27551797559265E-17));
#2069=DIRECTION('center_axis',(0.,0.,1.));
#2070=DIRECTION('ref_axis',(0.707106781186548,0.707106781186548,8.63702492875872E-17));
#2071=DIRECTION('',(0.707106781186538,-2.6168207644729E-15,0.707106781186557));
#2072=DIRECTION('center_axis',(5.27551797559265E-17,-2.77555756156289E-16,
1.));
#2073=DIRECTION('ref_axis',(0.707106781186548,0.707106781186548,1.58958011987341E-16));
#2074=DIRECTION('center_axis',(-5.27551797559265E-17,2.77555756156289E-16,
-1.));
#2075=DIRECTION('ref_axis',(0.707106781186548,0.707106781186548,0.));
#2076=DIRECTION('center_axis',(-0.70710678118655,-1.96261557335471E-16,
0.707106781186545));
#2077=DIRECTION('ref_axis',(0.707106781186545,0.,0.70710678118655));
#2078=DIRECTION('',(0.,1.,2.77555756156289E-16));
#2079=DIRECTION('',(0.,-1.,-2.77555756156289E-16));
#2080=DIRECTION('center_axis',(-1.,-1.11022302462522E-13,0.));
#2081=DIRECTION('ref_axis',(-1.11022302462522E-13,1.,-1.36845553156728E-45));
#2082=DIRECTION('',(0.,0.,1.));
#2083=DIRECTION('',(1.11022302462522E-13,-1.,0.));
#2084=DIRECTION('',(0.,0.,-1.));
#2085=DIRECTION('center_axis',(0.,0.,-1.));
#2086=DIRECTION('ref_axis',(-0.70710678118651,-0.707106781186585,0.));
#2087=DIRECTION('',(0.,0.,-1.));
#2088=DIRECTION('center_axis',(0.,0.,-1.));
#2089=DIRECTION('ref_axis',(-0.70710678118651,-0.707106781186585,0.));
#2090=DIRECTION('center_axis',(-7.40148683509605E-15,-1.,0.));
#2091=DIRECTION('ref_axis',(-1.,7.40148683509605E-15,-5.52202633872987E-31));
#2092=DIRECTION('',(0.,0.,1.));
#2093=DIRECTION('',(1.,-7.40148683509605E-15,0.));
#2094=DIRECTION('center_axis',(0.,0.,1.));
#2095=DIRECTION('ref_axis',(0.707106781186547,-0.707106781186548,0.));
#2096=DIRECTION('',(0.,0.,-1.));
#2097=DIRECTION('center_axis',(0.,0.,-1.));
#2098=DIRECTION('ref_axis',(0.707106781186547,-0.707106781186548,0.));
#2099=DIRECTION('center_axis',(5.27551797559265E-17,-2.77555756156289E-16,
1.));
#2100=DIRECTION('ref_axis',(-1.,-1.31782534274854E-32,5.27551797559265E-17));
#2101=DIRECTION('',(0.,-1.,-2.77555756156289E-16));
#2102=DIRECTION('',(-1.,-1.31782534274854E-32,5.27551797559265E-17));
#2103=DIRECTION('',(0.,-1.,-2.77555756156289E-16));
#2104=DIRECTION('',(1.,0.,-5.27551797559265E-17));
#2105=DIRECTION('center_axis',(5.27551797559265E-17,-2.77555756156289E-16,
1.));
#2106=DIRECTION('ref_axis',(-1.37913704461579E-10,1.,2.77555756163565E-16));
#2107=DIRECTION('',(-1.,0.,5.27551797559265E-17));
#2108=DIRECTION('center_axis',(5.27551797559265E-17,-2.77555756156289E-16,
1.));
#2109=DIRECTION('ref_axis',(0.707106781186547,0.707106781186548,1.58958011987341E-16));
#2110=DIRECTION('',(-5.22048444429171E-16,1.,2.77555756156289E-16));
#2111=DIRECTION('center_axis',(5.27551797559265E-17,-2.77555756156289E-16,
1.));
#2112=DIRECTION('ref_axis',(0.707106781186545,-0.70710678118655,-2.33565102683603E-16));
#2113=DIRECTION('',(1.,-7.40148683509605E-15,-5.27551797559285E-17));
#2114=DIRECTION('center_axis',(5.27551797559265E-17,-2.77555756156289E-16,
1.));
#2115=DIRECTION('ref_axis',(-1.,9.83132494429924E-11,5.27551797832139E-17));
#2116=DIRECTION('',(1.11022302462522E-13,-1.,-2.77555756156295E-16));
#2117=DIRECTION('center_axis',(5.27551797559265E-17,-2.77555756156289E-16,
1.));
#2118=DIRECTION('ref_axis',(1.,1.46425038083171E-32,-5.27551797559265E-17));
#2119=DIRECTION('center_axis',(5.27551797559265E-17,-2.77555756156289E-16,
1.));
#2120=DIRECTION('ref_axis',(1.,1.46425038083171E-32,-5.27551797559265E-17));
#2121=DIRECTION('center_axis',(5.27551797559265E-17,-2.77555756156289E-16,
1.));
#2122=DIRECTION('ref_axis',(1.,1.46425038083171E-32,-5.27551797559265E-17));
#2123=DIRECTION('center_axis',(0.,0.,1.));
#2124=DIRECTION('ref_axis',(-1.37913704461579E-10,1.,1.50810642075893E-16));
#2125=DIRECTION('',(-9.13479792462201E-11,0.707106781186533,0.707106781186562));
#2126=DIRECTION('',(0.707106781186531,-1.19884409682798E-10,-0.707106781186564));
#2127=DIRECTION('center_axis',(-5.27551797559265E-17,2.77555756156289E-16,
-1.));
#2128=DIRECTION('ref_axis',(-1.37913704461579E-10,1.,0.));
#2129=DIRECTION('center_axis',(3.73035453481309E-17,-0.707106781186548,
0.707106781186548));
#2130=DIRECTION('ref_axis',(1.,0.,-5.27551797559265E-17));
#2131=DIRECTION('',(-5.23364152894591E-15,0.707106781186548,0.707106781186548));
#2132=DIRECTION('',(1.,0.,-5.27551797559265E-17));
#2133=DIRECTION('center_axis',(0.,0.,1.));
#2134=DIRECTION('ref_axis',(0.707106781186547,0.707106781186548,8.63702492875873E-17));
#2135=DIRECTION('',(0.707106781186536,0.,0.707106781186559));
#2136=DIRECTION('center_axis',(-5.27551797559265E-17,2.77555756156289E-16,
-1.));
#2137=DIRECTION('ref_axis',(0.707106781186547,0.707106781186548,0.));
#2138=DIRECTION('center_axis',(-0.707106781186542,-5.65405552499226E-16,
0.707106781186553));
#2139=DIRECTION('ref_axis',(0.707106781186553,0.,0.707106781186542));
#2140=DIRECTION('',(0.70710678118655,0.,0.707106781186545));
#2141=DIRECTION('',(5.22048444429171E-16,-1.,-2.77555756156289E-16));
#2142=DIRECTION('center_axis',(0.,0.,1.));
#2143=DIRECTION('ref_axis',(0.707106781186545,-0.70710678118655,-1.26908206082919E-16));
#2144=DIRECTION('',(-5.23364152894585E-15,-0.707106781186538,0.707106781186557));
#2145=DIRECTION('center_axis',(-5.27551797559265E-17,2.77555756156289E-16,
-1.));
#2146=DIRECTION('ref_axis',(0.707106781186545,-0.70710678118655,0.));
#2147=DIRECTION('center_axis',(5.27094507730751E-15,0.707106781186548,0.707106781186548));
#2148=DIRECTION('ref_axis',(1.,0.,-7.45424201485198E-15));
#2149=DIRECTION('',(5.23364152894668E-15,-0.707106781186444,0.707106781186651));
#2150=DIRECTION('',(-1.,7.40148683509605E-15,5.27551797559285E-17));
#2151=DIRECTION('center_axis',(0.,0.,1.));
#2152=DIRECTION('ref_axis',(-1.,9.83132494429924E-11,2.86646641598577E-17));
#2153=DIRECTION('',(-0.707106781186538,6.51130426719975E-11,0.707106781186557));
#2154=DIRECTION('center_axis',(-5.27551797559265E-17,2.77555756156289E-16,
-1.));
#2155=DIRECTION('ref_axis',(-1.,9.83132494429924E-11,0.));
#2156=DIRECTION('center_axis',(0.707106781186545,7.83083613768573E-14,0.70710678118655));
#2157=DIRECTION('ref_axis',(0.70710678118655,0.,-0.707106781186545));
#2158=DIRECTION('',(-1.11022302462522E-13,1.,2.77555756156295E-16));
#2159=DIRECTION('center_axis',(1.,5.22048444429171E-16,0.));
#2160=DIRECTION('ref_axis',(5.22048444429171E-16,-1.,-1.94742308206829E-32));
#2161=DIRECTION('',(0.,0.,1.));
#2162=DIRECTION('',(-5.22048444429171E-16,1.,0.));
#2163=DIRECTION('',(0.,0.,-1.));
#2164=DIRECTION('center_axis',(0.,0.,-1.));
#2165=DIRECTION('ref_axis',(0.707106781186547,0.707106781186548,0.));
#2166=DIRECTION('',(0.,0.,-1.));
#2167=DIRECTION('center_axis',(0.,0.,-1.));
#2168=DIRECTION('ref_axis',(0.707106781186547,0.707106781186548,0.));
#2169=DIRECTION('center_axis',(0.,1.,0.));
#2170=DIRECTION('ref_axis',(1.,0.,-5.52202633934238E-31));
#2171=DIRECTION('',(0.,0.,-1.));
#2172=DIRECTION('',(-1.,0.,0.));
#2173=DIRECTION('center_axis',(0.,0.,-1.));
#2174=DIRECTION('ref_axis',(-1.37913704461579E-10,1.,0.));
#2175=DIRECTION('',(0.,0.,-1.));
#2176=DIRECTION('center_axis',(0.,0.,1.));
#2177=DIRECTION('ref_axis',(-1.37913704461579E-10,1.,0.));
#2178=DIRECTION('center_axis',(0.,0.,-1.));
#2179=DIRECTION('ref_axis',(-1.,9.83132494429924E-11,0.));
#2180=DIRECTION('',(0.,0.,-1.));
#2181=DIRECTION('center_axis',(0.,0.,1.));
#2182=DIRECTION('ref_axis',(-1.,9.83132494429924E-11,0.));
#2183=DIRECTION('',(0.,0.,-1.));
#2184=DIRECTION('center_axis',(0.,0.,1.));
#2185=DIRECTION('ref_axis',(0.707106781186545,-0.70710678118655,0.));
#2186=DIRECTION('center_axis',(0.,0.,-1.));
#2187=DIRECTION('ref_axis',(0.707106781186545,-0.70710678118655,0.));
#2188=DIRECTION('',(0.,0.,1.));
#2189=DIRECTION('center_axis',(0.,0.,-1.));
#2190=DIRECTION('ref_axis',(0.707106781186548,0.707106781186548,0.));
#2191=DIRECTION('',(0.,0.,-1.));
#2192=DIRECTION('center_axis',(0.,0.,-1.));
#2193=DIRECTION('ref_axis',(0.707106781186548,0.707106781186548,0.));
#2194=DIRECTION('',(0.,0.,1.));
#2195=DIRECTION('center_axis',(0.,0.,-1.));
#2196=DIRECTION('ref_axis',(-0.707106781186587,0.707106781186508,0.));
#2197=DIRECTION('center_axis',(0.,0.,-1.));
#2198=DIRECTION('ref_axis',(-0.707106781186587,0.707106781186508,0.));
#2199=DIRECTION('',(0.,0.,1.));
#2200=DIRECTION('center_axis',(-1.,-1.11022302462522E-13,0.));
#2201=DIRECTION('ref_axis',(-1.11022302462522E-13,1.,0.));
#2202=DIRECTION('',(1.11022302462522E-13,-1.,0.));
#2203=DIRECTION('center_axis',(1.,0.,0.));
#2204=DIRECTION('ref_axis',(0.,-1.,-1.94742308206829E-32));
#2205=DIRECTION('',(0.,1.,0.));
#2206=DIRECTION('center_axis',(0.,0.,1.));
#2207=DIRECTION('ref_axis',(1.,8.41943968978241E-33,-3.03342283596579E-17));
#2208=DIRECTION('',(0.707106781186542,8.65956056235487E-17,-0.707106781186553));
#2209=DIRECTION('center_axis',(-5.27551797559265E-17,2.77555756156289E-16,
-1.));
#2210=DIRECTION('ref_axis',(1.,0.,0.));
#2211=DIRECTION('center_axis',(0.,0.,-1.));
#2212=DIRECTION('ref_axis',(1.,0.,0.));
#2213=DIRECTION('',(0.,0.,-1.));
#2214=DIRECTION('center_axis',(0.,0.,1.));
#2215=DIRECTION('ref_axis',(1.,0.,0.));
#2216=DIRECTION('center_axis',(0.,0.,1.));
#2217=DIRECTION('ref_axis',(1.,8.41943968978241E-33,-3.03342283596579E-17));
#2218=DIRECTION('',(0.707106781186543,8.65956056235488E-17,-0.707106781186552));
#2219=DIRECTION('center_axis',(-5.27551797559265E-17,2.77555756156289E-16,
-1.));
#2220=DIRECTION('ref_axis',(1.,0.,0.));
#2221=DIRECTION('center_axis',(0.,0.,-1.));
#2222=DIRECTION('ref_axis',(1.,0.,0.));
#2223=DIRECTION('',(0.,0.,-1.));
#2224=DIRECTION('center_axis',(0.,0.,1.));
#2225=DIRECTION('ref_axis',(1.,0.,0.));
#2226=DIRECTION('center_axis',(0.,0.,1.));
#2227=DIRECTION('ref_axis',(1.,8.41943968978242E-33,-3.0334228359658E-17));
#2228=DIRECTION('',(0.707106781186544,8.65956056235489E-17,-0.707106781186551));
#2229=DIRECTION('center_axis',(-5.27551797559265E-17,2.77555756156289E-16,
-1.));
#2230=DIRECTION('ref_axis',(1.,0.,0.));
#2231=DIRECTION('center_axis',(0.,0.,-1.));
#2232=DIRECTION('ref_axis',(1.,0.,0.));
#2233=DIRECTION('',(0.,0.,-1.));
#2234=DIRECTION('center_axis',(0.,0.,1.));
#2235=DIRECTION('ref_axis',(1.,0.,0.));
#2236=DIRECTION('center_axis',(0.,1.,0.));
#2237=DIRECTION('ref_axis',(-1.,0.,0.));
#2238=DIRECTION('',(-2.84215335717443E-17,0.,1.));
#2239=DIRECTION('',(-1.,0.,0.));
#2240=DIRECTION('',(0.,0.,-1.));
#2241=DIRECTION('',(-0.707106781186547,0.,-0.707106781186548));
#2242=DIRECTION('',(-1.,0.,0.));
#2243=DIRECTION('',(-0.707106781186546,0.,0.707106781186549));
#2244=DIRECTION('',(0.,0.,1.));
#2245=DIRECTION('',(-1.,0.,0.));
#2246=DIRECTION('center_axis',(0.,1.,0.));
#2247=DIRECTION('ref_axis',(-1.,0.,0.));
#2248=DIRECTION('center_axis',(0.,1.,0.));
#2249=DIRECTION('ref_axis',(-1.,0.,0.));
#2250=DIRECTION('center_axis',(0.,1.,0.));
#2251=DIRECTION('ref_axis',(-1.,0.,0.));
#2252=DIRECTION('center_axis',(0.,1.,0.));
#2253=DIRECTION('ref_axis',(-1.,0.,0.));
#2254=DIRECTION('center_axis',(0.,1.,0.));
#2255=DIRECTION('ref_axis',(-1.,0.,0.));
#2256=DIRECTION('center_axis',(0.,1.,0.));
#2257=DIRECTION('ref_axis',(1.,0.,0.));
#2258=DIRECTION('center_axis',(0.,1.,0.));
#2259=DIRECTION('ref_axis',(-1.,0.,0.));
#2260=DIRECTION('center_axis',(0.,1.,0.));
#2261=DIRECTION('ref_axis',(-1.,0.,0.));
#2262=DIRECTION('center_axis',(0.,1.,0.));
#2263=DIRECTION('ref_axis',(1.,0.,0.));
#2264=DIRECTION('center_axis',(0.,1.,0.));
#2265=DIRECTION('ref_axis',(-1.,0.,0.));
#2266=DIRECTION('center_axis',(0.,1.,0.));
#2267=DIRECTION('ref_axis',(-1.,0.,0.));
#2268=DIRECTION('center_axis',(0.,1.,0.));
#2269=DIRECTION('ref_axis',(1.,0.,0.));
#2270=DIRECTION('center_axis',(0.,1.,0.));
#2271=DIRECTION('ref_axis',(-1.,0.,0.));
#2272=DIRECTION('',(0.,-1.,0.));
#2273=DIRECTION('center_axis',(0.,1.,0.));
#2274=DIRECTION('ref_axis',(-1.,0.,0.));
#2275=DIRECTION('',(0.,-1.,0.));
#2276=DIRECTION('center_axis',(0.,1.,0.));
#2277=DIRECTION('ref_axis',(-1.,0.,0.));
#2278=DIRECTION('',(0.,-1.,0.));
#2279=DIRECTION('center_axis',(-1.,0.,-2.84215335717443E-17));
#2280=DIRECTION('ref_axis',(-2.84215335717443E-17,0.,1.));
#2281=DIRECTION('',(2.84215335717443E-17,2.4980018054066E-16,-1.));
#2282=DIRECTION('',(-1.63019219417127E-17,0.819152044288992,0.573576436351046));
#2283=DIRECTION('',(0.,-1.,0.));
#2284=DIRECTION('center_axis',(-0.707106781186549,0.,-0.707106781186546));
#2285=DIRECTION('ref_axis',(-0.707106781186546,0.,0.707106781186549));
#2286=DIRECTION('',(0.,-1.,0.));
#2287=DIRECTION('',(0.707106781186546,1.76635401601925E-16,-0.707106781186549));
#2288=DIRECTION('center_axis',(0.,0.,-1.));
#2289=DIRECTION('ref_axis',(-1.,0.,0.));
#2290=DIRECTION('',(0.,-1.,0.));
#2291=DIRECTION('',(1.,0.,0.));
#2292=DIRECTION('center_axis',(0.707106781186549,0.,-0.707106781186546));
#2293=DIRECTION('ref_axis',(-0.707106781186546,0.,-0.707106781186549));
#2294=DIRECTION('',(0.707106781186546,-1.76635401601925E-16,0.707106781186549));
#2295=DIRECTION('center_axis',(0.,1.,0.));
#2296=DIRECTION('ref_axis',(1.,0.,-5.52202633934238E-31));
#2297=DIRECTION('',(-1.,0.,0.));
#2298=DIRECTION('center_axis',(-7.40148683509605E-15,-1.,0.));
#2299=DIRECTION('ref_axis',(-1.,7.40148683509605E-15,-5.52202633872987E-31));
#2300=DIRECTION('',(1.,-7.40148683509605E-15,0.));
#2301=DIRECTION('center_axis',(0.,0.,-1.));
#2302=DIRECTION('ref_axis',(-1.,0.,0.));
#2303=DIRECTION('',(0.,-1.,0.));
#2304=DIRECTION('',(1.,0.,0.));
#2305=DIRECTION('',(0.,-1.,0.));
#2306=DIRECTION('center_axis',(0.,-1.,0.));
#2307=DIRECTION('ref_axis',(1.,0.,0.));
#2308=DIRECTION('center_axis',(0.,1.,2.4980018054066E-16));
#2309=DIRECTION('ref_axis',(1.,0.,0.));
#2310=DIRECTION('',(-0.707106781186549,-0.707106781186546,8.65956056235495E-17));
#2311=DIRECTION('center_axis',(0.,1.,0.));
#2312=DIRECTION('ref_axis',(1.,0.,0.));
#2313=DIRECTION('',(0.,1.,0.));
#2314=DIRECTION('center_axis',(0.,1.,0.));
#2315=DIRECTION('ref_axis',(1.,0.,0.));
#2316=DIRECTION('center_axis',(0.,-1.,0.));
#2317=DIRECTION('ref_axis',(1.,0.,0.));
#2318=DIRECTION('center_axis',(0.,1.,2.4980018054066E-16));
#2319=DIRECTION('ref_axis',(1.,0.,0.));
#2320=DIRECTION('',(-0.707106781186538,-0.707106781186557,8.65956056235482E-17));
#2321=DIRECTION('center_axis',(0.,1.,0.));
#2322=DIRECTION('ref_axis',(1.,0.,0.));
#2323=DIRECTION('',(0.,1.,0.));
#2324=DIRECTION('center_axis',(0.,1.,0.));
#2325=DIRECTION('ref_axis',(1.,0.,0.));
#2326=DIRECTION('center_axis',(0.,-1.,0.));
#2327=DIRECTION('ref_axis',(1.,0.,0.));
#2328=DIRECTION('center_axis',(0.,1.,2.4980018054066E-16));
#2329=DIRECTION('ref_axis',(1.,0.,0.));
#2330=DIRECTION('',(-0.707106781186547,-0.707106781186548,8.65956056235493E-17));
#2331=DIRECTION('center_axis',(0.,1.,0.));
#2332=DIRECTION('ref_axis',(1.,0.,0.));
#2333=DIRECTION('',(0.,1.,0.));
#2334=DIRECTION('center_axis',(0.,1.,0.));
#2335=DIRECTION('ref_axis',(1.,0.,0.));
#2336=DIRECTION('center_axis',(0.,-0.573576436351046,0.819152044288992));
#2337=DIRECTION('ref_axis',(0.,-0.819152044288992,-0.573576436351046));
#2338=DIRECTION('',(-1.,0.,0.));
#2339=DIRECTION('',(2.24419389302193E-17,-0.819152044288992,-0.573576436351046));
#2340=DIRECTION('',(-1.,0.,0.));
#2341=DIRECTION('',(0.497542812164523,0.71056477546163,0.497542812164523));
#2342=DIRECTION('',(0.,-0.819152044288992,-0.573576436351046));
#2343=DIRECTION('center_axis',(0.,-1.,-2.4980018054066E-16));
#2344=DIRECTION('ref_axis',(0.,2.4980018054066E-16,-1.));
#2345=DIRECTION('',(-1.,0.,0.));
#2346=DIRECTION('',(0.,-2.4980018054066E-16,1.));
#2347=DIRECTION('',(3.91263265154152E-17,2.4980018054066E-16,-1.));
#2348=DIRECTION('center_axis',(-0.5,-0.707106781186548,0.5));
#2349=DIRECTION('ref_axis',(0.707106781186548,0.,0.707106781186548));
#2350=DIRECTION('',(-0.707106781186548,1.76635401601924E-16,-0.707106781186547));
#2351=DIRECTION('',(-0.281084637714821,0.678598344545847,0.678598344545847));
#2352=DIRECTION('center_axis',(3.73035453481309E-17,-0.707106781186548,
0.707106781186547));
#2353=DIRECTION('ref_axis',(1.,0.,-5.27551797559265E-17));
#2354=DIRECTION('',(0.281084637714815,0.678598344545848,0.678598344545848));
#2355=DIRECTION('center_axis',(0.500000000000002,-0.707106781186546,0.500000000000001));
#2356=DIRECTION('ref_axis',(0.707106781186547,0.,-0.707106781186548));
#2357=DIRECTION('',(-0.707106781186547,-1.76635401601924E-16,0.707106781186548));
#2358=DIRECTION('center_axis',(-1.,1.08597371416039E-32,-3.91263265154152E-17));
#2359=DIRECTION('ref_axis',(3.91263265154152E-17,2.4980018054066E-16,-1.));
#2360=DIRECTION('',(0.,-1.,-2.77555756156289E-16));
#2361=DIRECTION('',(0.,0.,1.));
#2362=DIRECTION('center_axis',(-0.707106781186547,-1.96261557335472E-16,
0.707106781186548));
#2363=DIRECTION('ref_axis',(-0.707106781186548,1.76635401601924E-16,-0.707106781186547));
#2364=DIRECTION('',(0.707106781186548,0.,0.707106781186547));
#2365=DIRECTION('center_axis',(0.,-0.573576436351046,0.819152044288992));
#2366=DIRECTION('ref_axis',(0.,-0.819152044288992,-0.573576436351046));
#2367=DIRECTION('',(0.,0.819152044288992,0.573576436351046));
#2368=DIRECTION('',(0.497542812164521,-0.710564775461631,-0.497542812164524));
#2369=DIRECTION('',(-1.,0.,0.));
#2370=DIRECTION('',(0.,0.819152044288992,0.573576436351046));
#2371=DIRECTION('center_axis',(1.,0.,0.));
#2372=DIRECTION('ref_axis',(0.,-2.4980018054066E-16,1.));
#2373=DIRECTION('',(0.,0.,-1.));
#2374=DIRECTION('',(0.,-1.,-2.77555756156289E-16));
#2375=DIRECTION('center_axis',(-0.707106781186549,0.,-0.707106781186546));
#2376=DIRECTION('ref_axis',(-0.707106781186546,0.,0.707106781186549));
#2377=DIRECTION('',(-0.707106781186546,0.,0.707106781186549));
#2378=DIRECTION('',(0.,-1.,0.));
#2379=DIRECTION('center_axis',(-1.,0.,0.));
#2380=DIRECTION('ref_axis',(0.,0.,1.));
#2381=DIRECTION('center_axis',(0.,1.,0.));
#2382=DIRECTION('ref_axis',(0.,0.,1.));
#2383=DIRECTION('',(-0.707106781186547,0.,-0.707106781186548));
#2384=DIRECTION('',(0.707106781186547,0.,-0.707106781186548));
#2385=DIRECTION('center_axis',(1.,0.,0.));
#2386=DIRECTION('ref_axis',(0.,0.,-1.));
#2387=DIRECTION('',(0.,1.,0.));
#2388=DIRECTION('center_axis',(0.707106781186548,0.,-0.707106781186547));
#2389=DIRECTION('ref_axis',(-0.707106781186547,0.,-0.707106781186548));
#2390=DIRECTION('center_axis',(0.,-1.,-2.77555756156289E-16));
#2391=DIRECTION('ref_axis',(1.,0.,0.));
#2392=DIRECTION('center_axis',(0.,-1.,0.));
#2393=DIRECTION('ref_axis',(1.,0.,0.));
#2394=DIRECTION('',(0.,1.,2.77555756156289E-16));
#2395=DIRECTION('center_axis',(0.,-1.,-2.77555756156289E-16));
#2396=DIRECTION('ref_axis',(1.,0.,0.));
#2397=DIRECTION('center_axis',(0.,-1.,0.));
#2398=DIRECTION('ref_axis',(1.,0.,0.));
#2399=DIRECTION('',(0.,1.,2.77555756156289E-16));
#2400=DIRECTION('center_axis',(0.707106781186548,-1.96261557335472E-16,
0.707106781186547));
#2401=DIRECTION('ref_axis',(-0.707106781186547,-1.76635401601924E-16,0.707106781186548));
#2402=DIRECTION('center_axis',(0.,-1.,0.));
#2403=DIRECTION('ref_axis',(1.,0.,0.));
#2404=DIRECTION('center_axis',(0.,-1.,0.));
#2405=DIRECTION('ref_axis',(1.,0.,0.));
#2406=DIRECTION('center_axis',(0.,-1.,0.));
#2407=DIRECTION('ref_axis',(1.,0.,0.));
#2408=DIRECTION('center_axis',(0.,-1.,-2.77555756156289E-16));
#2409=DIRECTION('ref_axis',(1.,0.,0.));
#2410=DIRECTION('',(0.,1.,2.77555756156289E-16));
#2411=DIRECTION('center_axis',(0.,-1.,0.));
#2412=DIRECTION('ref_axis',(1.,0.,0.));
#2413=CARTESIAN_POINT('',(0.,0.,0.));
#2414=CARTESIAN_POINT('Origin',(81.7677669529664,-3.49999999999998,-64.3535533905933));
#2415=CARTESIAN_POINT('',(84.8284271247462,-2.99999999999998,-62.0000000000001));
#2416=CARTESIAN_POINT('',(88.,-2.99999999999999,-58.8284271247463));
#2417=CARTESIAN_POINT('',(82.1213203435597,-2.99999999999998,-64.7071067811866));
#2418=CARTESIAN_POINT('',(87.,-3.99999999999999,-58.4142135623732));
#2419=CARTESIAN_POINT('',(84.7996710828811,-6.20032891711888,-57.5028074832208));
#2420=CARTESIAN_POINT('',(84.4142135623731,-3.99999999999998,-61.0000000000001));
#2421=CARTESIAN_POINT('',(81.4142135623731,-3.99999999999998,-64.0000000000001));
#2422=CARTESIAN_POINT('',(84.4142135623731,-3.99999999999998,-61.0000000000001));
#2423=CARTESIAN_POINT('Origin',(0.146446609406675,-3.49999999999999,-60.2677669529664));
#2424=CARTESIAN_POINT('',(1.58578643762691,-3.99999999999999,-61.0000000000001));
#2425=CARTESIAN_POINT('',(-0.999999999999999,-3.99999999999999,-58.4142135623732));
#2426=CARTESIAN_POINT('',(0.499999999999952,-3.99999999999999,-59.9142135623731));
#2427=CARTESIAN_POINT('',(-2.,-2.99999999999999,-58.8284271247463));
#2428=CARTESIAN_POINT('',(3.0171855041534,-8.01718550415339,-56.7502408439842));
#2429=CARTESIAN_POINT('',(1.17157287525381,-2.99999999999998,-62.0000000000001));
#2430=CARTESIAN_POINT('',(-0.207106781186602,-2.99999999999998,-60.6213203435597));
#2431=CARTESIAN_POINT('',(1.17157287525381,-2.99999999999998,-62.0000000000001));
#2432=CARTESIAN_POINT('Origin',(19.5857864376269,-3.49999999999998,-61.5000000000001));
#2433=CARTESIAN_POINT('',(19.5857864376269,-3.99999999999998,-61.0000000000001));
#2434=CARTESIAN_POINT('',(19.5857864376269,-2.99999999999998,-62.0000000000001));
#2435=CARTESIAN_POINT('Origin',(87.5,-3.49999999999999,-38.4142135623731));
#2436=CARTESIAN_POINT('',(88.,-3.,-1.17157287525382));
#2437=CARTESIAN_POINT('',(88.,-2.99999999999999,-38.4142135623731));
#2438=CARTESIAN_POINT('',(87.,-4.,-1.58578643762691));
#2439=CARTESIAN_POINT('',(87.,-4.,-1.58578643762691));
#2440=CARTESIAN_POINT('',(87.,-3.99999999999999,-38.4142135623731));
#2441=CARTESIAN_POINT('Origin',(84.8284271247462,1.346145417358E-14,-62.0000000000001));
#2442=CARTESIAN_POINT('',(84.8284271247462,-0.999999999999984,-62.0000000000001));
#2443=CARTESIAN_POINT('',(84.8284271247462,1.346145417358E-14,-62.0000000000001));
#2444=CARTESIAN_POINT('',(88.,-0.999999999999985,-58.8284271247463));
#2445=CARTESIAN_POINT('',(82.2463203435597,-0.999999999999984,-64.5821067811866));
#2446=CARTESIAN_POINT('',(88.,1.26287869051112E-14,-58.8284271247463));
#2447=CARTESIAN_POINT('Origin',(1.17157287525381,1.346145417358E-14,-62.0000000000001));
#2448=CARTESIAN_POINT('',(1.17157287525381,-0.999999999999984,-62.0000000000001));
#2449=CARTESIAN_POINT('',(1.17157287525381,1.346145417358E-14,-62.0000000000001));
#2450=CARTESIAN_POINT('',(19.5857864376269,-0.999999999999984,-62.0000000000001));
#2451=CARTESIAN_POINT('Origin',(-2.,1.26287869051112E-14,-58.8284271247463));
#2452=CARTESIAN_POINT('',(-2.,-0.999999999999985,-58.8284271247463));
#2453=CARTESIAN_POINT('',(-2.,1.26287869051112E-14,-58.8284271247463));
#2454=CARTESIAN_POINT('',(-0.332106781186605,-0.999999999999985,-60.4963203435597));
#2455=CARTESIAN_POINT('Origin',(-1.5,-3.5,-13.5857864376269));
#2456=CARTESIAN_POINT('',(-1.,-4.,-1.58578643762691));
#2457=CARTESIAN_POINT('',(-1.,-4.,-13.5857864376269));
#2458=CARTESIAN_POINT('',(-2.,-3.,-1.17157287525381));
#2459=CARTESIAN_POINT('',(-2.,-3.,-1.17157287525381));
#2460=CARTESIAN_POINT('',(-2.,-3.,-13.5857864376269));
#2461=CARTESIAN_POINT('Origin',(80.,-3.79999999999999,-53.9000000000001));
#2462=CARTESIAN_POINT('',(76.45,-3.99999999999999,-53.9000000000001));
#2463=CARTESIAN_POINT('Origin',(80.,-3.99999999999999,-53.9000000000001));
#2464=CARTESIAN_POINT('',(76.85,-3.6,-53.9000000000001));
#2465=CARTESIAN_POINT('',(76.65,-3.79999999999999,-53.9000000000001));
#2466=CARTESIAN_POINT('Origin',(80.,-3.6,-53.9000000000001));
#2467=CARTESIAN_POINT('Origin',(38.,-3.99999999999999,-26.));
#2468=CARTESIAN_POINT('',(84.4142135623731,-4.,1.));
#2469=CARTESIAN_POINT('',(83.5000000000001,-4.,1.91421356237307));
#2470=CARTESIAN_POINT('',(1.58578643762691,-4.,1.));
#2471=CARTESIAN_POINT('',(56.4142135623731,-4.,1.));
#2472=CARTESIAN_POINT('',(4.08578643762691,-4.,3.49999999999999));
#2473=CARTESIAN_POINT('',(76.45,-4.,-6.));
#2474=CARTESIAN_POINT('Origin',(80.,-4.,-6.));
#2475=CARTESIAN_POINT('',(2.45,-3.99999999999999,-53.9000000000001));
#2476=CARTESIAN_POINT('Origin',(6.,-3.99999999999999,-53.9000000000001));
#2477=CARTESIAN_POINT('',(0.,-3.99999999999999,-29.));
#2478=CARTESIAN_POINT('Origin',(3.,-3.99999999999999,-29.));
#2479=CARTESIAN_POINT('',(80.,-3.99999999999999,-29.));
#2480=CARTESIAN_POINT('Origin',(83.,-3.99999999999999,-29.));
#2481=CARTESIAN_POINT('',(40.,-4.,-3.));
#2482=CARTESIAN_POINT('Origin',(43.,-4.,-3.));
#2483=CARTESIAN_POINT('',(2.45,-4.,-6.));
#2484=CARTESIAN_POINT('Origin',(6.,-4.,-6.));
#2485=CARTESIAN_POINT('Origin',(80.,-3.99999999999999,-53.9000000000001));
#2486=CARTESIAN_POINT('',(76.85,-2.99999999999999,-53.9000000000001));
#2487=CARTESIAN_POINT('',(76.85,-3.99999999999999,-53.9000000000001));
#2488=CARTESIAN_POINT('Origin',(80.,-2.99999999999999,-53.9000000000001));
#2489=CARTESIAN_POINT('Origin',(80.,-3.79999999999999,-6.));
#2490=CARTESIAN_POINT('',(76.85,-3.59999999999999,-6.));
#2491=CARTESIAN_POINT('',(76.65,-3.79999999999999,-6.));
#2492=CARTESIAN_POINT('Origin',(80.,-3.59999999999999,-6.));
#2493=CARTESIAN_POINT('Origin',(80.,-3.99999999999999,-6.));
#2494=CARTESIAN_POINT('',(76.85,-2.99999999999999,-6.));
#2495=CARTESIAN_POINT('',(76.85,-3.99999999999999,-6.));
#2496=CARTESIAN_POINT('Origin',(80.,-2.99999999999999,-6.));
#2497=CARTESIAN_POINT('Origin',(6.,-3.79999999999999,-6.));
#2498=CARTESIAN_POINT('',(2.85,-3.59999999999999,-6.));
#2499=CARTESIAN_POINT('',(2.65,-3.79999999999999,-6.));
#2500=CARTESIAN_POINT('Origin',(6.,-3.59999999999999,-6.));
#2501=CARTESIAN_POINT('Origin',(6.,-3.99999999999999,-6.));
#2502=CARTESIAN_POINT('',(2.85,-2.99999999999999,-6.));
#2503=CARTESIAN_POINT('',(2.85,-3.99999999999999,-6.));
#2504=CARTESIAN_POINT('Origin',(6.,-2.99999999999999,-6.));
#2505=CARTESIAN_POINT('Origin',(6.,-3.79999999999999,-53.9000000000001));
#2506=CARTESIAN_POINT('',(2.85,-3.6,-53.9000000000001));
#2507=CARTESIAN_POINT('',(2.65,-3.79999999999999,-53.9000000000001));
#2508=CARTESIAN_POINT('Origin',(6.,-3.6,-53.9000000000001));
#2509=CARTESIAN_POINT('Origin',(6.,-3.99999999999999,-53.9000000000001));
#2510=CARTESIAN_POINT('',(2.85,-2.99999999999999,-53.9000000000001));
#2511=CARTESIAN_POINT('',(2.85,-3.99999999999999,-53.9000000000001));
#2512=CARTESIAN_POINT('Origin',(6.,-2.99999999999999,-53.9000000000001));
#2513=CARTESIAN_POINT('Origin',(6.,-2.99999999999999,-53.9000000000001));
#2514=CARTESIAN_POINT('Origin',(80.,-2.99999999999999,-53.9000000000001));
#2515=CARTESIAN_POINT('Origin',(6.,-2.99999999999999,-6.));
#2516=CARTESIAN_POINT('Origin',(80.,-2.99999999999999,-6.));
#2517=CARTESIAN_POINT('Origin',(-0.350000000000019,-1.59999999999999,-57.2500000000001));
#2518=CARTESIAN_POINT('',(86.35,-0.599999999999993,-57.2500000000001));
#2519=CARTESIAN_POINT('',(-0.350000000000019,-0.599999999999993,-57.2500000000001));
#2520=CARTESIAN_POINT('',(6.87291527591811,-0.599999999999993,-57.2500000000001));
#2521=CARTESIAN_POINT('',(86.35,6.93889390390723E-15,-57.2500000000001));
#2522=CARTESIAN_POINT('',(86.35,-1.59999999999999,-57.2500000000001));
#2523=CARTESIAN_POINT('',(-0.350000000000019,6.93889390390723E-15,-57.2500000000001));
#2524=CARTESIAN_POINT('',(86.35,6.93889390390723E-15,-57.2500000000001));
#2525=CARTESIAN_POINT('',(-0.350000000000019,-1.59999999999999,-57.2500000000001));
#2526=CARTESIAN_POINT('Origin',(43.,6.93889390390723E-15,-59.3500000000001));
#2527=CARTESIAN_POINT('',(86.35,6.93889390390723E-15,-58.0449747468306));
#2528=CARTESIAN_POINT('',(84.1449747468306,6.93889390390723E-15,-60.2500000000001));
#2529=CARTESIAN_POINT('',(86.35,6.93889390390723E-15,-58.0449747468306));
#2530=CARTESIAN_POINT('',(1.85502525316942,6.93889390390723E-15,-60.2500000000001));
#2531=CARTESIAN_POINT('',(84.1449747468306,6.93889390390723E-15,-60.2500000000001));
#2532=CARTESIAN_POINT('',(-0.350000000000001,6.93889390390723E-15,-58.0449747468306));
#2533=CARTESIAN_POINT('',(1.85502525316942,6.93889390390723E-15,-60.2500000000001));
#2534=CARTESIAN_POINT('',(-0.350000000000001,6.93889390390723E-15,-58.6449747468306));
#2535=CARTESIAN_POINT('',(86.35,6.93889390390723E-15,-11.4971786023448));
#2536=CARTESIAN_POINT('Origin',(86.35,-2.99999999999999,-1.58578643762691));
#2537=CARTESIAN_POINT('',(86.35,-0.599999999999994,-10.7969710641351));
#2538=CARTESIAN_POINT('',(86.35,-0.599999999999994,-13.7928932188135));
#2539=CARTESIAN_POINT('',(86.35,-0.999999999999997,-11.0770540794189));
#2540=CARTESIAN_POINT('',(86.35,7.15870846956118,-5.3642649069768));
#2541=CARTESIAN_POINT('',(86.35,-0.999999999999985,-58.0449747468306));
#2542=CARTESIAN_POINT('',(86.35,-0.999999999999996,-13.7928932188135));
#2543=CARTESIAN_POINT('',(86.35,-2.99999999999999,-58.0449747468306));
#2544=CARTESIAN_POINT('Origin',(25.2918304900291,3.00387513695485,1.85));
#2545=CARTESIAN_POINT('',(25.2918304900291,1.42387513704,1.7));
#2546=CARTESIAN_POINT('',(25.2918304900291,1.12387513704,2.));
#2547=CARTESIAN_POINT('',(25.2918304900291,1.42387513704,1.7));
#2548=CARTESIAN_POINT('',(27.171830489944,3.00387513695485,2.));
#2549=CARTESIAN_POINT('Origin',(25.2918304900291,3.00387513695485,2.));
#2550=CARTESIAN_POINT('',(26.871830489944,3.00387513695485,1.7));
#2551=CARTESIAN_POINT('',(27.171830489944,3.00387513695485,2.));
#2552=CARTESIAN_POINT('Origin',(25.2918304900291,3.00387513695485,1.7));
#2553=CARTESIAN_POINT('Origin',(49.9101288073451,1.27387513703981,1.85));
#2554=CARTESIAN_POINT('',(24.6918304900988,1.42387513704,1.7));
#2555=CARTESIAN_POINT('',(24.6918304900988,1.12387513704,2.));
#2556=CARTESIAN_POINT('',(24.6918304900988,1.42387513704,1.7));
#2557=CARTESIAN_POINT('',(49.9101288073451,1.12387513703981,2.));
#2558=CARTESIAN_POINT('',(49.9101288073451,1.42387513703981,1.7));
#2559=CARTESIAN_POINT('Origin',(24.6918304900988,3.0038751368945,1.85));
#2560=CARTESIAN_POINT('',(23.1118304902443,3.00387513689432,1.7));
#2561=CARTESIAN_POINT('',(22.8118304902443,3.00387513689429,2.));
#2562=CARTESIAN_POINT('',(23.1118304902443,3.00387513689432,1.7));
#2563=CARTESIAN_POINT('Origin',(24.6918304900988,3.0038751368945,2.));
#2564=CARTESIAN_POINT('Origin',(24.6918304900988,3.0038751368945,1.7));
#2565=CARTESIAN_POINT('Origin',(22.9618304902445,1.50193756851713,1.85));
#2566=CARTESIAN_POINT('',(23.1118304902436,9.38387513383073,1.70000000000001));
#2567=CARTESIAN_POINT('',(22.8118304902436,9.3838751338307,2.00000000000001));
#2568=CARTESIAN_POINT('',(23.1118304902436,9.38387513383073,1.70000000000001));
#2569=CARTESIAN_POINT('',(22.8118304902445,1.50193756851711,2.));
#2570=CARTESIAN_POINT('',(23.1118304902445,1.50193756851714,1.7));
#2571=CARTESIAN_POINT('Origin',(24.6918304904477,9.3838751338309,1.85));
#2572=CARTESIAN_POINT('',(24.6918304904477,10.963875134035,1.7));
#2573=CARTESIAN_POINT('',(24.6918304904477,11.263875134035,2.00000000000001));
#2574=CARTESIAN_POINT('',(24.6918304904477,10.963875134035,1.7));
#2575=CARTESIAN_POINT('Origin',(24.6918304904477,9.3838751338309,2.00000000000001));
#2576=CARTESIAN_POINT('Origin',(24.6918304904477,9.3838751338309,1.69999999999999));
#2577=CARTESIAN_POINT('Origin',(49.6101288074951,11.113875134035,1.85));
#2578=CARTESIAN_POINT('',(25.2918304898606,10.963875134035,1.70000000000001));
#2579=CARTESIAN_POINT('',(25.2918304898606,11.263875134035,2.00000000000001));
#2580=CARTESIAN_POINT('',(25.2918304898606,10.963875134035,1.70000000000001));
#2581=CARTESIAN_POINT('',(49.6101288074951,11.263875134035,2.));
#2582=CARTESIAN_POINT('',(49.6101288074951,10.963875134035,1.7));
#2583=CARTESIAN_POINT('Origin',(25.2918304898606,9.38387513395162,1.85));
#2584=CARTESIAN_POINT('',(26.871830489944,9.38387513395162,1.69999999999999));
#2585=CARTESIAN_POINT('',(27.171830489944,9.38387513395161,2.00000000000001));
#2586=CARTESIAN_POINT('',(26.871830489944,9.38387513395162,1.69999999999999));
#2587=CARTESIAN_POINT('Origin',(25.2918304898606,9.38387513395162,2.00000000000001));
#2588=CARTESIAN_POINT('Origin',(25.2918304898606,9.38387513395162,1.69999999999999));
#2589=CARTESIAN_POINT('Origin',(27.021830489944,4.69193756701752,1.85));
#2590=CARTESIAN_POINT('',(27.171830489944,4.69193756701752,2.));
#2591=CARTESIAN_POINT('',(26.871830489944,4.69193756701752,1.7));
#2592=CARTESIAN_POINT('Origin',(23.1118304902443,3.00387513704003,2.));
#2593=CARTESIAN_POINT('',(23.1118304902443,3.00387513689432,0.3));
#2594=CARTESIAN_POINT('',(23.1118304902443,3.00387513689432,2.));
#2595=CARTESIAN_POINT('',(23.1118304902436,9.38387513383073,0.3));
#2596=CARTESIAN_POINT('',(23.1118304902445,1.30193756851693,0.3));
#2597=CARTESIAN_POINT('',(23.1118304902436,9.38387513383073,2.));
#2598=CARTESIAN_POINT('Origin',(24.6918304900988,3.0038751368945,2.));
#2599=CARTESIAN_POINT('',(24.6918304900988,1.42387513704,0.3));
#2600=CARTESIAN_POINT('',(24.6918304900988,1.42387513704,2.));
#2601=CARTESIAN_POINT('Origin',(24.6918304900988,3.0038751368945,0.3));
#2602=CARTESIAN_POINT('Origin',(24.991830489944,1.42387513704,2.));
#2603=CARTESIAN_POINT('',(25.2918304900291,1.42387513704,0.3));
#2604=CARTESIAN_POINT('',(25.2918304900291,1.42387513704,2.));
#2605=CARTESIAN_POINT('',(51.845915244972,1.4238751370398,0.3));
#2606=CARTESIAN_POINT('Origin',(25.2918304900291,3.00387513695485,2.));
#2607=CARTESIAN_POINT('',(26.871830489944,3.00387513695485,0.3));
#2608=CARTESIAN_POINT('',(26.871830489944,3.00387513695485,2.));
#2609=CARTESIAN_POINT('Origin',(25.2918304900291,3.00387513695485,0.3));
#2610=CARTESIAN_POINT('Origin',(74.8284271247462,-5.55111512312578E-16,
2.));
#2611=CARTESIAN_POINT('',(1.17157287525382,12.2,2.));
#2612=CARTESIAN_POINT('',(1.17157287525382,-3.,2.));
#2613=CARTESIAN_POINT('',(1.17157287525382,-5.55111512312578E-16,2.));
#2614=CARTESIAN_POINT('',(84.8284271247462,-3.,2.));
#2615=CARTESIAN_POINT('',(56.4142135623731,-3.,2.));
#2616=CARTESIAN_POINT('',(84.8284271247462,12.2,2.));
#2617=CARTESIAN_POINT('',(84.8284271247462,-5.55111512312578E-16,2.));
#2618=CARTESIAN_POINT('',(1.17157287525382,12.2,2.));
#2619=CARTESIAN_POINT('',(12.5418304902052,11.263875134035,2.00000000000001));
#2620=CARTESIAN_POINT('',(10.661830490244,9.38387513414965,2.00000000000001));
#2621=CARTESIAN_POINT('Origin',(12.5418304904481,9.3838751338309,2.00000000000001));
#2622=CARTESIAN_POINT('',(13.4418304898606,11.263875134035,2.00000000000001));
#2623=CARTESIAN_POINT('',(49.6101288074951,11.263875134035,2.));
#2624=CARTESIAN_POINT('',(15.321830489944,9.38387513395162,2.00000000000001));
#2625=CARTESIAN_POINT('Origin',(13.4418304898606,9.38387513395162,2.00000000000001));
#2626=CARTESIAN_POINT('',(15.321830489944,3.00387513695494,2.));
#2627=CARTESIAN_POINT('',(15.321830489944,4.69193756701751,2.));
#2628=CARTESIAN_POINT('',(13.4418304900291,1.12387513704009,2.));
#2629=CARTESIAN_POINT('Origin',(13.4418304900292,3.00387513695494,2.));
#2630=CARTESIAN_POINT('',(12.5418304902895,1.12387513704009,2.));
#2631=CARTESIAN_POINT('',(49.9101288073451,1.12387513703981,2.));
#2632=CARTESIAN_POINT('',(10.661830490244,3.00387513706762,2.));
#2633=CARTESIAN_POINT('Origin',(12.5418304900985,3.0038751368945,2.));
#2634=CARTESIAN_POINT('',(10.6618304902445,1.50193756851642,2.));
#2635=CARTESIAN_POINT('',(52.7,4.05500000000013,2.));
#2636=CARTESIAN_POINT('Origin',(54.9999999999999,4.05500000000013,2.));
#2637=CARTESIAN_POINT('',(31.7,4.05500000000013,2.));
#2638=CARTESIAN_POINT('Origin',(33.9999999999999,4.05500000000013,2.));
#2639=CARTESIAN_POINT('',(46.7,4.05500000000013,2.));
#2640=CARTESIAN_POINT('Origin',(48.9999999999999,4.05500000000013,2.));
#2641=CARTESIAN_POINT('Origin',(12.5418304904481,9.3838751338309,1.85));
#2642=CARTESIAN_POINT('',(12.541830490244,10.963875134035,1.69999999999999));
#2643=CARTESIAN_POINT('',(12.541830490244,10.963875134035,1.69999999999999));
#2644=CARTESIAN_POINT('',(10.961830490244,9.38387513409879,1.69999999999999));
#2645=CARTESIAN_POINT('',(10.661830490244,9.38387513414965,2.00000000000001));
#2646=CARTESIAN_POINT('Origin',(12.5418304904481,9.3838751338309,1.69999999999999));
#2647=CARTESIAN_POINT('Origin',(49.6101288074951,11.113875134035,1.85));
#2648=CARTESIAN_POINT('',(13.4418304898606,10.963875134035,1.70000000000001));
#2649=CARTESIAN_POINT('',(13.4418304898606,10.963875134035,1.70000000000001));
#2650=CARTESIAN_POINT('',(49.6101288074951,10.963875134035,1.7));
#2651=CARTESIAN_POINT('Origin',(13.4418304898606,9.38387513395162,1.85));
#2652=CARTESIAN_POINT('',(15.021830489944,9.38387513395162,1.69999999999999));
#2653=CARTESIAN_POINT('',(15.021830489944,9.38387513395162,1.69999999999999));
#2654=CARTESIAN_POINT('Origin',(13.4418304898606,9.38387513395162,1.69999999999999));
#2655=CARTESIAN_POINT('Origin',(15.171830489944,4.69193756701751,1.85));
#2656=CARTESIAN_POINT('',(15.021830489944,3.00387513695494,1.7));
#2657=CARTESIAN_POINT('',(15.021830489944,3.00387513695494,1.7));
#2658=CARTESIAN_POINT('',(15.021830489944,4.69193756701751,1.7));
#2659=CARTESIAN_POINT('Origin',(13.4418304900292,3.00387513695494,1.85));
#2660=CARTESIAN_POINT('',(13.4418304900291,1.42387513704009,1.7));
#2661=CARTESIAN_POINT('',(13.4418304900291,1.42387513704009,1.7));
#2662=CARTESIAN_POINT('Origin',(13.4418304900292,3.00387513695494,1.7));
#2663=CARTESIAN_POINT('Origin',(49.9101288073451,1.27387513703981,1.85));
#2664=CARTESIAN_POINT('',(12.5418304902895,1.42387513704,1.7));
#2665=CARTESIAN_POINT('',(12.5418304902895,1.42387513704,1.7));
#2666=CARTESIAN_POINT('',(49.9101288073451,1.42387513703981,1.7));
#2667=CARTESIAN_POINT('Origin',(12.5418304900985,3.0038751368945,1.85));
#2668=CARTESIAN_POINT('',(10.961830490244,3.00387513703999,1.7));
#2669=CARTESIAN_POINT('',(10.961830490244,3.00387513703999,1.7));
#2670=CARTESIAN_POINT('Origin',(12.5418304900985,3.0038751368945,1.7));
#2671=CARTESIAN_POINT('Origin',(10.8118304902445,1.50193756851643,1.85));
#2672=CARTESIAN_POINT('',(10.9618304902445,1.50193756851645,1.7));
#2673=CARTESIAN_POINT('Origin',(15.021830489944,9.38387513403505,2.));
#2674=CARTESIAN_POINT('',(15.021830489944,9.38387513395162,0.3));
#2675=CARTESIAN_POINT('',(15.021830489944,9.38387513395162,2.));
#2676=CARTESIAN_POINT('',(15.021830489944,3.00387513695494,0.3));
#2677=CARTESIAN_POINT('',(15.021830489944,4.49193756701751,0.3));
#2678=CARTESIAN_POINT('',(15.021830489944,3.00387513695494,2.));
#2679=CARTESIAN_POINT('Origin',(13.4418304898606,9.38387513395162,2.));
#2680=CARTESIAN_POINT('',(13.4418304898606,10.963875134035,0.3));
#2681=CARTESIAN_POINT('',(13.4418304898606,10.963875134035,2.));
#2682=CARTESIAN_POINT('Origin',(13.4418304898606,9.38387513395162,0.3));
#2683=CARTESIAN_POINT('Origin',(24.391830490244,10.963875134035,2.));
#2684=CARTESIAN_POINT('',(12.541830490244,10.963875134035,0.3));
#2685=CARTESIAN_POINT('',(12.541830490244,10.963875134035,2.));
#2686=CARTESIAN_POINT('',(51.695915245122,10.963875134035,0.3));
#2687=CARTESIAN_POINT('Origin',(12.5418304904481,9.3838751338309,2.));
#2688=CARTESIAN_POINT('',(10.961830490244,9.38387513409879,0.3));
#2689=CARTESIAN_POINT('',(10.961830490244,9.38387513409879,2.));
#2690=CARTESIAN_POINT('Origin',(12.5418304904481,9.3838751338309,0.3));
#2691=CARTESIAN_POINT('Origin',(12.5418304900985,3.0038751368945,2.));
#2692=CARTESIAN_POINT('',(12.5418304902895,1.42387513704,0.3));
#2693=CARTESIAN_POINT('',(12.5418304902895,1.42387513704,2.));
#2694=CARTESIAN_POINT('',(10.961830490244,3.00387513703999,0.3));
#2695=CARTESIAN_POINT('Origin',(12.5418304900985,3.0038751368945,0.3));
#2696=CARTESIAN_POINT('',(10.961830490244,3.00387513703999,2.));
#2697=CARTESIAN_POINT('Origin',(13.4418304900292,3.00387513695494,2.));
#2698=CARTESIAN_POINT('',(13.4418304900291,1.42387513704009,0.3));
#2699=CARTESIAN_POINT('Origin',(13.4418304900292,3.00387513695494,0.3));
#2700=CARTESIAN_POINT('',(13.4418304900291,1.42387513704009,2.));
#2701=CARTESIAN_POINT('Origin',(25.2918304898606,9.38387513395162,2.));
#2702=CARTESIAN_POINT('',(25.2918304898606,10.963875134035,0.3));
#2703=CARTESIAN_POINT('',(25.2918304898606,10.963875134035,2.));
#2704=CARTESIAN_POINT('',(26.871830489944,9.38387513395162,0.3));
#2705=CARTESIAN_POINT('Origin',(25.2918304898606,9.38387513395162,0.3));
#2706=CARTESIAN_POINT('',(26.871830489944,9.38387513395162,2.));
#2707=CARTESIAN_POINT('Origin',(24.6918304904477,9.3838751338309,2.));
#2708=CARTESIAN_POINT('',(24.6918304904477,10.963875134035,0.3));
#2709=CARTESIAN_POINT('Origin',(24.6918304904477,9.3838751338309,0.3));
#2710=CARTESIAN_POINT('',(24.6918304904477,10.963875134035,2.));
#2711=CARTESIAN_POINT('Origin',(10.9618304902443,3.00387513703999,2.));
#2712=CARTESIAN_POINT('',(10.9618304902445,1.30193756851623,0.3));
#2713=CARTESIAN_POINT('Origin',(26.871830489944,9.38387513403505,2.));
#2714=CARTESIAN_POINT('',(26.871830489944,4.49193756701752,0.3));
#2715=CARTESIAN_POINT('Origin',(48.9999999999999,4.05500000000013,1.7));
#2716=CARTESIAN_POINT('',(47.3,4.05500000000013,1.4));
#2717=CARTESIAN_POINT('',(47.,4.05500000000013,1.7));
#2718=CARTESIAN_POINT('Origin',(48.9999999999999,4.05500000000013,1.4));
#2719=CARTESIAN_POINT('Origin',(48.9999999999999,4.05500000000013,2.));
#2720=CARTESIAN_POINT('',(47.3,4.05500000000013,0.3));
#2721=CARTESIAN_POINT('',(47.3,4.05500000000013,2.));
#2722=CARTESIAN_POINT('Origin',(48.9999999999999,4.05500000000013,0.3));
#2723=CARTESIAN_POINT('Origin',(54.9999999999999,4.05500000000013,1.7));
#2724=CARTESIAN_POINT('',(53.3,4.05500000000013,1.4));
#2725=CARTESIAN_POINT('',(53.,4.05500000000013,1.7));
#2726=CARTESIAN_POINT('Origin',(54.9999999999999,4.05500000000013,1.4));
#2727=CARTESIAN_POINT('Origin',(54.9999999999999,4.05500000000013,2.));
#2728=CARTESIAN_POINT('',(53.3,4.05500000000013,0.3));
#2729=CARTESIAN_POINT('',(53.3,4.05500000000013,2.));
#2730=CARTESIAN_POINT('Origin',(54.9999999999999,4.05500000000013,0.3));
#2731=CARTESIAN_POINT('Origin',(33.9999999999999,4.05500000000013,1.7));
#2732=CARTESIAN_POINT('',(32.3,4.05500000000013,1.4));
#2733=CARTESIAN_POINT('',(32.,4.05500000000013,1.7));
#2734=CARTESIAN_POINT('Origin',(33.9999999999999,4.05500000000013,1.4));
#2735=CARTESIAN_POINT('Origin',(33.9999999999999,4.05500000000013,2.));
#2736=CARTESIAN_POINT('',(32.3,4.05500000000013,0.3));
#2737=CARTESIAN_POINT('',(32.3,4.05500000000013,2.));
#2738=CARTESIAN_POINT('Origin',(33.9999999999999,4.05500000000013,0.3));
#2739=CARTESIAN_POINT('Origin',(14.0958305518362,-0.599999999999993,-6.85134368197148));
#2740=CARTESIAN_POINT('',(-0.350000000000001,-0.599999999999994,-10.7969710641351));
#2741=CARTESIAN_POINT('',(-0.35,-0.599999999999994,-28.6327786221723));
#2742=CARTESIAN_POINT('',(-0.3,-0.599999999999994,-10.7969710641351));
#2743=CARTESIAN_POINT('',(18.,-0.599999999999994,-10.7969710641351));
#2744=CARTESIAN_POINT('',(-0.299999999999994,-0.599999999999999,-2.3));
#2745=CARTESIAN_POINT('',(-0.3,-0.599999999999993,-4.42567184098574));
#2746=CARTESIAN_POINT('',(2.3,-0.6,0.300000000000002));
#2747=CARTESIAN_POINT('',(3.31112171746619,-0.599999999999993,1.31112171746619));
#2748=CARTESIAN_POINT('',(83.7,-0.6,0.300000000000002));
#2749=CARTESIAN_POINT('',(44.0479152759181,-0.599999999999993,0.3));
#2750=CARTESIAN_POINT('',(86.3,-0.599999999999999,-2.30000000000001));
#2751=CARTESIAN_POINT('',(69.236793558452,-0.599999999999993,14.7632064415481));
#2752=CARTESIAN_POINT('',(86.3,-0.599999999999994,-10.7969710641351));
#2753=CARTESIAN_POINT('',(86.3,-0.599999999999993,-8.96419888069521));
#2754=CARTESIAN_POINT('',(28.,-0.599999999999994,-10.7969710641351));
#2755=CARTESIAN_POINT('',(86.,-0.599999999999993,-29.));
#2756=CARTESIAN_POINT('Origin',(83.,-0.599999999999993,-29.));
#2757=CARTESIAN_POINT('',(6.,-0.599999999999993,-29.));
#2758=CARTESIAN_POINT('Origin',(3.,-0.599999999999993,-29.));
#2759=CARTESIAN_POINT('',(46.,-0.599999999999993,-3.00000000000001));
#2760=CARTESIAN_POINT('Origin',(43.,-0.599999999999993,-3.));
#2761=CARTESIAN_POINT('Origin',(83.,6.66133814775094E-15,-29.));
#2762=CARTESIAN_POINT('',(86.,6.66133814775094E-15,-29.));
#2763=CARTESIAN_POINT('Origin',(83.,6.66133814775094E-15,-29.));
#2764=CARTESIAN_POINT('',(81.6,6.66133814775094E-15,-29.));
#2765=CARTESIAN_POINT('Origin',(83.,6.66133814775094E-15,-29.));
#2766=CARTESIAN_POINT('Origin',(3.,6.66133814775094E-15,-29.));
#2767=CARTESIAN_POINT('',(6.,6.66133814775094E-15,-29.));
#2768=CARTESIAN_POINT('Origin',(3.,6.66133814775094E-15,-29.));
#2769=CARTESIAN_POINT('',(1.6,6.66133814775094E-15,-29.));
#2770=CARTESIAN_POINT('Origin',(3.,6.66133814775094E-15,-29.));
#2771=CARTESIAN_POINT('Origin',(43.,6.66133814775094E-15,-3.));
#2772=CARTESIAN_POINT('',(46.,6.66133814775094E-15,-3.00000000000001));
#2773=CARTESIAN_POINT('Origin',(43.,6.66133814775094E-15,-3.));
#2774=CARTESIAN_POINT('',(41.6,6.66133814775094E-15,-3.));
#2775=CARTESIAN_POINT('Origin',(43.,6.66133814775094E-15,-3.));
#2776=CARTESIAN_POINT('Origin',(83.,-1.59999999999999,-29.));
#2777=CARTESIAN_POINT('',(86.,-1.59999999999999,-29.));
#2778=CARTESIAN_POINT('Origin',(3.,-1.59999999999999,-29.));
#2779=CARTESIAN_POINT('',(6.,-1.59999999999999,-29.));
#2780=CARTESIAN_POINT('Origin',(43.,-1.59999999999999,-3.));
#2781=CARTESIAN_POINT('',(46.,-1.59999999999999,-3.00000000000001));
#2782=CARTESIAN_POINT('Origin',(-0.349999999999999,-2.99999999999999,-50.4142135623732));
#2783=CARTESIAN_POINT('',(-0.350000000000001,-0.999999999999997,-11.0770540794189));
#2784=CARTESIAN_POINT('',(-0.35,-0.999999999999985,-58.0449747468307));
#2785=CARTESIAN_POINT('',(-0.349999999999999,-0.99999999999999,-38.2071067811866));
#2786=CARTESIAN_POINT('',(-0.350000000000001,-4.31221969386546,-13.3962952772702));
#2787=CARTESIAN_POINT('',(-0.35,-2.99999999999999,-58.0449747468307));
#2788=CARTESIAN_POINT('Origin',(2.04540584539816,-2.99999999999999,-60.4403805922288));
#2789=CARTESIAN_POINT('',(1.85502525316941,-0.999999999999985,-60.2500000000001));
#2790=CARTESIAN_POINT('',(1.85502525316941,-2.99999999999999,-60.2500000000001));
#2791=CARTESIAN_POINT('',(2.27395923599139,-0.999999999999984,-60.668933982822));
#2792=CARTESIAN_POINT('Origin',(74.4142135623731,-2.99999999999999,-60.2500000000001));
#2793=CARTESIAN_POINT('',(84.1449747468306,-0.999999999999985,-60.2500000000001));
#2794=CARTESIAN_POINT('',(84.1449747468306,-2.99999999999999,-60.2500000000001));
#2795=CARTESIAN_POINT('',(56.2071067811866,-0.999999999999985,-60.2500000000001));
#2796=CARTESIAN_POINT('Origin',(86.5403805922288,-2.99999999999999,-57.8545941546019));
#2797=CARTESIAN_POINT('',(82.5189339828221,-0.999999999999984,-61.8760407640086));
#2798=CARTESIAN_POINT('Origin',(24.391830490244,10.963875134035,2.));
#2799=CARTESIAN_POINT('',(51.545915245122,10.963875134035,0.3));
#2800=CARTESIAN_POINT('Origin',(24.991830489944,1.42387513704,2.));
#2801=CARTESIAN_POINT('',(51.995915244972,1.4238751370398,0.3));
#2802=CARTESIAN_POINT('Origin',(74.,-1.,0.3));
#2803=CARTESIAN_POINT('',(2.3,12.2,0.3));
#2804=CARTESIAN_POINT('',(2.3,-1.,0.3));
#2805=CARTESIAN_POINT('',(83.7,12.2,0.3));
#2806=CARTESIAN_POINT('',(56.,12.2,0.3));
#2807=CARTESIAN_POINT('',(83.7,-0.6,0.3));
#2808=CARTESIAN_POINT('Origin',(3.,-3.74999999999999,-29.));
#2809=CARTESIAN_POINT('',(0.5,-3.49999999999999,-29.));
#2810=CARTESIAN_POINT('Origin',(3.,-3.49999999999999,-29.));
#2811=CARTESIAN_POINT('',(0.25,-3.74999999999999,-29.));
#2812=CARTESIAN_POINT('Origin',(3.,-4.99999999999999,-29.));
#2813=CARTESIAN_POINT('',(0.5,-1.99999999999999,-29.));
#2814=CARTESIAN_POINT('',(0.5,-4.99999999999999,-29.));
#2815=CARTESIAN_POINT('Origin',(3.,-1.99999999999999,-29.));
#2816=CARTESIAN_POINT('Origin',(43.,-3.74999999999999,-3.));
#2817=CARTESIAN_POINT('',(40.5,-3.49999999999999,-3.));
#2818=CARTESIAN_POINT('Origin',(43.,-3.49999999999999,-3.));
#2819=CARTESIAN_POINT('',(40.25,-3.74999999999999,-3.));
#2820=CARTESIAN_POINT('Origin',(43.,-4.99999999999999,-3.));
#2821=CARTESIAN_POINT('',(40.5,-1.99999999999999,-3.));
#2822=CARTESIAN_POINT('',(40.5,-4.99999999999999,-3.));
#2823=CARTESIAN_POINT('Origin',(43.,-1.99999999999999,-3.));
#2824=CARTESIAN_POINT('Origin',(83.,-3.74999999999999,-29.));
#2825=CARTESIAN_POINT('',(80.5,-3.49999999999999,-29.));
#2826=CARTESIAN_POINT('Origin',(83.,-3.49999999999999,-29.));
#2827=CARTESIAN_POINT('',(80.25,-3.74999999999999,-29.));
#2828=CARTESIAN_POINT('Origin',(83.,-4.99999999999999,-29.));
#2829=CARTESIAN_POINT('',(80.5,-1.99999999999999,-29.));
#2830=CARTESIAN_POINT('',(80.5,-4.99999999999999,-29.));
#2831=CARTESIAN_POINT('Origin',(83.,-1.99999999999999,-29.));
#2832=CARTESIAN_POINT('Origin',(-2.,12.2,-1.83431457505077));
#2833=CARTESIAN_POINT('',(-2.,-0.999999999999998,-11.0770540794189));
#2834=CARTESIAN_POINT('',(18.,-0.999999999999998,-11.0770540794189));
#2835=CARTESIAN_POINT('',(-2.,12.2,-1.83431457505077));
#2836=CARTESIAN_POINT('',(-2.,8.26253193405329,-4.59135939628667));
#2837=CARTESIAN_POINT('',(0.16568542494923,12.2,-1.83431457505077));
#2838=CARTESIAN_POINT('',(18.,12.2,-1.83431457505078));
#2839=CARTESIAN_POINT('',(-0.3,11.5349322885899,-2.3));
#2840=CARTESIAN_POINT('',(-1.98162879732467,9.13331747361053,-3.98162879732468));
#2841=CARTESIAN_POINT('',(-0.3,7.73241018422615,-4.96255464168455));
#2842=CARTESIAN_POINT('Origin',(38.,-0.999999999999993,-26.));
#2843=CARTESIAN_POINT('',(88.,-0.999999999999997,-11.0770540794189));
#2844=CARTESIAN_POINT('',(23.,-0.999999999999998,-11.0770540794189));
#2845=CARTESIAN_POINT('',(88.,-0.99999999999999,-38.4142135623731));
#2846=CARTESIAN_POINT('',(-2.,-0.999999999999996,-13.5857864376269));
#2847=CARTESIAN_POINT('Origin',(3.73223304703363,-3.5,3.85355339059327));
#2848=CARTESIAN_POINT('',(3.37867965644036,-3.,4.20710678118654));
#2849=CARTESIAN_POINT('',(1.58578643762691,-4.,1.));
#2850=CARTESIAN_POINT('Origin',(56.4142135623731,-3.5,1.5));
#2851=CARTESIAN_POINT('',(84.4142135623731,-4.,1.));
#2852=CARTESIAN_POINT('Origin',(83.8535533905933,-3.5,2.26776695296634));
#2853=CARTESIAN_POINT('',(84.2071067811866,-3.,2.62132034355961));
#2854=CARTESIAN_POINT('Origin',(-2.,2.77555756156289E-16,-1.17157287525381));
#2855=CARTESIAN_POINT('',(-2.,12.2,-1.17157287525381));
#2856=CARTESIAN_POINT('',(-2.,2.77555756156289E-16,-1.17157287525381));
#2857=CARTESIAN_POINT('',(-2.,12.2,-50.8284271247463));
#2858=CARTESIAN_POINT('Origin',(1.17157287525382,-5.55111512312578E-16,
2.));
#2859=CARTESIAN_POINT('',(-2.,12.2,-1.17157287525381));
#2860=CARTESIAN_POINT('Origin',(8.,12.2,-1.83431457505077));
#2861=CARTESIAN_POINT('',(86.3,11.5349322885899,-2.30000000000001));
#2862=CARTESIAN_POINT('',(86.3,5.6,-6.45568432723486));
#2863=CARTESIAN_POINT('',(85.8343145750508,12.2,-1.83431457505077));
#2864=CARTESIAN_POINT('',(78.5747724997346,22.5677005447233,5.4252275002654));
#2865=CARTESIAN_POINT('',(88.,12.2,-1.83431457505077));
#2866=CARTESIAN_POINT('',(28.,12.2,-1.83431457505078));
#2867=CARTESIAN_POINT('',(88.,-3.40301294336906,-12.7596618567815));
#2868=CARTESIAN_POINT('Origin',(88.,1.26287869051112E-14,-50.8284271247463));
#2869=CARTESIAN_POINT('',(88.,12.2,-1.17157287525382));
#2870=CARTESIAN_POINT('',(88.,12.2,-1.17157287525382));
#2871=CARTESIAN_POINT('',(88.,2.77555756156289E-16,-1.17157287525382));
#2872=CARTESIAN_POINT('Origin',(86.,-1.,-2.00000000000001));
#2873=CARTESIAN_POINT('',(86.,12.2,-2.00000000000001));
#2874=CARTESIAN_POINT('',(86.3,-1.,-2.30000000000001));
#2875=CARTESIAN_POINT('Origin',(86.3,-1.,-11.0770540794189));
#2876=CARTESIAN_POINT('Origin',(38.,12.2,-4.53852703970947));
#2877=CARTESIAN_POINT('',(2.,12.2,0.));
#2878=CARTESIAN_POINT('',(84.8284271247462,12.2,2.));
#2879=CARTESIAN_POINT('Origin',(-0.3,-1.,-2.));
#2880=CARTESIAN_POINT('',(-0.3,-1.,-2.3));
#2881=CARTESIAN_POINT('Origin',(2.,-1.,0.));
#2882=CARTESIAN_POINT('Origin',(43.,6.93889390390723E-16,-3.));
#2883=CARTESIAN_POINT('',(41.6,-1.99999999999999,-3.));
#2884=CARTESIAN_POINT('Origin',(43.,-1.99999999999999,-3.));
#2885=CARTESIAN_POINT('',(41.6,6.93889390390723E-16,-3.));
#2886=CARTESIAN_POINT('Origin',(3.,7.21644966006352E-15,-29.));
#2887=CARTESIAN_POINT('',(1.6,-1.99999999999999,-29.));
#2888=CARTESIAN_POINT('Origin',(3.,-1.99999999999999,-29.));
#2889=CARTESIAN_POINT('',(1.6,7.21644966006352E-15,-29.));
#2890=CARTESIAN_POINT('Origin',(88.,2.77555756156289E-16,-1.17157287525382));
#2891=CARTESIAN_POINT('Origin',(83.,-1.99999999999999,-29.));
#2892=CARTESIAN_POINT('',(81.6,-1.99999999999999,-29.));
#2893=CARTESIAN_POINT('Origin',(83.,-1.99999999999999,-29.));
#2894=CARTESIAN_POINT('Origin',(43.,-1.99999999999999,-3.));
#2895=CARTESIAN_POINT('Origin',(83.,7.21644966006352E-15,-29.));
#2896=CARTESIAN_POINT('',(81.6,7.21644966006352E-15,-29.));
#2897=CARTESIAN_POINT('Origin',(3.,-1.99999999999999,-29.));
#2898=UNCERTAINTY_MEASURE_WITH_UNIT(LENGTH_MEASURE(0.01),#2902,
'DISTANCE_ACCURACY_VALUE',
'Maximum model space distance between geometric entities at asserted c
onnectivities');
#2899=UNCERTAINTY_MEASURE_WITH_UNIT(LENGTH_MEASURE(0.01),#2902,
'DISTANCE_ACCURACY_VALUE',
'Maximum model space distance between geometric entities at asserted c
onnectivities');
#2900=(
GEOMETRIC_REPRESENTATION_CONTEXT(3)
GLOBAL_UNCERTAINTY_ASSIGNED_CONTEXT((#2898))
GLOBAL_UNIT_ASSIGNED_CONTEXT((#2902,#2903,#2904))
REPRESENTATION_CONTEXT('','3D')
);
#2901=(
GEOMETRIC_REPRESENTATION_CONTEXT(3)
GLOBAL_UNCERTAINTY_ASSIGNED_CONTEXT((#2899))
GLOBAL_UNIT_ASSIGNED_CONTEXT((#2902,#2903,#2904))
REPRESENTATION_CONTEXT('','3D')
);
#2902=(
LENGTH_UNIT()
NAMED_UNIT(*)
SI_UNIT(.MILLI.,.METRE.)
);
#2903=(
NAMED_UNIT(*)
PLANE_ANGLE_UNIT()
SI_UNIT($,.RADIAN.)
);
#2904=(
NAMED_UNIT(*)
SI_UNIT($,.STERADIAN.)
SOLID_ANGLE_UNIT()
);
#2905=SHAPE_DEFINITION_REPRESENTATION(#2906,#2907);
#2906=PRODUCT_DEFINITION_SHAPE('',$,#2909);
#2907=SHAPE_REPRESENTATION('',(#1736),#2900);
#2908=PRODUCT_DEFINITION_CONTEXT('part definition',#2913,'design');
#2909=PRODUCT_DEFINITION('2026-05-20-07-32-56-239',
'USB 6 Port Smart Hub Case',#2910,#2908);
#2910=PRODUCT_DEFINITION_FORMATION('',$,#2915);
#2911=PRODUCT_RELATED_PRODUCT_CATEGORY('USB 6 Port Smart Hub Case',
'USB 6 Port Smart Hub Case',(#2915));
#2912=APPLICATION_PROTOCOL_DEFINITION('international standard',
'automotive_design',2009,#2913);
#2913=APPLICATION_CONTEXT(
'Core Data for Automotive Mechanical Design Process');
#2914=PRODUCT_CONTEXT('part definition',#2913,'mechanical');
#2915=PRODUCT('2026-05-20-07-32-56-239','USB 6 Port Smart Hub Case',$,(#2914));
#2916=PRESENTATION_STYLE_ASSIGNMENT((#2921));
#2917=PRESENTATION_STYLE_ASSIGNMENT((#2922));
#2918=PRESENTATION_STYLE_ASSIGNMENT((#2923));
#2919=PRESENTATION_STYLE_ASSIGNMENT((#2924));
#2920=PRESENTATION_STYLE_ASSIGNMENT((#2925));
#2921=SURFACE_STYLE_USAGE(.BOTH.,#2926);
#2922=SURFACE_STYLE_USAGE(.BOTH.,#2927);
#2923=SURFACE_STYLE_USAGE(.BOTH.,#2928);
#2924=SURFACE_STYLE_USAGE(.BOTH.,#2929);
#2925=SURFACE_STYLE_USAGE(.BOTH.,#2930);
#2926=SURFACE_SIDE_STYLE('',(#2931));
#2927=SURFACE_SIDE_STYLE('',(#2932));
#2928=SURFACE_SIDE_STYLE('',(#2933));
#2929=SURFACE_SIDE_STYLE('',(#2934));
#2930=SURFACE_SIDE_STYLE('',(#2935));
#2931=SURFACE_STYLE_FILL_AREA(#2936);
#2932=SURFACE_STYLE_FILL_AREA(#2937);
#2933=SURFACE_STYLE_FILL_AREA(#2938);
#2934=SURFACE_STYLE_FILL_AREA(#2939);
#2935=SURFACE_STYLE_FILL_AREA(#2940);
#2936=FILL_AREA_STYLE('Steel - Satin',(#2941));
#2937=FILL_AREA_STYLE('Plastic - Matte (Black)',(#2942));
#2938=FILL_AREA_STYLE('Plastic - Matte (Grey)',(#2943));
#2939=FILL_AREA_STYLE('Acrylic (Red)',(#2944));
#2940=FILL_AREA_STYLE('Phenolic (Amber)',(#2945));
#2941=FILL_AREA_STYLE_COLOUR('Steel - Satin',#2946);
#2942=FILL_AREA_STYLE_COLOUR('Plastic - Matte (Black)',#2947);
#2943=FILL_AREA_STYLE_COLOUR('Plastic - Matte (Grey)',#2948);
#2944=FILL_AREA_STYLE_COLOUR('Acrylic (Red)',#2949);
#2945=FILL_AREA_STYLE_COLOUR('Phenolic (Amber)',#2950);
#2946=COLOUR_RGB('Steel - Satin',0.627450980392157,0.627450980392157,0.627450980392157);
#2947=COLOUR_RGB('Plastic - Matte (Black)',0.0980392156862745,0.0980392156862745,
0.0980392156862745);
#2948=COLOUR_RGB('Plastic - Matte (Grey)',0.568627450980392,0.568627450980392,
0.568627450980392);
#2949=COLOUR_RGB('Acrylic (Red)',0.768627450980392,0.207843137254902,0.152941176470588);
#2950=COLOUR_RGB('Phenolic (Amber)',0.964705882352941,0.701960784313725,
0.152941176470588);
ENDSEC;
END-ISO-10303-21;
